study_id,content_id,outcome,estimate,std.error,statistic,p.value,conf.low,conf.high,df,n_obs
X033ad160abd7,Xaa302fc2c9b7,favorability,0.6742073589570416,2.165364240109638,0.3113597917932296,0.7556271036668443,-3.5777580898809545,4.926172807795038,649,105
X033ad160abd7,Xab5b00bb4063,favorability,6.608748398697793,2.1702101137956324,3.04521131695368,0.0024193550461831777,2.3472674664595363,10.87022933093605,649,117
X033ad160abd7,Xc1e324e2d086,favorability,4.444634004190267,2.185133128348149,2.034033508773073,0.04235437806166256,0.15384985307803678,8.735418155302497,649,112
X033ad160abd7,Xdb1635e19a5a,favorability,-0.35083009644103574,2.286554244941066,-0.15343178374938493,0.8781054752869843,-4.840767385647861,4.139107192765789,649,106
X0359e72b4036,X3743f26600b3,favorability,0.8433572104338295,2.8915509607452883,0.29166257896988845,0.770899342957572,-4.864512105703406,6.551226526571066,170.41894273186492,158
X0359e72b4036,X5cc2404c0663,favorability,4.40617913832199,2.763605851188694,1.5943587383949074,0.11292120009298182,-1.0536121539373955,9.865970430581376,152.86534377476627,153
X03cc29d0f06b,X029473d3c7df,favorability,1.2364548511890263,0.6375980331732544,1.939238810125132,0.05257768542585882,-0.01378214694674651,2.4866918493247994,2665,565
X03cc29d0f06b,Xa154386c442d,favorability,0.8988083632797184,0.6016719080901618,1.4938513020039985,0.13533287225322221,-0.2809827293770284,2.078599455936465,2665,561
X03cc29d0f06b,Xc0e105a8f255,favorability,2.1513126592821687,0.7481798085606196,2.875395238774161,0.00406723638426701,0.6842408848207038,3.6183844337436337,2665,580
X08b80ae785a7,X325118596747,favorability,4.677325581395354,3.2632652308551133,1.4333268216049042,0.15493189036082902,-1.798129208691389,11.152780371482097,98.47312742585588,89
X08b80ae785a7,X5eb8d4868044,favorability,0.5245478036176102,4.152761842475162,0.1263129992797673,0.8997194440023681,-7.70711443266614,8.75621003990136,107.80598216131746,95
X08b80ae785a7,Xa0831f61a548,favorability,8.890560875513007,3.3622819110774587,2.6442044750090528,0.00949273866017982,2.220844860015748,15.560276891010265,101.18376999394954,94
X0c2b064a71c5,X031f89e21d56,favorability,6.434322641656221,0.8996603976604123,7.151946065858658,5.1055272677082935e-9,4.6239007273403,8.244744555972144,46.476161608363356,542
X0c2b064a71c5,X22f692d2c703,favorability,5.907634803606734,0.9583857348977909,6.164151435576998,1.5082042057973946e-7,3.9797055417319784,7.835564065481489,47.08710955354146,546
X0ca4a39fd242,X2a6e762a5f51,favorability,0.6725944306588737,0.956329680707665,0.703308120857618,0.4932623772254322,-1.3762868042333456,2.7214756655510928,14.165201713159513,959
X0ca4a39fd242,X53cc3cde3a58,favorability,0.465839958197973,1.212254152257537,0.38427581982743153,0.7051877492357006,-2.077406189546988,3.009086105942934,18.36313576110595,952
X0ca4a39fd242,X7d85c9731540,favorability,-0.21981587986266027,0.7197086283271263,-0.30542343277667117,0.7646791227091754,-1.76806313256297,1.3284313728376493,13.567811519747245,885
X0ca4a39fd242,X80bea2f6d40a,favorability,1.3278120221039769,0.865398062494935,1.5343367169969233,0.1458289261272837,-0.5172268206804655,3.172850864888419,14.954721456701254,944
X0ca4a39fd242,Xa43bcb74de89,favorability,1.6101820884426454,1.1522378496714643,1.3974389826733726,0.1836614213097895,-0.8570720496416888,4.07743622652698,14.249305094067683,947
X0ca4a39fd242,Xffa9e5b5e054,favorability,0.5128905702675677,1.0967580295962138,0.4676424119332823,0.6454610659931601,-1.7856483238856675,2.8114294644208027,18.640753317014806,945
X17dfb74370ef,X7b926d77a44c,favorability,-1.8620772462772648,0.7655623849820958,-2.432299813581898,0.015028307104189372,-3.362812780458421,-0.36134171209610866,6964,784
X17dfb74370ef,X968253da79bd,favorability,-1.7540182534381512,0.751356096866944,-2.334469981347295,0.019599404473155856,-3.226905134392017,-0.28113137248428544,6964,796
X17dfb74370ef,Xa97c62bda78a,favorability,-0.8950045808566266,0.7489477625439731,-1.1950160286433569,0.23212146245153878,-2.3631703927407846,0.5731612310275315,6964,782
X17dfb74370ef,Xb71d39c4f827,favorability,0.8628298255544813,0.7563192837476594,1.1408274839682104,0.2539809510511703,-0.6197864139216758,2.3454460650306386,6964,798
X17dfb74370ef,Xd3509df8596f,favorability,-0.07430597056658328,0.7585516889461302,-0.09795768917187163,0.9219687100066184,-1.561298404424488,1.4126864632913212,6964,795
X17dfb74370ef,Xffb3dc1c217c,favorability,-1.3361775671292604,0.7404103916504827,-1.804644535243118,0.07117350641474172,-2.7876075308060324,0.1152523965475114,6964,792
X1ba0c452ca90,X491c60209953,favorability,5.077179132035847,1.4004646819784585,3.6253532112378846,3.0878577866399494e-4,2.327722455905741,7.826635808165953,724,157
X1ba0c452ca90,X65690938244d,favorability,3.5788533266743126,1.4880870603367748,2.4050026521058303,0.01642233145975065,0.6573723672789344,6.500334286069691,724,161
X1ba0c452ca90,Xce253e0bf4dc,favorability,3.314430269461108,1.456555890409316,2.275525636389894,0.02316581378295965,0.454852753100631,6.174007785821585,724,156
X1bd946eb3686,X1f20b4c872ea,favorability,0.9425565066474234,0.6550362618830441,1.438937905418915,0.150220620229042,-0.3415517089607666,2.2266647222556135,5961,734
X1bd946eb3686,X40515a282355,favorability,2.0459124998948828,0.6653840620764436,3.0747843486215563,0.002116081215403087,0.7415188497007998,3.350306150088966,5961,777
X1bd946eb3686,Xbf1734e955f0,favorability,1.3417265025311509,0.6357990460267715,2.110299647216921,0.03487410577408573,0.09533019443698865,2.588122810625313,5961,745
X1bd946eb3686,Xe2e9710a72fc,favorability,0.7321087353629523,0.6445242694072728,1.1358900977246758,0.2560482284012009,-0.5313921693434795,1.9956096400693841,5961,754
X1bd946eb3686,Xed7236d2618e,favorability,0.8731755287190619,0.6380173861452181,1.3685763862872538,0.1711833034975058,-0.37756952911136943,2.1239205865494934,5961,746
X1bd946eb3686,Xfd2f0c6f25f6,favorability,-0.10018783108574024,0.6225627914315016,-0.16092807418729835,0.8721555038371982,-1.320636288261227,1.1202606260897465,5961,732
X201e65ae9067,Xf451f63bed87,favorability,0.30637780637778467,2.713996753306661,0.11288805191255374,0.9102313025137398,-5.0449867014708065,5.657742314226375,202.20635465374338,226
X2381dc490ceb,X0584c15b82a3,favorability,0.49910179710089203,0.7336483854960139,0.6803010910512033,0.4963526817454563,-0.9392520493977532,1.9374556435995371,4054,885
X2381dc490ceb,X8cde1e9f6b85,favorability,1.2047988743137952,0.7259483836776545,1.6596205755156919,0.09706815153544672,-0.21845873882233002,2.6280564874499204,4054,877
X284250c935ca,X36db75f60f0a,favorability,0.18612797132277287,0.6714059374700699,0.2772212173519394,0.7816171667396126,-1.1299958050333156,1.5022517476788613,8283,737
X284250c935ca,X3b425a52abd1,favorability,1.5084859879729395,0.6861719108506285,2.198408247435997,0.02794758627332969,0.16341720597626508,2.853554769969614,8283,753
X284250c935ca,X89f18a4a5370,favorability,0.7928034474744965,0.6378698707802802,1.2428921380229048,0.21394276495592196,-0.45758123979606635,2.0431881347450593,8283,744
X284250c935ca,Xb643920fcd38,favorability,-0.3460530441905564,0.6480820303832187,-0.5339648809363393,0.5933801612017143,-1.6164561216946276,0.924350033313515,8283,746
X284250c935ca,Xbc10a65e7f64,favorability,0.5771981279510127,0.6418260729492187,0.8993061395881944,0.36851576061315283,-0.6809417063148709,1.8353379622168964,8283,756
X284250c935ca,Xd25172158c50,favorability,0.46505758205672887,0.6814858845224528,0.6824170428454511,0.4949943653835085,-0.8708254148240411,1.8009405789374988,8283,789
X284250c935ca,Xd3d6df25f558,favorability,0.31513829612198907,0.6752229074364192,0.4667174242035965,0.6407143368739101,-1.0084676972446889,1.638744289488667,8283,745
X284250c935ca,Xd6c5c1bfc52e,favorability,0.7743183725772051,0.6918049707406919,1.1192726351014346,0.2630563024316192,-0.5817926174804917,2.130429362634902,8283,750
X284250c935ca,Xf03b398e0e48,favorability,0.7325858498781257,0.6582859636253556,1.1128687080665989,0.26579711669871187,-0.5578194921321713,2.0229911918884227,8283,756
X29e0b3e3d212,X8794e2426b14,favorability,-0.2960513514155067,0.6177486460536821,-0.4792424124386992,0.6317996650792305,-1.5072848276330313,0.9151821248020178,3130,625
X29e0b3e3d212,X963d143ad76a,favorability,-0.47800253399432524,0.6270447159272151,-0.7623101221537284,0.44593237417134757,-1.707463020663447,0.7514579526747964,3130,630
X29e0b3e3d212,Xf7891c4c5461,favorability,0.6417785560786589,0.623691386570404,1.029000191276833,0.3035590936096465,-0.5811069833207287,1.8646640954780465,3130,624
X2ac92f4fab06,X051f3b1b6b15,favorability,1.6519757956851058,0.6142114031281294,2.6895882871462913,0.007180027992298612,0.44782443906845026,2.8561271523017613,4567,632
X2ac92f4fab06,X055e8e978256,favorability,1.4389390502180353,0.6942817490447223,2.0725577940049607,0.03826942430177382,0.07781109699443456,2.8000670034416357,4567,631
X2ac92f4fab06,X07cdea74e0b9,favorability,0.546100427977787,0.6294644634531474,0.86756355550552,0.3856788863703756,-0.6879543026065031,1.7801551585620772,4567,630
X2ac92f4fab06,X5a11255c5b41,favorability,0.24737557499370216,0.6070712688141364,0.4074901707618776,0.6836671109669121,-0.9427776657025522,1.4375288156899564,4567,647
X2ac92f4fab06,Xacaed760e9cc,favorability,0.5585455396013724,0.6134173095301964,0.9105474053693576,0.3625819472422873,-0.6440490095734775,1.7611400887762225,4567,635
X2c27b3c82c5e,X446cad8eade9,favorability,1.7346599063685453,1.3621629387420846,1.273459919538297,0.2031241626480378,-0.9380739080165861,4.407393720753676,1099,323
X2c27b3c82c5e,Xe0f72c5e254a,favorability,0.6859470450795565,1.2165989322125519,0.563823481113918,0.5729892999130702,-1.7011720081462824,3.0730660983053957,1099,324
X2fe2886d447c,X10b72d85a87b,favorability,0.26200161382442416,1.3093832014595765,0.2000954445821281,0.8414163874007544,-2.305140443672821,2.8291436713216696,3893,386
X2fe2886d447c,X23380411a8a8,favorability,1.1406601887944803,1.2445708947137417,0.9165088092927309,0.35945685931054083,-1.299412575080258,3.5807329526692184,3893,398
X2fe2886d447c,X33defd73178b,favorability,-0.8799042108345425,1.233878596873914,-0.7131205720431643,0.4758138936649925,-3.2990139384909214,1.5392055168218364,3893,388
X2fe2886d447c,X706b7ec45580,favorability,1.7436006146192993,1.2136031194636006,1.4367140184922662,0.15087962751678372,-0.6357575485311115,4.1229587777697105,3893,389
X2fe2886d447c,X824a6af69ba7,favorability,2.074275770732267,1.2739667066730487,1.6282024952984975,0.10356287331500383,-0.42342964423414386,4.571981185698678,3893,391
X2fe2886d447c,Xa78156dd2d0a,favorability,-0.4528403741690843,1.3347386932744347,-0.3392726804511511,0.7344226212597983,-3.069693737992768,2.164012989654599,3893,400
X2fe2886d447c,Xc01cb412bd39,favorability,-0.2219356980816857,1.2433893309686535,-0.1784925224577794,0.8583454807259177,-2.659691919342887,2.215820523179516,3893,389
X2fe2886d447c,Xfd0b41a8a119,favorability,-0.24737724362035307,1.176391570341193,-0.21028478089876604,0.8334564175339623,-2.5537794282075192,2.0590249409668133,3893,393
X3051b9505c0c,X83c51f55ecd2,favorability,0.4968904774290578,1.8829853218845278,0.2638844135714028,0.7919374586717138,-3.1993272607516348,4.19310821560975,794,177
X3051b9505c0c,X939298573905,favorability,-1.6856666392013626,1.84835571540823,-0.9119817279484346,0.36205513947638757,-5.313907976166242,1.942574697763517,794,168
X3051b9505c0c,Xf20edc548acf,favorability,-0.10618460980311396,1.9372532717338609,-0.05481193984928862,0.9563020765644521,-3.9089279573534297,3.6965587377472016,794,161
X371271f59848,X0a4cf7b11152,favorability,1.4586689869031486,0.8807771116821101,1.6561159089583735,0.097756730289029,-0.26801132226488944,3.1853492960711867,5374,668
X371271f59848,X0db56e2f9135,favorability,1.4031143739297827,0.8882993978544683,1.5795511933462523,0.1142685372247714,-0.3383126665525289,3.1445414144120942,5374,672
X371271f59848,X2e9c3090719f,favorability,1.3565103894661008,0.8386949738494398,1.6174061270928968,0.10584933386536877,-0.2876718645190586,3.00069264345126,5374,675
X371271f59848,X62da557f1d63,favorability,3.815166189845467,0.8489810322696298,4.493817935656541,7.142540637655414e-6,2.150819090183091,5.4795132895078424,5374,682
X371271f59848,Xd040d7558b57,favorability,1.8173863089300537,0.8621152346410833,2.108054974445116,0.03507241471285699,0.1272908464746152,3.507481771385492,5374,671
X371271f59848,Xf87c88acc3dc,favorability,2.504639789167711,0.8510229129263277,2.9430932482831227,0.003263406014174597,0.8362897754004737,4.172989802934948,5374,669
X37ed37edc29e,X6a72c4caec1f,favorability,2.0762707855172264,0.7075406479915449,2.934489758872536,0.0033507211353390152,0.6893010161411992,3.463240554893254,7787,984
X37ed37edc29e,X7d2c57138af6,favorability,1.5800437663916853,0.719602582419262,2.1957171986232598,0.028141584839519975,0.16942936478296766,2.9906581680004027,7787,974
X37ed37edc29e,X7efb741b6efe,favorability,0.9104138677218159,0.7064539085513605,1.2887095063125793,0.19753738109272198,-0.47442560037045745,2.295253335814089,7787,985
X37ed37edc29e,Xb2bedaf5603d,favorability,1.0565758777072838,0.706259374857307,1.496016782673865,0.1346898075420826,-0.32788225207807664,2.441034007492644,7787,977
X37ed37edc29e,Xc68c41f26c4e,favorability,1.999262765890578,0.7090997830699515,2.819437847287219,0.004822934478189857,0.60923667285843,3.389288858922726,7787,951
X37ed37edc29e,Xe8fa1978184e,favorability,0.4181832995856805,0.7208713645333665,0.580108074977258,0.5618585232573625,-0.994918255858203,1.831284855029564,7787,965
X39f5116e55a1,X0d8f4f9a5869,favorability,1.6890660169533487,0.7207533176485734,2.343473107364741,0.019155953819715715,0.27596948750110784,3.1021625464055895,3835,640
X39f5116e55a1,Xaab684527f66,favorability,1.1428571390196771,0.6918570444890355,1.651868905755991,0.09864314545330968,-0.21358585542135677,2.499300133460711,3835,643
X39f5116e55a1,Xbf5c459a23ec,favorability,1.3203065729916008,0.7716774359284638,1.7109565623142,0.087170000819499,-0.19263090487485912,2.8332440508580605,3835,642
X39f5116e55a1,Xe30dc16ebbc6,favorability,1.043612047884862,0.7379944478621316,1.414119104700669,0.15740810920204942,-0.4032871442427275,2.4905112400124514,3835,636
X3bab95a16d3f,X0444af5aa348,favorability,0.36911098648829643,0.6926440322407985,0.5329014173329001,0.5941110580885871,-0.9885745127292325,1.7267964857058253,12824,898
X3bab95a16d3f,X110f9885e8b2,favorability,1.0111673120552833,0.6793975476821562,1.4883293522400813,0.13668864664927213,-0.32055310385286506,2.342887727963432,12824,887
X3bab95a16d3f,X2a69ffa01534,favorability,1.69971576439618,0.6798728200736678,2.5000495889981407,0.01242998077697262,0.36706374379052753,3.0323677850018322,12824,896
X3bab95a16d3f,X33d4582911e7,favorability,2.073857847357352,0.7002220568656984,2.9617145404420118,0.0030649208780164465,0.7013182908361677,3.4463974038785365,12824,907
X3bab95a16d3f,X3bc372fc90a0,favorability,0.7882594859346563,0.6789617139084024,1.1609778133101023,0.24567253245642132,-0.5426066308426956,2.1191256027120082,12824,900
X3bab95a16d3f,X42130beb4d54,favorability,1.9065070092807064,0.695492976727156,2.741231145499597,0.006129422614061038,0.5432371544098271,3.2697768641515856,12824,901
X3bab95a16d3f,X91382a3ba0d7,favorability,0.18986375082862614,0.6915331307888055,0.27455481505572377,0.7836627075252388,-1.165644216031407,1.5453717176886592,12824,892
X3bab95a16d3f,Xb786c51fb2c8,favorability,0.11571489920377227,0.6961989353925959,0.16620953196160676,0.8679946786254189,-1.2489387398311227,1.480368538238667,12824,888
X3bab95a16d3f,Xc1c4c926f6c9,favorability,0.8521245726036867,0.6799411684829968,1.2532327973386945,0.21014384605811617,-0.48066142106738063,2.184910566274754,12824,908
X3bab95a16d3f,Xd428a51413e2,favorability,2.0025594175287273,0.6696753671690813,2.9903435540628394,0.0027919290288687323,0.6898959239197207,3.315222911137734,12824,917
X3bab95a16d3f,Xe771430b3e08,favorability,1.372748729642689,0.6908468725006253,1.9870521012475837,0.04693786393830946,0.018585931272111944,2.7269115280132663,12824,896
X3c2f80c20258,X412d6c0a63fd,favorability,-3.8193021120294004,1.948531101315519,-1.9600929692376277,0.05129288825931718,-7.660241996643461,0.021637772584660375,212.36377904288648,400
X3f0cfe830de9,X2eb34ccf6b81,favorability,6.8547424551849225,1.023870474230639,6.694931270809173,1.1757689653573716e-9,4.824026403608871,8.885458506760974,102.53077653887878,246
X3f0cfe830de9,X4fe2d8492dc6,favorability,6.916882338844969,1.1269700144931218,6.137592171834298,1.5774874107785667e-8,4.6818203253941135,9.151944352295825,103.06676926597477,236
X3f0cfe830de9,Xaa755e907cd0,favorability,8.538428238428137,1.1994769102508727,7.118459859841996,2.428327868590692e-10,6.1558886350313164,10.920967841824957,91.21007535368379,253
X3f0cfe830de9,Xbc068834c6d9,favorability,8.586858974358936,0.995319306234984,8.627240444918762,3.689214792636545e-14,6.615612422023964,10.55810552669391,116.61035802952829,255
X3f36c1eb8e50,X0de918a86b92,favorability,1.471049396014386,0.6792745761915934,2.1656182162181614,0.030384976253636755,0.1393906018154083,2.8027081902133637,5283,767
X3f36c1eb8e50,X6d7c9df159a5,favorability,0.9589337215680402,0.6899876705369178,1.3897838505169817,0.1646530829297922,-0.3937271633878432,2.311594606523924,5283,756
X3f36c1eb8e50,X99545b67b825,favorability,1.1198176954973438,0.6465299622950073,1.7320430000216736,0.08332427527335894,-0.1476481278672006,2.387283518861888,5283,770
X3f36c1eb8e50,Xe44231a8a480,favorability,0.08046213932936386,0.6681465513032274,0.12042588436986099,0.9041503672918227,-1.2293811288304384,1.390305407489166,5283,761
X3f36c1eb8e50,Xf5b2b5e33cf8,favorability,0.7379600165374387,0.6674001626851461,1.105723459173893,0.2688965831076825,-0.5704200215796162,2.0463400546544936,5283,742
X4035b3649f55,X70a3c329472e,favorability,1.9099842989827602,0.6354213749675315,3.0058546568099884,0.002658106524680313,0.6643576672806375,3.155610930684883,6742,1017
X4035b3649f55,X81ee68ff4ee2,favorability,1.8422585079246125,0.6569320866717584,2.8043363161907973,0.0050564543494258755,0.5544640858062155,3.1300529300430098,6742,1019
X4035b3649f55,Xb9a423a4ac5a,favorability,1.107331442791969,0.6559025465448358,1.6882560505751514,0.09140833614724977,-0.17844475543434335,2.393107641018281,6742,1016
X4035b3649f55,Xdf0b586196b8,favorability,1.701450203116167,0.6579171241596269,2.5861163065020834,0.009727188461314316,0.411724796337116,2.991175609895218,6742,1006
X43915f01925b,X43e31934e628,favorability,2.2322206428538656,1.9235820128856809,1.1604499459345523,0.24776549209669776,-1.569540145060766,6.033981430768497,145.55177672459334,247
X43915f01925b,Xa48879ab0952,favorability,0.9150348787654925,1.8768491773667841,0.4875377786345543,0.6266101008190104,-2.7943338709033165,4.624403628434302,145.68964470729412,245
X43915f01925b,Xa4fc595f777d,favorability,3.3738715297418365,2.0077849865311155,1.68039483927556,0.09537147571675009,-0.5996840505544618,7.347427110038135,125.32299476006594,243
X467e42562cc3,X27b4a270e874,favorability,0.8538930890232723,0.931585852812259,0.9166016062240009,0.35942044873522927,-0.9726718574919244,2.680458035538469,3203,461
X467e42562cc3,X9935ef672e9f,favorability,-0.09502549932408402,0.945937972712904,-0.10045637458823597,0.9199883027523289,-1.9497307176559509,1.7596797190077829,3203,471
X467e42562cc3,Xad681b6b1939,favorability,0.5423961291809282,0.9008003026421693,0.6021269393338422,0.5471322637280109,-1.2238074382620994,2.3085996966239555,3203,454
X467e42562cc3,Xb8b43893a78d,favorability,1.4555126820301436,0.9481743359724815,1.535068633277569,0.12486573703018945,-0.40357738470328197,3.314602748763569,3203,464
X467e42562cc3,Xca4233d90edd,favorability,0.9693992559936329,0.9500419551892583,1.020375206272357,0.3076276100774903,-0.8933526608897329,2.8321511728769986,3203,462
X48c00dcea613,X05d6966964d6,favorability,-3.1445381734302975,4.127061594557464,-0.7619314859698574,0.44684589698017907,-11.27425609523608,4.985179748375484,241,53
X48c00dcea613,X7541a65175c3,favorability,-2.330165693816051,4.264422186927118,-0.546420028710885,0.5852827555042711,-10.730464231867074,6.070132844234973,241,55
X48c00dcea613,X96efd7e48df3,favorability,-1.5734862925710595,4.464903568822901,-0.3524121558992333,0.7248371772234539,-10.368704326259344,7.221731741117225,241,41
X493ad50c4528,X25e76cbdfd98,favorability,1.01604253130381,0.7511587985378245,1.352633468823899,0.17625116959326406,-0.45665871079820075,2.4887437734058206,3900,655
X493ad50c4528,X7681baac932d,favorability,0.016987937961362016,0.7327210704121393,0.023184726968212718,0.9815041075446657,-1.4195648024322334,1.4535406783549574,3900,651
X493ad50c4528,X85b69da973a3,favorability,1.624097140316317,0.7875075136804748,2.062325897979028,0.039242803268939266,0.08013160890078952,3.1680626717318443,3900,664
X493ad50c4528,Xc142ee380243,favorability,1.1742201368299492,0.7401668966668776,1.5864261724182773,0.11272373641360971,-0.2769306853476494,2.625370959007548,3900,643
X495cbb4fe018,X05df5365013f,favorability,17.761437908496735,8.900633042677624,1.9955252422308007,0.051320095591364016,-0.10569722643220913,35.628573043425675,51.19250261842618,34
X495cbb4fe018,X3b9cca90c36e,favorability,1.9841269841269922,9.006560640764459,0.22029796536834104,0.8265728164151886,-16.124476746923612,20.092730715177595,48.03081520842234,29
X495cbb4fe018,X968edf32f1b4,favorability,8.769841269841272,8.934347415252256,0.9815872231328113,0.33071127124760524,-9.14531936675208,26.685001906434625,53.62456513740625,43
X495cbb4fe018,Xdbe1138cec23,favorability,6.984126984126995,9.33592774539198,0.748091370734335,0.45805251205814057,-11.786702719482765,25.754956687736755,48.03081520842234,30
X4a7bc869dba3,X68447f0be1db,favorability,-0.13804072638865608,1.6183354097606109,-0.08529797071490607,0.9320558297406338,-3.3169795245475484,3.0408980717702363,545,279
X4ac7e3ed36b6,X6042168b9a77,favorability,6.416572769519584,1.558812908075859,4.116320012669105,4.084781786789254e-5,3.358593512078208,9.47455202696096,1340,288
X4ac7e3ed36b6,X6f846751db99,favorability,7.5371641002401155,1.6993787291221174,4.43524681760242,9.949220674485933e-6,4.203431824051119,10.870896376429112,1340,294
X4ac7e3ed36b6,Xc17870115f64,favorability,5.648497894355605,1.5261202920275057,3.701214068028263,2.2327010153708326e-4,2.654652915780807,8.642342872930403,1340,295
X4d1542866d9e,X051da39bd0a4,favorability,5.549781318338154,1.0554767520521173,5.2580801117106155,1.0343314994458686e-6,3.451809192856356,7.647753443819953,86.71333488189349,924
X4d1542866d9e,X08d2ba9b042e,favorability,5.386030603643877,1.14088620186071,4.72091834826262,8.925931829466555e-6,3.1183662205519203,7.653694986735834,86.91975101879245,915
X4d1542866d9e,X2358ae1f1e40,favorability,3.6587831008693903,1.0851563772005164,3.371664377357584,0.0011761845283477003,1.4975915977330825,5.819974604005698,76.18469433302036,916
X4d1542866d9e,X2cadfa365469,favorability,3.493990533780101,1.65705876712121,2.1085495596816837,0.03817836940486394,0.19528065182113385,6.792700415739068,78.36303336403121,906
X4d1542866d9e,X370f9475fe80,favorability,3.06672969659293,1.163329328885683,2.636166406575905,0.010017910155815822,0.7526616380944229,5.380797755091438,82.39134850359672,910
X4d1542866d9e,X5007dca20851,favorability,2.4439016258910353,1.3253420611812265,1.843978017050843,0.06921534124170174,-0.19718380823115078,5.084987060013221,73.5246238463298,924
X4d1542866d9e,X55a07e4583dd,favorability,4.761249511162263,1.1015594524541135,4.322281017656283,4.3146469489710926e-5,2.569855293686763,6.952643728637764,81.89626802666254,921
X4d1542866d9e,X84fce520d96a,favorability,4.854548641127925,1.1500124675809695,4.22130087975427,6.125428303151297e-5,2.5675708899691037,7.141526392286747,83.86987673628067,926
X4d1542866d9e,Xa6acd45d2c74,favorability,3.7857997303056616,1.041424214946204,3.635213850391621,5.269939368951902e-4,1.7086577831519438,5.862941677459379,69.8339284417011,885
X4e7bf05595bf,X0b8d1e51b436,favorability,0.11725055534581584,0.8836928851418124,0.13268247070587177,0.8944515782417917,-1.6153111749363345,1.8498122856279662,3775,517
X4e7bf05595bf,X18c7d39425b3,favorability,-0.3296287286541756,0.875871795905262,-0.3763435815552047,0.7066826329940727,-2.046856489264052,1.3875990319557006,3775,545
X4e7bf05595bf,X3423e4fc56cf,favorability,2.3180061864656865,0.9108759639278283,2.544809917335078,0.010973200875331815,0.5321495131012028,4.10386285983017,3775,526
X4e7bf05595bf,Xc7b0c0c902d2,favorability,0.2681956052896115,0.9065363223113971,0.29584650795435613,0.7673635759444559,-1.5091527988399536,2.0455440094191766,3775,535
X4e7bf05595bf,Xe889f073f1a9,favorability,0.09119128675245657,0.9095501983195187,0.1002597623758878,0.9201434254313063,-1.6920661003725401,1.874448673877453,3775,517
X4f0673c63216,X1c256360162b,favorability,0.6543435433425251,1.005942058805013,0.6504783626602095,0.5154515381549923,-1.318357418504548,2.6270445051895983,2189,462
X4f0673c63216,X4d77de856633,favorability,1.533185026103825,0.9899940496195079,1.5486810518639842,0.12160296495982698,-0.40824111948080355,3.474611171688453,2189,454
X4f0673c63216,Xd7bba4ed892b,favorability,3.1333675658386513,0.9617268731544171,3.258063857112944,0.0011389128195352753,1.2473747185372535,5.019360413140049,2189,480
X51f97f3cb7a9,X2d8edf2b8001,favorability,1.208311711109438,0.7166616681548365,1.6860281005686204,0.09183714315640318,-0.19657420654810553,2.613197628766981,6672,963
X51f97f3cb7a9,X45bed2bf2ba3,favorability,2.2373944032923836,0.7354207472427713,3.04233244939144,0.002356652932637088,0.7957346951421558,3.6790541114426114,6672,950
X51f97f3cb7a9,X83b268b58b67,favorability,1.637165136102181,0.7467972445955219,2.1922484957599133,0.02839599199063511,0.17320385716430708,3.101126415040055,6672,935
X51f97f3cb7a9,X9054906fd822,favorability,1.4705370155531627,0.7276478336322805,2.0209460505262826,0.043325212195289065,0.044114702335278144,2.8969593287710476,6672,968
X51f97f3cb7a9,Xfe094c0d7c50,favorability,0.5679447518179899,0.7369335672529918,0.7706865001889818,0.440920064705291,-0.8766805670558886,2.0125700706918686,6672,952
X52ae33d7915c,Xa772b87fac00,favorability,2.787607751636528,3.0781278986092326,0.9056179091505691,0.3671132947195035,-3.312375218071208,8.887590721344264,110.23405749681159,141
X52ae33d7915c,Xd4f9f20b3a42,favorability,4.423152387181168,3.0001583443008397,1.474306313059601,0.14326011460128615,-1.522567075412831,10.368871849775168,109.81761012124089,138
X5a248af8c0f1,X2c7275cc573f,favorability,7.457364477847182,1.9766519434851382,3.7727251388014795,2.1448256928869615e-4,3.5588480148022232,11.355880940892142,193.76235305701246,282
X5a248af8c0f1,X54de1a636144,favorability,3.5685595148081353,1.8519478516503756,1.9269222465567752,0.05564380031691727,-0.08701003342531521,7.224129063041586,171.349891809529,267
X5a248af8c0f1,Xa0ca2f6dd0e3,favorability,3.264578408195443,1.7736087885179381,1.8406417634654302,0.06752182171164292,-0.2380588478499095,6.767215664240796,160.39365561213023,275
X5bee0c849477,X3348c18ba9a8,favorability,0.5867741223228081,1.6806056352069167,0.34914444533001004,0.7340610440595561,-3.146478284251606,4.320026528897222,10.229788384055965,432
X5bee0c849477,Xbd20deb05c44,favorability,2.8259197805860974,1.5937654113237674,1.7731089911399907,0.10457737493434761,-0.6930614162881965,6.344900977460391,10.722035616122016,449
X5bee0c849477,Xd03be6103785,favorability,-1.0578913387983648,1.5333257405780436,-0.6899325504048173,0.5038547596350107,-4.412953855498376,2.297171177901647,11.557766752280466,437
X5c1c1e604f1e,X5ed9f3818ef8,favorability,1.7241186054366828,0.9069490545072377,1.9010093200586977,0.06148657501152775,-0.08526140933053306,3.5334986202038987,68.85887393533874,1123
X5c1c1e604f1e,X71ab72cb709f,favorability,0.5555191186132309,1.0531110960055234,0.52750286339240815,0.5998192300432799,-1.5516760434381982,2.6627142806646598,59.10090226335429,1131
X5c1c1e604f1e,X9e6284831c63,favorability,3.1240610574110175,0.9119783492468967,3.425586868362432,0.0010619422440293824,1.3030906281635801,4.945031486658455,65.71596295108145,1100
X5c1c1e604f1e,Xa885ad46f671,favorability,3.8911489302822635,0.8444608632678762,4.607849930693509,2.2812106713320304e-5,2.2007431109833755,5.5815547495811515,57.94567086794176,1120
X5c1c1e604f1e,Xb827dd77b842,favorability,1.2506486907421397,0.9904963972595131,1.2626483995322053,0.21171765047138036,-0.7316178066794299,3.2329151881637093,58.593439447270455,1128
X5c1c1e604f1e,Xc13bb4b63aa9,favorability,2.5146409990643153,0.940885547062161,2.67263218880987,0.010021414984915987,0.6267416658216567,4.402540332306974,52.14579868646451,1101
X5c1c1e604f1e,Xc306ecc0efd8,favorability,4.030700929094781,0.9452063249326708,4.264360936626082,7.132578764125801e-5,2.1403955748679664,5.921006283321596,60.60606147499956,1091
X5c1c1e604f1e,Xe419a189faf1,favorability,0.9684007476378873,0.9332599496188719,1.0376538155669985,0.30395339067573934,-0.9017225208413076,2.8385240161170824,55.2252691072881,1117
X603bfe4656f5,X0806df042874,favorability,-0.10773179142887337,0.7263521648933325,-0.14831895137903828,0.8821014215207652,-1.531953177185419,1.3164895943276722,2886,775
X603bfe4656f5,X2ab81a21a297,favorability,-0.5485328718056881,0.686505524045596,-0.7990217887442024,0.4243435294620721,-1.8946235094364388,0.7975577658250625,2886,772
X61d643d0e3b4,X1b8df3420965,favorability,6.320343095185526,1.9979079506062483,3.1634806264561246,0.0015986773272941206,2.400501631687288,10.240184558683765,1182,245
X61d643d0e3b4,X76ec5511d134,favorability,7.158647028363257,2.085583386078378,3.432443447789447,6.188567024869792e-4,3.066788727357748,11.250505329368766,1182,255
X61d643d0e3b4,X8f4c9a46ce25,favorability,6.793668554972736,1.9967494994978152,3.4023639703835413,6.904076771113645e-4,2.8760999412756574,10.711237168669815,1182,258
X620ceeae31bd,X549acdb08c68,favorability,2.36600412742449,1.42646787325607,1.658645225583542,0.09760154612317117,-0.43429879966373663,5.166307054512716,757,152
X620ceeae31bd,X7e98722746b1,favorability,1.4071224724319167,1.4831801678942695,0.9487198540617389,0.3430658785659878,-1.5045125131307395,4.318757457994573,757,164
X620ceeae31bd,Xca07736f9f8e,favorability,-1.1726199874697751,1.461727404591866,-0.8022152309562716,0.4226802303786651,-4.042140995566731,1.6969010206271806,757,162
X6725be1de97c,X4f894ea806fb,favorability,6.001322751322755,3.068124067097419,1.9560234919053558,0.052301362004877325,-0.06050183009024579,12.063147332735756,151.53118059770338,157
X6725be1de97c,X58b51c511ffb,favorability,9.30761414205123,2.9143290112302673,3.1937417176251057,0.0016852720552151229,3.5530107764750687,15.062217507627391,163.38895157404238,160
X6b8d710d7a12,X0af56b592905,favorability,0.2781134432327973,0.7226770408190077,0.38483780101497644,0.7003744963878971,-1.1386617550850384,1.6948886415506328,4841,773
X6b8d710d7a12,X5a2ed35195e3,favorability,1.0972791550236354,0.6879933922849987,1.5948978105433484,0.11080036707749193,-0.2515003408508685,2.4460586508981392,4841,827
X6b8d710d7a12,X691dd810acd3,favorability,0.30562434531954114,0.6977671030708326,0.43800337386859617,0.6614033797709962,-1.0623160623520334,1.6735647529911155,4841,801
X6b8d710d7a12,Xded4dbcb84f9,favorability,2.2509070906148976,0.7001667971942231,3.2148155262930955,0.001313856616823147,0.8782621926585401,3.623551988571255,4841,816
X6d9559cf9fca,X1ead2481a845,favorability,3.3390015113856495,1.3818006437553023,2.416413341877803,0.015892769517350275,0.6266989878786817,6.051304034892617,816,132
X6d9559cf9fca,X9c96f01feca7,favorability,0.48858553656107134,1.462339766620346,0.33411218631512357,0.7383807525384687,-2.381805251830639,3.3589763249527813,816,138
X6d9559cf9fca,X9cac434b7114,favorability,4.2566213247493225,1.4693691755229275,2.8969039201699953,0.0038694553538042064,1.3724326823825126,7.140809967116132,816,146
X6d9559cf9fca,Xad306905e714,favorability,1.0790969868468254,1.3503054977906033,0.799150257932346,0.42443583787855477,-1.5713844886932544,3.7295784623869053,816,137
X6dc1b2269d4d,X01568197a85d,favorability,3.8505060164156686,2.8347680953979126,1.3583142912701571,0.17696059959731084,-1.7632270430228796,9.464239075854216,117.75606613108906,100
X6dc1b2269d4d,X8bf61d2ae868,favorability,4.48581560283688,3.0825081073747485,1.455248598407507,0.14818343164527042,-1.616667039532281,10.58829824520604,121.30546719357731,98
X6dc1b2269d4d,Xd932ec0274ee,favorability,2.215378872713697,3.0394042746128482,0.7288858843879485,0.46741541488637095,-3.7991376059204285,8.229895351347823,126.81602087801603,101
X70744a27252a,X3d38c5f826a4,favorability,1.3477838725567655,1.2810420038369879,1.0520996723915936,0.2930219206567195,-1.1662220189200239,3.8617897640335546,948,198
X70744a27252a,X681f97fac8bf,favorability,1.0314549547035161,1.1932406891122784,0.8644148360972134,0.3875787120241324,-1.310243532460077,3.3731534418671094,948,206
X70744a27252a,Xb5937df3e318,favorability,1.7906314430634052,1.2843207053444416,1.394224538786966,0.16357647794968228,-0.7298088002000112,4.311071686326821,948,210
X769f1c9a0c8c,X22ae0bfd41ee,favorability,0.6295041082384056,0.6799634492092688,0.9257910979927783,0.35458970318191974,-0.7034535955706935,1.9624618120475048,6356,697
X769f1c9a0c8c,X2c03e9ea05f4,favorability,2.212439618337596,0.6976841735719824,3.171119113983071,0.0015257474080257855,0.8447433177938848,3.5801359188813073,6356,721
X769f1c9a0c8c,X40f47bab1f8d,favorability,1.6869709755014004,0.7057851079240519,2.390204832265931,0.016867925280376457,0.30339411128150906,3.070547839721292,6356,692
X769f1c9a0c8c,X743a0ddb3853,favorability,0.973313467039184,0.664614372456933,1.4644785117135797,0.14311270716373428,-0.3295548692793894,2.2761818033577574,6356,720
X769f1c9a0c8c,X86d7e7115acd,favorability,1.4333664390133765,0.6977808127401883,2.0541786372493394,0.03999921200565534,0.06548069310477156,2.8012521849219816,6356,698
X769f1c9a0c8c,Xb9ca583e4282,favorability,0.7952882193181885,0.6653786588227146,1.195241549714457,0.23203726281515513,-0.5090783760617648,2.099654814698142,6356,705
X769f1c9a0c8c,Xda6d75744ad4,favorability,0.5589006759371028,0.6598691505995431,0.8469871268103646,0.39703418631864595,-0.7346654250356638,1.8524667769098695,6356,718
X77de84900dcf,X4814db59d6a4,favorability,1.0522928197146857,0.6840164744878976,1.5384027416920119,0.12405206601311203,-0.2888776352964668,2.393463274725838,3105,655
X77de84900dcf,X926016828019,favorability,1.6891354312250029,0.7054566097167241,2.3943860018595258,0.016707178908919946,0.3059266964459926,3.0723441660040134,3105,659
X77de84900dcf,Xbae4a0107d6f,favorability,2.279048133125122,0.7214776927043038,3.1588615367754485,0.0015990827655214962,0.8644264076337018,3.693669858616542,3105,656
X7f3b23100683,X89db94aeb7ee,favorability,1.5901622890324136,1.1854151083926414,1.3414391952440925,0.17993188998572404,-0.7346311875053646,3.914955765570192,1978,421
X7f3b23100683,X8e350c345466,favorability,2.7508486983777782,1.174975249818426,2.341197143346533,0.019320841227807264,0.44652949700106337,5.055167899754493,1978,424
X7f3b23100683,Xca17169f4a82,favorability,2.1569197600721677,1.2796010474738926,1.6856189390671585,0.09202694307537011,-0.35258779274778274,4.666427312892118,1978,414
X818b70255128,X05a88555e44d,favorability,-1.60562412845856,1.3519748440764983,-1.1876139082715873,0.23515494841664034,-4.257373784987031,1.0461255280699113,1665,343
X818b70255128,X23ad1b7ea512,favorability,-0.7833351026903328,1.342708947283625,-0.5833990339269455,0.5597037213602061,-3.4169107238470784,1.8502405184664128,1665,356
X818b70255128,X283f7a66fa15,favorability,-2.893978108565487,1.358819238692824,-2.1297741643321717,0.033336561252576294,-5.559152290818314,-0.22880392631265956,1665,362
X86e782d62c2e,X774940708a69,favorability,1.9241030236483585,0.619953039668292,3.103627050006653,0.0019214800187094315,0.7087462381498271,3.13945980914689,5425,776
X86e782d62c2e,X78d7d28dfca8,favorability,1.179505243184606,0.6453214807279821,1.8277792982406464,0.06763757750089053,-0.08558386880741375,2.444594355176626,5425,769
X86e782d62c2e,X7a2b14af7588,favorability,-0.1715175471369441,0.621461220299806,-0.27599074815030356,0.7825656847554391,-1.3898309720048845,1.0467958777309962,5425,780
X86e782d62c2e,X80bd9aeb6bf2,favorability,-0.01568312180525908,0.6554263506654097,-0.02392812218998683,0.9809108224793133,-1.3005818346205988,1.2692155910100806,5425,765
X86e782d62c2e,Xfff933958978,favorability,0.00279397503666447,0.6558678998758637,0.00425996612609534,0.9966012057107199,-1.2829703514537754,1.2885583015271045,5425,789
X877266884b5c,X0792480be753,favorability,4.009504987765825,3.0762047134289854,1.3033934218560208,0.19861814609289513,-2.1745936419012795,10.193603617432931,48.310096262541634,171
X877266884b5c,X40f8693422f1,favorability,6.319278547539436,3.1247302941861124,2.022343675323632,0.047728355120956224,0.06537650690502783,12.573180588173845,58.40583292140836,175
X877266884b5c,X6620dc5f838a,favorability,1.6014201148922667,3.5755774823134843,0.44787733528742035,0.6560457189454931,-5.5683080837776995,8.771148313562232,53.631910585346525,162
X877266884b5c,X7f34cb49ca61,favorability,-0.05113032286942997,2.7362929887701077,-0.018685982487720264,0.9851688354106352,-5.552386245831004,5.450125600092145,48.14562462915152,168
X877266884b5c,X89e844996fe7,favorability,3.5028285655965337,3.670485648905869,0.9543229154541684,0.3446782539451432,-3.8762360322621343,10.881893163455201,48.23822125143844,164
X877266884b5c,X8dbac0ec8131,favorability,4.7968426501035175,3.0469250082790396,1.5743225176430793,0.12024295938468538,-1.2876880417369456,10.88137334194398,65.33916078967893,167
X877266884b5c,Xb9ba3bf4be34,favorability,-3.546278155265595,3.408689984501223,-1.04036394374084,0.3037253637313275,-10.411625682564642,3.319069372033452,45.025311328279436,169
X877266884b5c,Xbea8f0f9c3f9,favorability,-0.32480164519847293,3.1825815645830158,-0.10205603174887638,0.9190843075356315,-6.703199152796129,6.053595862399183,54.86165702795432,172
X877266884b5c,Xd03dbbc08e2b,favorability,1.171842650103533,3.5421937096303213,0.3308239882301162,0.742218285817999,-5.950343829997431,8.294029130204498,47.966451470569446,173
X877266884b5c,Xf399c0257a35,favorability,8.14620162446255,2.3005834319237826,3.5409285798648797,9.997204973351808e-4,3.501825914578288,12.790577334346814,41.514124716561646,170
X877266884b5c,Xf5365540d177,favorability,1.638509316770215,3.291182352017482,0.49784823249487076,0.620404020831055,-4.9443252350007665,8.221343868541197,60.22701065421594,172
X877266884b5c,Xffd47908f679,favorability,-0.5156573498964597,3.308267215076822,-0.15586931658556655,0.8768453570871275,-7.182077131716213,6.150762431923294,44.22423136306892,168
X87f354ace18b,X30168364d407,favorability,1.747774689729269,0.5999518999555455,2.9131913572717636,0.003588807842576648,0.5716883444593936,2.9238610349991445,7039,886
X87f354ace18b,X528a88abac43,favorability,1.616352397166148,0.5989931645517758,2.698448818486365,0.006982965480687707,0.4421454619242833,2.7905593324080127,7039,853
X87f354ace18b,X752a4ed1e484,favorability,0.8148617055925635,0.6118742778613122,1.3317469537055135,0.18298647549473582,-0.3845960897204874,2.0143195009056143,7039,889
X87f354ace18b,Xb311b092b553,favorability,2.0909158368787817,0.6361295743682168,3.286933859277666,0.0010178095530403825,0.8439103581191805,3.3379213156383827,7039,885
X87f354ace18b,Xc89217ca0d3e,favorability,1.0704944342573728,0.5952650407537847,1.7983492410402677,0.07216451015620695,-0.09640425595248536,2.237393124467231,7039,890
X87f354ace18b,Xcd19a4d482f8,favorability,1.7853501819322464,0.6308134330480578,2.8302348815013763,0.0046645616203957385,0.5487659406362273,3.0219344232282657,7039,873
X8eabc6f822c6,X06593cbad5a5,favorability,1.1915080915431093,1.4065165559727362,0.8471340678383067,0.39704498836448376,-1.5672659944632032,3.950282177549422,1627,227
X8eabc6f822c6,X27f447bbede1,favorability,0.7085711254347065,1.4079067235327822,0.5032798789799996,0.614835636629243,-2.052929667359078,3.4700719182284905,1627,234
X8eabc6f822c6,X32c7cb986ead,favorability,3.994771851349404,1.4528885403508092,2.749537724610892,0.006033964341672931,1.145042683246356,6.844501019452451,1627,224
X8eabc6f822c6,X52ab0cc6f74d,favorability,-0.4973488490736599,1.404887892143843,-0.3540131934048568,0.723374866890426,-3.2529284361976907,2.258230738050371,1627,238
X8eabc6f822c6,Xc282b4785f05,favorability,0.3331026112808228,1.469120640349981,0.22673605021400386,0.8206574761085703,-2.5484645729828017,3.214669795544447,1627,246
X8eb97376c894,X486f0331a4ca,favorability,1.1157992212907555,0.7114689647676427,1.568303434929396,0.11685663223796053,-0.2789013394150577,2.5104997819965686,6834,936
X8eb97376c894,X54c10f32009f,favorability,1.99691892380623,0.7138821016366412,2.797267110672907,0.005168105720436758,0.5974878639347203,3.3963499836777395,6834,941
X8eb97376c894,Xbe0df8ed5756,favorability,1.9674540649325087,0.7081425259276618,2.778330622575106,0.005478811788667354,0.5792743594502119,3.355633770414806,6834,936
X8eb97376c894,Xbe58df388808,favorability,1.3337368967806995,0.6971385889859737,1.913158901045333,0.05576945576633206,-0.03287166817046239,2.700345461731861,6834,951
X8eb97376c894,Xf181464f2aec,favorability,0.577004004933959,0.6894742070247076,0.8368754031045019,0.40269187009898155,-0.7745799864262349,1.9285879962941528,6834,949
X8f444bfb8688,X99b77f1c619b,favorability,0.6802876310549052,0.6233157032448053,1.0914013998259953,0.2751414837534068,-0.541642861612286,1.9022181237220965,5819,1234
X8f444bfb8688,Xaac379da6a11,favorability,0.8336144274069098,0.6203926102158905,1.3436885186572745,0.17910152325586165,-0.3825857162792753,2.049814571093095,5819,1239
X8f444bfb8688,Xb7d445887d50,favorability,0.2309881262314306,0.6619333430032263,0.34895979885742784,0.7271321163129623,-1.0666472962650648,1.528623548727926,5819,1227
X96102ce6a0a6,X0fc6771d41b4,favorability,1.7358287844449198,1.0126666481871243,1.714116671613902,0.08661568803203401,-0.24980198995003722,3.721459558839877,2859,452
X96102ce6a0a6,X5f5b8db03dd0,favorability,3.4670882416810027,0.9529082960580553,3.638428016655417,2.791592473177423e-4,1.5986312907026965,5.335545192659309,2859,500
X96102ce6a0a6,X679bb29dbfa3,favorability,2.567288317368826,0.9891079172137888,2.595559364847268,0.009492016859261149,0.6278513633293532,4.506725271408299,2859,485
X96102ce6a0a6,X936f3076a81b,favorability,0.29917208093352876,0.9951139528926555,0.3006410271546066,0.7637101026075935,-1.6520414723426438,2.2503856342097013,2859,479
X96c94303546c,X10d6cd10e997,favorability,1.7464436441851876,1.9855246867213745,0.8795879778604149,0.38095775409059807,-2.1874328299693753,5.6803201183397505,112.48751722890022,381
X96c94303546c,X14d723c18ed4,favorability,2.0515938204693485,1.9586988409373483,1.0474268823723532,0.29748817311133285,-1.835550194177653,5.93873783511635,97.6584570296214,363
X96c94303546c,X17ec164b6b4a,favorability,4.004664147086556,1.7374934786145764,2.304851325416054,0.02256330940838614,0.5712024282914951,7.438125865881617,148.20017278878126,386
X96c94303546c,X1f81a5e76cde,favorability,3.7763702393291325,1.667437462577476,2.2647747361341697,0.025206946295102155,0.4770747093624239,7.075665769295841,128.05845394739396,391
X96c94303546c,X2becbf79cb17,favorability,1.4020450521230017,1.9254317770341154,0.72817176326168,0.4678929965715628,-2.4092441986223103,5.213334302868313,122.95094621071219,386
X96c94303546c,X4decf6788fe1,favorability,-0.07517844233757971,1.7847199281443513,-0.0421233837041008,0.9664780179088084,-3.6127519091981717,3.4623950245230124,108.1377474396472,380
X96c94303546c,X635855a462a3,favorability,2.365623499699398,1.6572141072332531,1.427470047095391,0.15585353845371738,-0.9131230613076728,5.6443700607064695,129.3840215150971,385
X96c94303546c,X76b882749688,favorability,2.4537426742690283,1.7792167832050507,1.379113943523452,0.17055113272923064,-1.070756893678555,5.978242242216611,114.34836861317363,389
X96c94303546c,Xf2cdef9153ef,favorability,4.200380332496784,1.840460057925903,2.2822447650563964,0.02401779379097638,0.5609524431854935,7.839808221808074,136.8113087159713,394
X96ee7ca4f42d,X467ecb637319,favorability,0.6382843411552092,0.7422912194063047,0.8598839976387141,0.3898948017770919,-0.8169369849326588,2.093505667243077,4930,836
X96ee7ca4f42d,X97cb6308b7a1,favorability,1.4238401769744522,0.7143705017359467,1.9931396572429403,0.0463011808648701,0.02335589038178454,2.8243244635671196,4930,830
X96ee7ca4f42d,Xb8b5c2796277,favorability,3.05638527304112,0.7345726465955155,4.160766518065143,3.2258097183899974e-5,1.616295786678106,4.496474759404134,4930,831
X96ee7ca4f42d,Xc87cfdef40f6,favorability,1.1715232888971825,0.7355009333885358,1.5928236603315273,0.11126386382435989,-0.2703860529384714,2.613432630732836,4930,811
X99a1e984b493,X75e3507ff6ec,favorability,2.2640334504275206,1.2182974954116887,1.8583584542808695,0.06328301047401012,-0.12540960571724158,4.653476506572282,1781,382
X99a1e984b493,X999b156440bb,favorability,1.0611014882390306,1.1850457206099723,0.8954097464634997,0.37068909058510824,-1.2631249662926736,3.3853279427707346,1781,377
X99a1e984b493,Xa88e7a2ccc4e,favorability,0.1164642223222096,1.2275817565699996,0.09487288459517648,0.9244264667692392,-2.291188026109092,2.524116470753511,1781,372
X9b63b51005a1,X380eea1deecb,favorability,12.002858309514084,3.8641716676159588,3.106191790107341,0.002548355144079553,4.32399380010696,19.68172281892121,88.30088127130657,88
X9b63b51005a1,Xcbb4911a0bae,favorability,8.134473377380475,3.367023195246989,2.4159243657315432,0.017586290823905257,1.4510072225736028,14.817939532187347,96.02484003130759,89
X9b63b51005a1,Xd9728ad5b0ed,favorability,8.04484657749802,3.848729054381635,2.090260567534434,0.03910411269346204,0.41005497392115053,15.67963818107489,101.05627707245927,85
X9d09b5273603,Xb8d45c56f683,favorability,1.266880434361659,0.8299857319334842,1.5263882083977656,0.1269802289539136,-0.36027905221916434,2.8940399209424825,4719,967
X9d09b5273603,Xcec8066b12a3,favorability,0.424671643313273,0.8357409793869425,0.5081378726035317,0.611380407814278,-1.213770814927436,2.063114101553982,4719,1014
X9d09b5273603,Xd0b6ddb191ff,favorability,1.458811711860368,0.8334605607797637,1.750306829750339,0.08013036726468385,-0.17516006137060902,3.092783485091345,4719,984
X9ed122541d0f,X170f595a60b2,favorability,1.0167921133968238,0.6317853527570859,1.6093948822326822,0.10755775362222766,-0.22161610479668736,2.255200331590335,11383,1185
X9ed122541d0f,X1dd33686e42a,favorability,-1.0046594439468717,0.6026433656680394,-1.6670878685160522,0.09552444370213399,-2.1859443430446324,0.176625455150889,11383,1179
X9ed122541d0f,X4a63b01ae969,favorability,1.190752118163634,0.6276011379780106,1.8973071368225507,0.057812696475477286,-0.03945431765793628,2.420958553985204,11383,1179
X9ed122541d0f,X4b67189d8063,favorability,1.460971907738096,0.6199038626324113,2.3567717444671237,0.01845141721846352,0.24585345868939057,2.6760903567868013,11383,1191
X9ed122541d0f,X71642066d275,favorability,0.21688547952116544,0.5964974332874797,0.3635983449682981,0.7161647152153083,-0.9523523324839112,1.386123291526242,11383,1172
X9ed122541d0f,X9d4b3822351c,favorability,1.2107142416064043,0.6223089772563625,1.945519486066559,0.051737070424582816,-0.009118646773635053,2.4305471299864436,11383,1178
X9ed122541d0f,Xe28594a051d8,favorability,1.0993531059875947,0.6190667449164832,1.7758232291025515,0.07578876689801506,-0.11412444800952937,2.312830659984719,11383,1190
Xa0f9bbb62446,X9da419c379b8,favorability,0.527917034652526,0.6388086611530488,0.8264086991238292,0.4086842426445978,-0.7249860652850261,1.780820134590078,1761,592
Xa8754cc70176,X088ec8f8ef46,favorability,0.7435046127170919,1.4528522759771494,0.5117551350614987,0.6088900139766535,-2.106097565550789,3.5931067909849728,1671,234
Xa8754cc70176,X364e86e199b8,favorability,5.791889575519236,1.3751541148908655,4.2118112528637495,2.6683359571613934e-5,3.0946833791002115,8.48909577193826,1671,242
Xa8754cc70176,X7b330d2d1cd1,favorability,3.5226086299009527,1.4095378408955943,2.4991231364620563,0.012545423351450988,0.7579627204841684,6.287254539317737,1671,253
Xa8754cc70176,Xa90973e5a7b0,favorability,5.210322401761172,1.455465453807673,3.5798324090278753,3.536394594719523e-4,2.3555947765630076,8.065050026959335,1671,237
Xa8754cc70176,Xc8e2e6058bd2,favorability,3.948301505293053,1.583317346687187,2.49368928696081,0.012738363781821584,0.8428071376880619,7.0537958728980445,1671,239
Xa91760aedac7,X035d65a0d3c0,favorability,1.4759610262467553,0.6539347632728992,2.257046282200491,0.02404833674234921,0.19396085939850605,2.7579611930950048,4980,692
Xa91760aedac7,X3ea83074e094,favorability,0.740080031430172,0.6117371008374655,1.2098007958271708,0.22641276484659634,-0.45919413074434134,1.9393541936046854,4980,680
Xa91760aedac7,X75a3d9926aa1,favorability,1.0032867803698609,0.591073449373303,1.697397813137462,0.08968395796680839,-0.15547752346317867,2.1620510842029006,4980,684
Xa91760aedac7,Xd519e80503db,favorability,0.46430657941737324,0.5804870725789141,0.7998568811439867,0.42383187333570027,-0.6737037630437406,1.6023169218784872,4980,690
Xa91760aedac7,Xd83ed930be06,favorability,0.4215769247690966,0.5615084927872435,0.7507934967758944,0.45281241705103115,-0.6792270420320177,1.5223808915702108,4980,689
Xac749d823e04,X08d9b37b9e71,favorability,1.4387531711400032,1.6104113479339208,0.8934072483939295,0.37198521117065464,-1.7237587790793527,4.60126512135936,621,139
Xac749d823e04,X84c4256909bf,favorability,-0.34604186635782136,1.5325384312143713,-0.2257965342400063,0.8214339643838571,-3.355627652687455,2.663543919971812,621,136
Xac749d823e04,X9d6fc674783a,favorability,2.3056716075743835,1.6117089262118325,1.4305756889946895,0.15305483129415087,-0.8593885157036794,5.470731730852446,621,141
Xb08b17d9cc64,X457cbf90bb18,favorability,1.4720374507421583,0.6706267067918505,2.195017639223023,0.028220443703545917,0.15722955751560308,2.7868453439687135,3942,840
Xb08b17d9cc64,X5333f114d9dc,favorability,-0.39303443059276516,0.6459540991773198,-0.6084556644091733,0.5429203591325731,-1.659470049184968,0.8734011879994379,3942,839
Xb08b17d9cc64,Xb3e4e5f09a53,favorability,1.1738455426706258,0.7080944723505831,1.6577527272228807,0.09744695449397922,-0.21442037630895672,2.5621114616502085,3942,828
Xb207ac778630,X96c3bc8ee2f1,favorability,-0.7678120230685382,1.4074827826206204,-0.5455214319843641,0.5855460657647231,-3.53058146337733,1.9949574172402533,805,138
Xb207ac778630,X98a717683e89,favorability,-0.1253301537740949,1.324888930137398,-0.0945967249957304,0.9246586918829343,-2.725974860185146,2.4753145526369567,805,137
Xb207ac778630,X999298aa7548,favorability,-0.1515179363259461,1.324806249414166,-0.11436988343989762,0.9089731056490318,-2.7520003474831807,2.448964474831288,805,139
Xb207ac778630,Xe2cfeedc4972,favorability,-0.7860292188055193,1.4707084994147985,-0.5344561611755722,0.5931735440770806,-3.672905383798599,2.100846946187561,805,135
Xb218652f3e19,X9bec462f54d1,favorability,1.4073725682657248,2.0803870617289406,0.6764955397752301,0.49982558195982574,-2.7051295498711445,5.519874686402594,142.12021893832826,346
Xb218652f3e19,X9fbff889a3fd,favorability,-1.3711506057096894,1.9430121017478954,-0.7056829983077456,0.4815044598387105,-5.211063156774613,2.4687619453552347,146.69015024278173,339
Xb218652f3e19,Xc9cda8855da1,favorability,1.810725828761906,1.891599384817431,0.9572459386989435,0.3399946977254026,-1.927118443222906,5.548570100746717,148.90773900705713,348
Xb21b000d7960,X9e4a2383093f,favorability,5.702071498190612,3.075158481712262,1.8542366294616703,0.0652716985430173,-0.3641789118430836,11.768321908224308,188,61
Xb21b000d7960,Xea401b6f81f8,favorability,4.913168823115259,3.066117665204885,1.6024071348830475,0.11074444023427737,-1.1352471054856696,10.961584751716188,188,58
Xb4a2ade86f66,Xdc0f3f8c3e95,favorability,0.3556122434771212,2.205071709137072,0.1612701491763666,0.8720279637395578,-3.9900466541837027,4.701271141137945,221,113
Xb87a6fcc9dd0,X1116b33e488a,favorability,1.749232293152288,1.2312058716186227,1.4207471987220417,0.155617651464512,-0.6660191051924174,4.164483691496994,1371,409
Xb87a6fcc9dd0,X5360e79015d5,favorability,2.263953507897527,1.168069840018043,1.9382004657037941,0.05280384197636612,-0.027444201860749473,4.5553512176558035,1371,417
Xbb1e5503bebf,X1907d4878fa1,favorability,3.7470948314519346,1.0820691776672486,3.462897667531769,0.0013301387697488573,1.5571196294970853,5.937070033406783,38.29785044361749,843
Xbb1e5503bebf,X1d69bfa7eae5,favorability,2.8125258792773518,1.3012964840257737,2.1613259651454237,0.0377680754663724,0.16843138976440697,5.456620368790297,34.16069415646794,826
Xbb1e5503bebf,X530c4809e59e,favorability,3.569687493027482,0.9085346586302249,3.9290603381156766,3.4178797723048433e-4,1.7314677407007861,5.407907245354178,38.648221756348114,821
Xbb1e5503bebf,X62278782cb2c,favorability,0.9105563699134273,1.1811559310642281,0.7709027622568096,0.4460453252088752,-1.4891121022568274,3.3102248420836817,34.28281796203789,824
Xbb1e5503bebf,X65db249dc181,favorability,1.8770432412510565,1.3913774361390914,1.3490539608430265,0.18559632386624236,-0.9430684434978924,4.697154926000005,36.64841541533265,848
Xbb1e5503bebf,X71bfef5b89a1,favorability,0.14860174038420956,1.0906773826493525,0.13624720082050543,0.8923354950734128,-2.058385740831465,2.3555892215998844,38.51732476350893,823
Xbb1e5503bebf,X8d899ab0d21d,favorability,1.8240568213035258,1.0050391542524355,1.8149112037931387,0.0787716353329261,-0.22186454965257374,3.8699781922596252,32.517252254456324,826
Xbb1e5503bebf,X8f83d39594a0,favorability,-1.0397244944735649,1.0806027498413355,-0.9621708760469351,0.34240275802856457,-3.2315311700605402,1.1520821811134105,35.885549671061135,828
Xbb1e5503bebf,X954a2d2cbc41,favorability,1.568981278338351,1.2672237981153895,1.2381248526674877,0.22346535052049837,-0.9986227933839165,4.136585350060619,37.01504919991242,837
Xbb1e5503bebf,Xa083475cfa82,favorability,-0.0914699187150648,1.317954704575072,-0.06940293046304354,0.9450036250871816,-2.752491654322232,2.569551816892102,41.32820984368288,834
Xbb1e5503bebf,Xf6cbe186c08c,favorability,-0.0784546190975909,1.0910185555627234,-0.07190951858479229,0.9430994052072286,-2.296477434436534,2.1395681962413526,33.66770338904377,846
Xbce30ccbb53c,X47c7077f1e80,favorability,1.3714557068226523,1.5219131295077672,0.9011392833349315,0.36780904535866377,-1.6163525764711075,4.359263990116412,736,159
Xbce30ccbb53c,X521443531749,favorability,3.4102685108577884,1.5089421276401886,2.26003930063975,0.02411029764400047,0.44792479979957056,6.372612221916006,736,162
Xbce30ccbb53c,Xdce9e12f869d,favorability,0.9481374243515813,1.5051033180365787,0.6299483982192235,0.5289238595824519,-2.006669964882957,3.90294481358612,736,162
Xbd63ac3c6221,X8f11d2948938,favorability,0.17801132543451134,1.3054551500183802,0.1363595872535376,0.8915503568758603,-2.3821394298199983,2.7381620806890212,2058,433
Xbd63ac3c6221,Xdfec50dac825,favorability,1.6887099100595384,1.2907654775006336,1.3083011123984059,0.19091729477875624,-0.8426326734318732,4.22005249355095,2058,439
Xbd63ac3c6221,Xff8a2778660c,favorability,0.5085253081043124,1.2444848680728582,0.4086231348813322,0.682858763968447,-1.9320555688830576,2.9491061850916824,2058,442
Xbf62992cbc10,X523eafcf88ec,favorability,4.150174815082978,1.9735231140995138,2.1029268851389333,0.035838535851370215,0.2752537715637402,8.025095858602215,681,212
Xbf62992cbc10,X7a46bd8420bd,favorability,1.585245697703367,1.739682306495137,0.9112271199085156,0.3624981480018187,-1.8305397726137405,5.001031168020475,681,206
Xbf86b7c37550,X3707855cf259,favorability,4.0277394741680785,1.7022171885681443,2.3661724844619245,0.01946613043130005,0.6597656550324982,7.395713293303659,128.61512805355224,322
Xbf86b7c37550,X3c061dc71d31,favorability,3.2401667131048626,1.6369503065489532,1.9793922272056246,0.050024604287709856,-3.534714593684818e-4,6.480686897669093,121.94906619542381,312
Xbf86b7c37550,X8f794bd8e51a,favorability,3.0464107724746143,1.7151698796283705,1.7761568744051677,0.07829318349727994,-0.3502125054071601,6.443034050356388,117.59906451445687,312
Xbf86b7c37550,Xa108e60c1571,favorability,3.4873657904480133,1.6954206531096983,2.056932469267479,0.04177943256303855,0.13181681551148028,6.842914765384546,124.61590731061224,317
Xbf86b7c37550,Xc419878d09bd,favorability,-0.32683162256332526,1.9493492502722256,-0.16766191205484773,0.8670897748654751,-4.1806003039533755,3.526937058826725,140.83632191714923,316
Xc03c2d306034,X8c0f0edc72e8,favorability,4.651322690408548,2.6554211953158533,1.7516327348043512,0.084729328412273,-0.6556616486271309,9.958307029444226,62.6690307502765,223
Xc03c2d306034,Xf2a4d9f42481,favorability,3.1155585370701613,2.4410050734799933,1.2763425078131845,0.20624883112940404,-1.7568671893184358,7.987984263458758,66.88111349411218,223
Xc24349f28ce7,X0337b0cbdde6,favorability,0.5417450980686304,1.2530049615959569,0.43235670621655614,0.6655329538241027,-1.9157195398651572,2.9992097360024177,1836,310
Xc24349f28ce7,X27aae5846370,favorability,0.31880390314849955,1.2324700512559423,0.25867070994838703,0.795918315571106,-2.098386500005363,2.735994306302362,1836,308
Xc24349f28ce7,X33830bb4fb89,favorability,3.3300697205349703,1.3087316856361435,2.5445014872672713,0.011024651392384158,0.7633106600617667,5.896828781008174,1836,322
Xc24349f28ce7,X879584cc448a,favorability,-1.3013095845021259,1.3052588976660353,-0.9969743066521352,0.31890835659413325,-3.861257615575483,1.2586384465712317,1836,288
Xc6c602d094ef,X37bac17ff224,favorability,0.5059972514741324,0.6818195490006376,0.7421278140466742,0.4580372273604202,-0.8305981558528635,1.8425926588011283,6378,941
Xc6c602d094ef,X82bd1ec58c71,favorability,0.7165999273764343,0.688566235847501,1.0407131370512654,0.29804815252371997,-0.6332212530563761,2.0664211078092447,6378,950
Xc6c602d094ef,Xb0fe3e8d7431,favorability,0.4049463780293271,0.6730526035625258,0.6016563577436753,0.5474242906515104,-0.9144628705463663,1.7243556266050204,6378,946
Xc6c602d094ef,Xca31ca0c091f,favorability,0.6713154725472558,0.706448729805956,0.950267789046276,0.3420122078906608,-0.7135614045599269,2.0561923496544385,6378,918
Xc743e344bff5,X8081e513da88,favorability,1.1015719142595197,1.1678806928605066,0.9432229858697503,0.34891149961067425,-1.2289666866062958,3.432110515125335,67.88905371979175,882
Xc743e344bff5,X87e3a136e698,favorability,-0.36626343361902897,1.07748588564264,-0.33992411269552747,0.7353851991851835,-2.532258407430055,1.799731540191997,48.37658933479438,854
Xc743e344bff5,X8ea470ea2a65,favorability,3.4889463185386815,1.0809520068693106,3.227660706827757,0.0020621746030848624,1.3248180664052138,5.65307457067215,57.54079048964386,881
Xc743e344bff5,Xa0d96ac0e739,favorability,0.9046770621635044,1.2846421499977032,0.7042249564714359,0.484669155828258,-1.677752010461666,3.487106134788675,48.374936579603535,825
Xc743e344bff5,Xab7145ad8eaf,favorability,1.364111038462973,1.0330715849573349,1.320441930961938,0.19252066755413821,-0.7093329429279605,3.4375550198539067,51.54651886582876,862
Xc743e344bff5,Xb88cebb0b484,favorability,5.417641758410532,1.1579538639505167,4.678633516474925,1.598089982154472e-5,3.103211148967625,7.73207236785344,62.38780954383847,876
Xc743e344bff5,Xbc3a64862434,favorability,4.652913254065678,0.977822338877134,4.75844442192717,1.27760601877366e-5,2.696808592973114,6.609017915158241,59.74936688819858,899
Xc743e344bff5,Xcafb183f79b2,favorability,1.2861297219938637,1.1209551114340466,1.147351672582596,0.2561470551863564,-0.9597447181731713,3.5320041621608986,55.627896910677535,881
Xc743e344bff5,Xd14e130667e4,favorability,2.73562437921524,1.1717713964649554,2.33460586891622,0.022797157582510944,0.3935747314387368,5.077674026991744,62.385654240340216,884
Xc743e344bff5,Xf990d59b1a68,favorability,2.806921072511733,1.10014737474121,2.5514045999264514,0.01334414380304317,0.6054800272017653,5.008362117821701,58.934448411301105,866
Xc9457b7f8039,X1a27b55e9d0c,favorability,0.45891681762696934,0.49622791833538826,0.9248105571456355,0.3551101017097178,-0.5139128718629634,1.4317465071169022,4889,700
Xc9457b7f8039,X36ab62e2ad51,favorability,0.350231680816848,0.49343924343008777,0.7097767060079203,0.4778764660546674,-0.6171309528264237,1.3175943144601199,4889,679
Xc9457b7f8039,X4038803eb3ed,favorability,1.1480354033028568,0.5220653906926499,2.199026067940841,0.027922736468997518,0.12455265846924801,2.1715181481364656,4889,707
Xc9457b7f8039,X606288003a83,favorability,1.0761788994563333,0.5125988492858712,2.099456331116653,0.03582782899796394,0.07125482937079819,2.0811029695418686,4889,698
Xc9457b7f8039,Xa24c8db48110,favorability,0.4758414372553982,0.46721428088696193,1.0184650956132129,0.3085073758686717,-0.4401084861693587,1.391791360680155,4889,735
Xcbca87b096bc,X889201caef2f,favorability,4.589112343966709,3.5627368230348564,1.2880862583775,0.20037411049925805,-2.4700903332592796,11.648315021192698,111.86018277592147,109
Xcbca87b096bc,Xdf7d7e32301b,favorability,5.220180305131762,3.5622649903380132,1.4654104395070378,0.14528972674863586,-1.8291567489208704,12.269517359184395,126.51950363863132,115
Xcbca87b096bc,Xf2ff768695d6,favorability,1.0969387755101871,3.574931298345953,0.3068419177783131,0.7594506111610498,-5.975088991030192,8.168966542050565,131.07774656267608,114
Xcd1c7907cdb8,X7717c01fc34b,favorability,3.37480935907452,2.4872017306307592,1.3568699786239944,0.17625868614889953,-1.527871728602316,8.277490446751356,213.00866566582047,227
Xcd1c7907cdb8,X79fbd39b6550,favorability,-2.3603128991060034,2.4276606565939978,-0.9722581665995761,0.33208761610249504,-7.1471863723210065,2.4265605741089997,201.5313033612355,224
Xcde61df57a05,X0248f5c80d91,favorability,2.506460823314053,2.2814532588590906,1.0986246654763747,0.2724142574803309,-1.975003199556137,6.987924846184243,548,118
Xcde61df57a05,Xa7d3d550a572,favorability,2.4733469621101625,2.1425325918801406,1.154403424939138,0.24883797984053962,-1.7352348666226698,6.681928790842995,548,122
Xcde61df57a05,Xd36f3fbec8a9,favorability,0.5501021966890522,2.1154704988212902,0.26003775377418936,0.794932322505286,-3.60532149875489,4.705525892132995,548,116
Xd0500f1294c1,X12324c1961f3,favorability,0.0073053548699327925,2.3110067487164843,0.003161113602974172,0.9974858888555264,-4.593713317737424,4.60832402747729,77.83067849590859,261
Xd0500f1294c1,X3700314fa778,favorability,-5.268680669453088,2.2303013375969187,-2.362317853931761,0.02042890944415993,-9.70266597989109,-0.8346953590150861,85.60349486219278,267
Xd0500f1294c1,Xa0cad43ab204,favorability,-5.445001807664466,2.209050795327291,-2.46486039125132,0.016765025737111288,-9.869208169028994,-1.0207954462999398,56.61123951600564,264
Xd0500f1294c1,Xe9dac1669d26,favorability,-1.846269923606522,2.1898709005740855,-0.8430953272736367,0.4014915903873548,-6.19899415642808,2.5064543092150355,86.83206662106528,262
Xd4b78e57e862,X17f82af5a71f,favorability,-0.5143264003152594,1.3524152241955798,-0.3803021373270788,0.7037698329746096,-3.166946792811933,2.1382939921814144,1659,357
Xd4b78e57e862,X540aed828d4b,favorability,0.20849342925855557,1.2554625450447783,0.1660690158232632,0.8681228728975103,-2.253964467858362,2.6709513263754734,1659,355
Xd4b78e57e862,X5f1a9e8583dd,favorability,-0.45974127028969203,1.3218996575130657,-0.347788326955632,0.7280432768592566,-3.0525085843660333,2.133026043786649,1659,359
Xd503139dae5a,Xcda5e7619a80,favorability,3.0473856209150636,2.483073607702769,1.2272635057864318,0.22114721591297248,-1.8485852987972429,7.94335654062737,202.6694529572895,207
Xd503139dae5a,Xeee34d4c1884,favorability,1.1489898989899037,2.373010613071123,0.48419079656070063,0.6288038297785707,-3.5316100027665063,5.829589800746314,191.47050790165272,206
Xd54a3e61a37c,X0ce075837de4,favorability,1.3528041840293097,1.4323163535009698,0.9444870057670495,0.3450930289948917,-1.4570509973130366,4.162659365371656,1325,226
Xd54a3e61a37c,X64a1712a1e8c,favorability,-1.2196488594455401,1.396652324479295,-0.8732659073905555,0.3826763903358831,-3.9595399183444373,1.5202421994533568,1325,227
Xd54a3e61a37c,X9239ef22e0c0,favorability,4.043781708695262,1.5034737694716813,2.6896257126695606,0.007243028399047478,1.094333040573599,6.993230376816925,1325,228
Xd54a3e61a37c,Xd547b2c2c45f,favorability,-0.8082473179449708,1.4788700029113424,-0.5465303348866594,0.5847934594104012,-3.7094293997212877,2.092934763831346,1325,223
Xd5f0eea45635,X3a450d21d7f3,favorability,2.615344739043282,1.4343721565449947,1.8233376373833994,0.06870582158022895,-0.20115369847304443,5.4318431765596085,658,137
Xd5f0eea45635,X3a53ea3f455c,favorability,4.674791749385853,1.5157568090216018,3.084130463120506,0.002126973296308368,1.6984883787548877,7.651095120016818,658,152
Xd5f0eea45635,X66192ad9c068,favorability,3.5029467974668784,1.6067041019550907,2.1802065440701726,0.029595789995174978,0.34806152445117045,6.657832070482586,658,139
Xd783f4c0b772,X5f0c46970605,favorability,0.5789473684210684,2.990333425809877,0.19360629267094895,0.8468310830051267,-5.345317849456337,6.503212586298473,113.22009113083908,104
Xd783f4c0b772,Xd6116e44fc19,favorability,2.2178217821782162,3.09686032735946,0.7161516980874767,0.475321948448695,-3.915226297659804,8.350869862016236,117.22228855106815,112
Xd7ffbf77d995,X534de6dcbdc7,favorability,-1.7700262617975757,2.2928820676952086,-0.7719656788003909,0.44044176454549955,-6.273168040050031,2.733115516454879,594,91
Xd7ffbf77d995,X889ab3500e1a,favorability,1.5740722886301692,2.314349833516803,0.680135848882563,0.49668343486946487,-2.971231445755571,6.11937602301591,594,87
Xd7ffbf77d995,Xa32032a21e39,favorability,3.266928807952839,2.1840272775558693,1.4958278413119628,0.13522961728037894,-1.022425894136516,7.556283510042194,594,90
Xd7ffbf77d995,Xf0124ce50c86,favorability,1.01125226240861,2.3414144386409994,0.4318980210080022,0.665972259901368,-3.5872054286344746,5.609709953451695,594,81
Xd7ffbf77d995,Xf61da01f8659,favorability,-0.4917806079269094,2.1685382089016594,-0.22677977538426258,0.8206730125662759,-4.750715310162933,3.7671540943091144,594,88
Xdc7b0fd9df64,X6b36713172be,favorability,-1.3104670851092557,1.5790541258784019,-0.8299063747294061,0.40684116554262206,-4.410081193507004,1.7891470232884923,794,230
Xdc7b0fd9df64,X92cacf23e580,favorability,0.8303785609300526,1.4175133606158679,0.5857994598155163,0.5581767537694671,-1.9521380985055958,3.612895220365701,794,244
Xde82367108c3,X58deb96e73d6,favorability,0.9986608034153726,0.7145463798537108,1.397615090597518,0.16229885727356058,-0.40220814963415386,2.399529756464899,4418,882
Xde82367108c3,Xb942ab23dccc,favorability,1.9568791449755703,0.740312054086634,2.6433166043606917,0.008238815510201319,0.5054965596343515,3.408261730316789,4418,886
Xde82367108c3,Xebe603eb4b8e,favorability,3.512341968548145,0.7613403325398345,4.613366478078151,4.07413386911529e-6,2.0197334204818755,5.004950516614414,4418,887
Xe10e3997a090,X1a253598a412,favorability,-0.31516431745789303,1.2088471450618947,-0.26071477998300285,0.7943240120105669,-2.6850780549596864,2.0547494200439003,4650,962
Xe10e3997a090,X1cf9f9abdc61,favorability,1.3102805187225484,1.1976209996869442,1.0940694251896494,0.2739812006589473,-1.0376246494973735,3.6581856869424705,4650,1006
Xe10e3997a090,X52b095e739fa,favorability,-0.8224010985800134,1.2148465344386636,-0.6769588382289085,0.498465745159519,-3.204076484656407,1.5592742874963805,4650,942
Xe1243115280f,X89513bb63711,favorability,5.448717948717954,2.425799153060895,2.246153784761081,0.02579789032551042,0.6650203988511798,10.232415498584729,198.13995660182135,220
Xe1243115280f,X99735fc8aa6f,favorability,5.853564284415366,2.320181351937909,2.522890841927608,0.012479226349911264,1.2762449805662763,10.430883588264457,185.59586189652433,212
Xe4ab4974f4be,X159322ca5c8a,favorability,1.9089702615388142,0.759029764343398,2.5150137072558376,0.01192578688822487,0.42103284877730696,3.3969076743003215,6760,694
Xe4ab4974f4be,X1f20a415e6ab,favorability,2.0599513981029043,0.8015967168574264,2.569810173597918,0.010196659514038902,0.48856935093018206,3.6313334452756267,6760,691
Xe4ab4974f4be,X2fdd7222ee6a,favorability,0.2514883224539889,0.7477811158012004,0.3363127486638051,0.7366454758747587,-1.214398196132875,1.7173748410408525,6760,692
Xe4ab4974f4be,X5216468e4e57,favorability,2.25361792003848,0.7492655178492686,3.0077694306650917,0.002641413709204625,0.7848215058893371,3.7224143341876226,6760,695
Xe4ab4974f4be,X5aa177331f1e,favorability,1.905537959626832,0.7820090765352815,2.436721026397014,0.014846738635749751,0.37255385708312905,3.4385220621705352,6760,700
Xe4ab4974f4be,X80314c4dd79d,favorability,0.5352444658386852,0.8369788980145262,0.6394957711698436,0.5225221335207393,-1.1054978008694276,2.1759867325467983,6760,685
Xe4ab4974f4be,Xf8da822347e5,favorability,0.9046754801099347,0.7783264253187315,1.1623342734887385,0.2451407429111995,-0.6210894661099099,2.4304404263297794,6760,691
Xe5fca9167903,X1d9f7515e05e,favorability,1.8034630345393627,0.6935892242149322,2.6001889469674033,0.009334229632779382,0.4438491656979682,3.163076903380757,8068,746
Xe5fca9167903,X41dc9d9a1732,favorability,0.5253690313334975,0.6586094929308224,0.7976942892146867,0.42507139512735936,-0.7656755372335848,1.81641359990058,8068,758
Xe5fca9167903,X6485e3969d76,favorability,2.7576681511413708,0.6685624654205121,4.124772618526907,3.748268748842257e-5,1.447113188005376,4.068223114277366,8068,751
Xe5fca9167903,X97b62265efa3,favorability,2.7037775304323093,0.6977606024486238,3.8749357887849345,1.0749732990262761e-4,1.3359866837765177,4.0715683770881,8068,737
Xe5fca9167903,X9c485d0a3260,favorability,0.32263537361752037,0.6682481690847798,0.48280771806587325,0.6292453698850204,-0.9873034875923358,1.6325742348273766,8068,744
Xe5fca9167903,Xa57d78336b9a,favorability,2.5533682004249223,0.6989220365533918,3.6532947408789656,2.605384316625071e-4,1.1833006432011786,3.923435757648666,8068,736
Xe5fca9167903,Xa586a1d3b143,favorability,0.6313666419451721,0.652104110262048,0.9681991449056463,0.3329739441519808,-0.6469256977956949,1.909658981686039,8068,753
Xe5fca9167903,Xfe8a26638f23,favorability,1.4227169884905833,0.6776814774357462,2.099388925124454,0.03581361691128923,0.0942864085295474,2.751147568451619,8068,740
Xe8542bf44750,X324453b8b6c9,favorability,1.6733635791077064,0.3917394774652219,4.27162355434618,1.9525038907387105e-5,0.9055063487548648,2.441220809460548,14999,3574
Xe8542bf44750,X733c20994155,favorability,1.2133698278657528,0.37847516149358956,3.2059430877244086,0.0013490272018316276,0.47151227717350086,1.9552273785580048,14999,3541
Xe9ef1f1fb8ef,X1201e3e3f7a2,favorability,1.9616811596909252,1.9913489449289226,0.9851016642193484,0.3250430795015524,-1.9506121232795757,5.873974442661426,508,145
Xe9ef1f1fb8ef,X9c66eb8058e2,favorability,2.630579498391036,1.9282939259911263,1.3642004794673308,0.17310854296140066,-1.1578330716204794,6.418992068402551,508,149
Xf0130cfec75e,Xbd20deb05c44,favorability,-4.764267911187992,2.1536651517350887,-2.212167433433041,0.02946761621556524,-9.04247279529515,-0.48606302708083327,90.66395742768078,319
Xf0130cfec75e,Xe19ab7283c95,favorability,2.0795801625511268,2.2807560466856565,0.9117942120873147,0.3644341807174706,-2.454624012260387,6.61378433736264,85.7201018183701,307
Xf0130cfec75e,Xfa8f34d9f4de,favorability,1.9668386609614552,1.7417332838481856,1.1292421630801714,0.26207489111505805,-1.4978102074996682,5.431487529422578,82.33885721006472,320
Xf337919542ab,X26f0598343f4,favorability,-0.09160154967495093,1.6791284856023554,-0.054553031802143846,0.9565350152389576,-3.3974930694146215,3.214289970064719,269.2440215671703,538
Xf337919542ab,X91cdbf7fc9bd,favorability,4.37725583864123,1.6524657615951241,2.6489237722032244,0.008531565572792724,1.1244762474370384,7.630035429845422,281.07130527201343,541
Xf337919542ab,Xf4ea690c269d,favorability,0.7915000246877643,1.5242943612353532,0.5192566769362703,0.6039846501438885,-2.208799552171512,3.7917996015470408,285.07727327659956,563
Xfb6f85b84f14,X00219b8ba6a6,favorability,1.3393342333516673,1.333190979008299,1.004607932726891,0.3152269827705496,-1.2755121162427212,3.954180582946056,1720,283
Xfb6f85b84f14,X0686cc444463,favorability,2.8896787650103533,1.3231661763474205,2.1839122074502133,0.02910337849051077,0.2944945036358395,5.484863026384867,1720,299
Xfb6f85b84f14,X2f9894c42f5e,favorability,-0.9842730488971142,1.305271975410754,-0.7540750643844742,0.45090736839058254,-3.5443606236491636,1.575814525854935,1720,297
Xfb6f85b84f14,Xc41f17216508,favorability,-0.40336401587844506,1.3146114200115824,-0.30683136456770715,0.7590088741656675,-2.9817694558172816,2.1750414240603915,1720,292
Xfe8b4566d11e,X08660b8619f7,favorability,0.305468213905854,0.7087575800221112,0.430991106855357,0.6664913957776044,-1.0839708888754203,1.6949073166871282,5610,708
Xfe8b4566d11e,X328ab23bd8d8,favorability,-0.5637323611594294,0.7119126019696882,-0.7918561345869137,0.4284780466825834,-1.9593565277589415,0.8318918054400828,5610,691
Xfe8b4566d11e,X7d527e41b4e6,favorability,0.15780956586950565,0.726927955364312,0.21709106756035648,0.8281452693646294,-1.2672505034090564,1.5828696351480676,5610,682
Xfe8b4566d11e,X8bc23b11330c,favorability,1.4084678740458407,0.7253104754048568,1.9418827134127028,0.05220129545077712,-0.013421308646136998,2.8303570567378182,5610,716
Xfe8b4566d11e,Xc5c45c385810,favorability,0.28010376108258545,0.6879478459349729,0.4071584244905998,0.6839071691802309,-1.0685402107905322,1.628747732955703,5610,707
Xfe8b4566d11e,Xcfd91d215f7e,favorability,-1.037995655219073,0.6706053164373963,-1.5478488311626353,0.12171510321166001,-2.352641558776196,0.2766502483380502,5610,703
X00f59679c283,X8e9e8d9fbcbb,votechoice,-2.521552022618172,1.3052160325656799,-1.931903960497271,0.053526077590937235,-5.081427093736258,0.038323048499913526,1824,364
X00f59679c283,Xa91f3a9b6388,votechoice,1.1068192142932356,1.3177201963741583,0.8399501027143408,0.4010464446915475,-1.4775798409162648,3.691218269502736,1824,368
X00f59679c283,Xeabe7ca75d77,votechoice,1.9924341137420458,1.2495127492476898,1.5945688548929622,0.1109819285008414,-0.45819203398911723,4.443060261473208,1824,373
X033ad160abd7,Xaa302fc2c9b7,votechoice,2.349656712188725,3.1627248486823634,0.7429216339093252,0.4577979508379827,-3.8607519256198928,8.560065349997343,649,105
X033ad160abd7,Xab5b00bb4063,votechoice,5.002004149752698,2.686757924447543,1.8617249080157532,0.06309369192994953,-0.2737834764270968,10.277791775932492,649,117
X033ad160abd7,Xc1e324e2d086,votechoice,5.648160482363469,2.913111466194477,1.9388755109127027,0.05294964973197693,-0.07210083600279127,11.36842180072973,649,112
X033ad160abd7,Xdb1635e19a5a,votechoice,1.07789318018552,2.7582337128265495,0.39079109764086295,0.6960799024325228,-4.33824616003228,6.49403252040332,649,106
X0359e72b4036,X3743f26600b3,votechoice,1.3842695143319976,4.135221282038707,0.3347510132878641,0.7382259316093103,-6.778776285049288,9.547315313713282,169.85516690154822,158
X0359e72b4036,X5cc2404c0663,votechoice,5.071867197516696,3.9144089882036517,1.2956916900612905,0.19698620199246003,-2.6599184326075545,12.803652827640946,156.77178846174561,153
X03cc29d0f06b,X029473d3c7df,votechoice,1.3169228962156534,0.9344235838188044,1.409342528399861,0.1588505843062288,-0.5153458305347067,3.1491916229660135,2665,565
X03cc29d0f06b,Xa154386c442d,votechoice,0.46669024525644126,0.9048148804132246,0.5157853339495324,0.6060471330199652,-1.307520120993259,2.2409006115061416,2665,561
X03cc29d0f06b,Xc0e105a8f255,votechoice,0.935263923140168,0.9418005292256119,0.9930594580459426,0.32077113471248164,-0.9114699205035379,2.7819977667838742,2665,580
X0b29d31bb747,X88625f8e7c09,votechoice,-0.5728074920778253,1.1140906770732348,-0.514147998781047,0.6071827304019501,-2.757181201963834,1.6115662178081838,3321,584
X0b29d31bb747,X8928b0ac21f4,votechoice,-1.05407622983346,1.1046613861578718,-0.9542075454448967,0.3400480435626422,-3.2199621311395648,1.1118096714726446,3321,561
X0b29d31bb747,Xa370433c6c71,votechoice,-1.0800497542346208,1.04892405619493,-1.0296739290665162,0.30323808172733047,-3.136652667417948,0.9765531589487062,3321,565
X0b29d31bb747,Xe90947cef2bd,votechoice,0.3863362620789461,1.0623957535476027,0.36364627850673686,0.7161453110760874,-1.696680319336509,2.469352843494401,3321,537
X0ca4a39fd242,X2a6e762a5f51,votechoice,2.5307779608485865,1.1820844304646225,2.1409451775401993,0.04995133040269181,6.153609341308375e-4,5.060940560763042,14.310823566228756,959
X0ca4a39fd242,X53cc3cde3a58,votechoice,1.7652930148589872,1.708097462167155,1.0334849468245595,0.31484325954728726,-1.8190889351010386,5.3496749648190125,18.298945497144587,952
X0ca4a39fd242,X7d85c9731540,votechoice,-0.13277200062079636,1.135059816799586,-0.11697357148556295,0.9086115237160385,-2.57686263734488,2.3113186361032874,13.435592556559396,885
X0ca4a39fd242,X80bea2f6d40a,votechoice,1.6697793813777824,1.022727489584668,1.6326728267134811,0.1233859270195544,-0.5104623437481783,3.850021106503743,14.97242834641179,944
X0ca4a39fd242,Xa43bcb74de89,votechoice,2.519633242486437,1.5225632729196659,1.654862748432642,0.11988928757461245,-0.7417819498961933,5.781048434869067,14.19286536180237,947
X0ca4a39fd242,Xffa9e5b5e054,votechoice,0.9239707854813861,1.5505443779237096,0.5959008968957402,0.5583614673093067,-2.3241100126790544,4.172051583641827,18.764903649689902,945
X0d38ddbcda23,X30f1a567e5fe,votechoice,1.170066973962421,1.160365569184831,1.0083606451580647,0.31336949571949474,-1.105202651354962,3.4453365992798037,2768,473
X0d38ddbcda23,X4a84f3ea1631,votechoice,0.1513274699878827,1.1401834884433857,0.13272203248135064,0.8944228646894665,-2.0843686997684463,2.3870236397442115,2768,482
X0d38ddbcda23,X5245e7912661,votechoice,0.385409689612733,1.1549920024932314,0.333690353509605,0.738638505506279,-1.8793233312088768,2.6501427104343427,2768,453
X0d38ddbcda23,Xb982da11a4f0,votechoice,0.4050725212509894,1.1477494666013592,0.3529276493157202,0.7241695545619518,-1.8454591802944684,2.6556042227964474,2768,462
X0f0abe8145e8,X2ea06ec479f2,votechoice,-0.09413242904918522,0.7665390518772258,-0.12280187006605649,0.9022673426697786,-1.5967682055211476,1.4085033474227773,7368,922
X0f0abe8145e8,X446e10e72eab,votechoice,0.04934111481289555,0.8174742625411411,0.060358004005554064,0.9518721425820206,-1.5531422423378318,1.6518244719636228,7368,925
X0f0abe8145e8,X65840d8d39b3,votechoice,-0.3009863050082469,0.8010599799189047,-0.37573504176143874,0.7071247008378476,-1.87129297363555,1.2693203636190562,7368,916
X0f0abe8145e8,X82739bc52aee,votechoice,0.2860980706473094,0.8113194249664923,0.3526330836453538,0.724373618362909,-1.3043200445364342,1.8765161858310528,7368,913
X0f0abe8145e8,Xb5b295c0f263,votechoice,-0.5652427317745969,0.7991623090552642,-0.7072940319755607,0.47940614302347206,-2.131829422763851,1.001343959214657,7368,936
X0f0abe8145e8,Xdc31dd630566,votechoice,-0.566218701567712,0.8066161283717211,-0.7019679890491548,0.482721299782917,-2.1474170102545074,1.0149796071190835,7368,921
X113182778c3f,X719943ebde4b,votechoice,0.7252880960045157,1.2640276982008778,0.5737912998558785,0.5661804841149829,-1.7538221258557054,3.204398317864737,1806,453
X113182778c3f,Xb0946f3698e9,votechoice,1.1628443711312284,1.214132535238303,0.9577573595810048,0.3383133172446169,-1.2184075453311285,3.544096287593585,1806,467
X14c85a139dd6,X24e813bd4e2b,votechoice,-0.04211803642430624,0.7367034695972398,-0.057170948912908505,0.9544107301484077,-1.4862920549233432,1.4020559820747305,6678,777
X14c85a139dd6,X39834bfb3d8d,votechoice,1.906903754146411,0.7633319985439384,2.498131557151861,0.012508843569493194,0.41052931683205873,3.403278191460763,6678,735
X14c85a139dd6,X41d607d4b4d6,votechoice,0.9040594062426749,0.7398388211837404,1.2219680562263304,0.22176283804537605,-0.546260902435448,2.354379714920798,6678,739
X14c85a139dd6,X8de49f249155,votechoice,2.444213654531493,0.7584221227657715,3.2227615481706557,0.0012757089393390013,0.9574641413901774,3.9309631676728083,6678,753
X14c85a139dd6,Xcf7a742882b8,votechoice,0.7284490541124118,0.7698338995440356,0.946241851058864,0.3440594808769537,-0.7806711851191306,2.237569293343954,6678,731
X14c85a139dd6,Xf33fc1df368e,votechoice,0.37976567807239137,0.7709717442655603,0.492580539944641,0.6223251950620892,-1.1315851001096604,1.8911164562544434,6678,724
X14c85a139dd6,Xf4206a66673d,votechoice,0.3020509494284227,0.7716287475208818,0.39144595169485774,0.6954801212951098,-1.2105877649050953,1.8146896637619407,6678,773
X17dfb74370ef,X7b926d77a44c,votechoice,-2.2067153499682397,0.8460724926905886,-2.6081870868425012,0.009121755690636687,-3.8652752259262098,-0.5481554740102694,6964,784
X17dfb74370ef,X968253da79bd,votechoice,-1.685897535581063,0.8569329504651403,-1.9673622477300745,0.04918109431359593,-3.365747217855895,-0.0060478533062309214,6964,796
X17dfb74370ef,Xa97c62bda78a,votechoice,-1.129611494426963,0.8503071822173774,-1.3284746007686699,0.1840648998801745,-2.7964726521272767,0.5372496632733506,6964,782
X17dfb74370ef,Xb71d39c4f827,votechoice,0.19401334961977854,0.8556612898075499,0.22674082832871267,0.8206319324581443,-1.4833434903032043,1.8713701895427612,6964,798
X17dfb74370ef,Xd3509df8596f,votechoice,-0.7369616208692695,0.8548739278551417,-0.8620705309358172,0.3886783899976328,-2.4127749914637944,0.9388517497252551,6964,795
X17dfb74370ef,Xffb3dc1c217c,votechoice,-1.5684594245351675,0.8546384280063513,-1.83523157061165,0.0665140081537769,-3.243811143671487,0.1068922946011519,6964,792
X1ba0c452ca90,X491c60209953,votechoice,1.9495584026886195,1.9946183507823267,0.9774092381752961,0.32869306108876883,-1.9663680833278594,5.865484888705098,724,157
X1ba0c452ca90,X65690938244d,votechoice,2.00786836020796,1.9143556777572373,1.0488481234376872,0.29459801508216665,-1.7504827545530839,5.766219474969004,724,161
X1ba0c452ca90,Xce253e0bf4dc,votechoice,-0.15739211172447873,2.0790157482051397,-0.07570510798696875,0.9396746256682275,-4.239011450105033,3.924227226656076,724,156
X1bd946eb3686,X1f20b4c872ea,votechoice,0.8611385874226011,0.727445888196984,1.1837837032208431,0.2365458979670649,-0.5649187101670242,2.2871958850122263,5961,734
X1bd946eb3686,X40515a282355,votechoice,1.8861324923172929,0.7510800519633715,2.5112269822461952,0.012057469391856496,0.4137436774858536,3.358521307148732,5961,777
X1bd946eb3686,Xbf1734e955f0,votechoice,0.5111643333906961,0.7345958686259286,0.6958442801302923,0.48655348266072607,-0.9289095143420492,1.9512381811234414,5961,745
X1bd946eb3686,Xe2e9710a72fc,votechoice,1.2854504302267924,0.7535873206006455,1.7057750244553296,0.08810206965911349,-0.19185353883840617,2.7627543992919907,5961,754
X1bd946eb3686,Xed7236d2618e,votechoice,1.002492412929911,0.7597973303018251,1.3194208151951217,0.18707914110819274,-0.48698542335504613,2.4919702492148685,5961,746
X1bd946eb3686,Xfd2f0c6f25f6,votechoice,0.43576347347202454,0.7004635395324126,0.6221072887861002,0.5338951158991644,-0.9373986523343214,1.8089255992783706,5961,732
X201e65ae9067,Xf451f63bed87,votechoice,5.457375957375996,3.597333563303383,1.5170614182257154,0.13077535095203702,-1.634691486590861,12.549443401342852,207.2042692977117,226
X2381dc490ceb,X0584c15b82a3,votechoice,0.37387344810645007,0.8208070600187884,0.45549492239734396,0.6487776140627391,-1.2353592788395338,1.983106175052434,4054,885
X2381dc490ceb,X8cde1e9f6b85,votechoice,1.0788952693064875,0.8197345122024273,1.31615206294994,0.18819742123867372,-0.5282346747427906,2.686025213355766,4054,877
X284250c935ca,X36db75f60f0a,votechoice,0.5457956341011406,0.7559226930094215,0.7220257298114188,0.470299040848864,-0.9360021484827737,2.027593416685055,8283,737
X284250c935ca,X3b425a52abd1,votechoice,1.6139993222279396,0.7551268999826243,2.137388195633182,0.03259562728107416,0.13376149326548514,3.094237151190394,8283,753
X284250c935ca,X89f18a4a5370,votechoice,0.7124122188871966,0.7313054466953836,0.9741650661928454,0.3300030349325406,-0.7211295960709267,2.14595403384532,8283,744
X284250c935ca,Xb643920fcd38,votechoice,-0.6375621469263589,0.7432982240301113,-0.8577474374545675,0.3910567572654766,-2.0946128087890172,0.8194885149362993,8283,746
X284250c935ca,Xbc10a65e7f64,votechoice,0.8766558848072661,0.7222333682256021,1.2138124924372469,0.22485394323040572,-0.5391023844466911,2.2924141540612233,8283,756
X284250c935ca,Xd25172158c50,votechoice,-0.21412202633145538,0.7265651907144339,-0.29470449323467934,0.7682270159898239,-1.638371752473608,1.2101276998106971,8283,789
X284250c935ca,Xd3d6df25f558,votechoice,-0.20027169402963715,0.7574155384437419,-0.2644145569565875,0.7914670744145947,-1.6849958275152686,1.2844524394559942,8283,745
X284250c935ca,Xd6c5c1bfc52e,votechoice,1.3778485478618094,0.7729939887632664,1.782482875534732,0.07470713819957173,-0.13741324953183942,2.893110345255458,8283,750
X284250c935ca,Xf03b398e0e48,votechoice,0.704100262117892,0.7430668439184364,0.9475597893790272,0.3433812477509236,-0.752496836781801,2.160697361017585,8283,756
X29e0b3e3d212,X8794e2426b14,votechoice,-0.226352557380599,0.9612336086993667,-0.23548131831020125,0.8138505823924695,-2.1110646207088193,1.6583595059476215,3130,625
X29e0b3e3d212,X963d143ad76a,votechoice,-0.19824970540434314,1.047664601756855,-0.18923012677138587,0.8499247255282869,-2.2524289344523516,1.8559295236436655,3130,630
X29e0b3e3d212,Xf7891c4c5461,votechoice,-0.16614596799526485,0.9259289174387533,-0.1794370657035396,0.8576061439575742,-1.9816353398687099,1.6493434038781802,3130,624
X2ac92f4fab06,X051f3b1b6b15,votechoice,0.9420149290174125,0.8418545936724493,1.1189758137542856,0.26320930679370014,-0.7084271596215264,2.5924570176563515,4567,632
X2ac92f4fab06,X055e8e978256,votechoice,0.8244469448738269,0.8300019934758356,0.9933071864336788,0.3206129002315418,-0.8027583159668986,2.4516522057145522,4567,631
X2ac92f4fab06,X07cdea74e0b9,votechoice,1.3851649000984823,0.8334381873262938,1.6619887607287973,0.09658365691144716,-0.24877696228619728,3.019106762483162,4567,630
X2ac92f4fab06,X5a11255c5b41,votechoice,0.21313225293234198,0.7935024918115908,0.2685968287834288,0.7882520846953667,-1.3425163350413647,1.7687808409060488,4567,647
X2ac92f4fab06,Xacaed760e9cc,votechoice,1.1913865988134762,0.81220921995344,1.4668469275462948,0.142486554320234,-0.40093622209557633,2.7837094197225287,4567,635
X2c27b3c82c5e,X446cad8eade9,votechoice,2.5109927208890377,1.7929546931425089,1.4004775081561178,0.1616526360071462,-1.0070083197558124,6.028993761533888,1099,323
X2c27b3c82c5e,Xe0f72c5e254a,votechoice,2.4845829110321622,1.7789325409525376,1.3966706740334183,0.16279460629404147,-1.0059049157065747,5.975070737770899,1099,324
X2fe2886d447c,X10b72d85a87b,votechoice,3.0334240369234604,1.545225744521237,1.963094420138151,0.049706296970365015,0.0038953300742115005,6.062952743772709,3893,386
X2fe2886d447c,X23380411a8a8,votechoice,0.3059534722830538,1.4334994461341413,0.21343117579023038,0.8310018420748396,-2.5045276103120555,3.116434554878163,3893,398
X2fe2886d447c,X33defd73178b,votechoice,0.20090261327246772,1.4807468361857066,0.13567654399990337,0.8920840061354097,-2.7022104520555397,3.104015678600475,3893,388
X2fe2886d447c,X706b7ec45580,votechoice,1.3941116712095507,1.4384032076918447,0.9692078436383863,0.33250170776974075,-1.4259835965382974,4.214206938957399,3893,389
X2fe2886d447c,X824a6af69ba7,votechoice,1.2954962686066622,1.5254629536579971,0.8492479384701646,0.39579556265613247,-1.6952860334147317,4.286278570628056,3893,391
X2fe2886d447c,Xa78156dd2d0a,votechoice,0.30134938134632133,1.5228239514232593,0.1978885222186548,0.8431426164585619,-2.6842589627236704,3.286957725416313,3893,400
X2fe2886d447c,Xc01cb412bd39,votechoice,-2.346820662024788,1.5112595116738972,-1.5528905815953535,0.12053056320329493,-5.309756071526131,0.6161147474765554,3893,389
X2fe2886d447c,Xfd0b41a8a119,votechoice,1.2275816352468891,1.5363716651831707,0.7990134568776581,0.4243313530378603,-1.7845879979378814,4.239751268431659,3893,393
X3051b9505c0c,X83c51f55ecd2,votechoice,0.8300101685347607,2.7360142682353246,0.30336470762270584,0.7616914080966167,-4.540666040478746,6.2006863775482675,794,177
X3051b9505c0c,X939298573905,votechoice,-0.14927135579255785,2.600637506439604,-0.057397986233351454,0.9542426082244444,-5.2542089090283275,4.955666197443212,794,168
X3051b9505c0c,Xf20edc548acf,votechoice,2.524044682362015,2.496046366395989,1.011217065653493,0.3122205997942583,-2.375585042611534,7.423674407335564,794,161
X371271f59848,X0a4cf7b11152,votechoice,0.20417035004823325,0.9748743119027307,0.2094324853526396,0.8341185737991137,-1.7069786295856972,2.1153193296821637,5374,668
X371271f59848,X0db56e2f9135,votechoice,1.2991537104127064,1.0063152230277277,1.2910007527302505,0.19675894850513118,-0.6736322048565684,3.2719396256819815,5374,672
X371271f59848,X2e9c3090719f,votechoice,1.1229596781594202,0.9655344084021092,1.1630447018639538,0.2448630065483885,-0.7698793031217452,3.015798659440586,5374,675
X371271f59848,X62da557f1d63,votechoice,3.2828396466234944,0.975563989257683,3.365068496553919,7.706087266600125e-4,1.3703386196978251,5.195340673549164,5374,682
X371271f59848,Xd040d7558b57,votechoice,2.6223530777134787,0.9594509347091412,2.7331810130639442,0.006293111834328814,0.7414401718237691,4.503265983603188,5374,671
X371271f59848,Xf87c88acc3dc,votechoice,3.108497339169008,0.9738819946560017,3.1918624188826934,0.001421729857999521,1.1992937037403808,5.017700974597635,5374,669
X37ed37edc29e,X6a72c4caec1f,votechoice,2.3688411251533315,0.8498664060851636,2.787309991537604,0.005327639553238492,0.7028746303739979,4.034807619932665,7787,984
X37ed37edc29e,X7d2c57138af6,votechoice,1.795830760528611,0.8229543710848823,2.182175371595885,0.029126376640154546,0.18261908497236434,3.4090424360848575,7787,974
X37ed37edc29e,X7efb741b6efe,votechoice,0.7852218092354807,0.8234039703422948,0.9536288838989426,0.34030113023938713,-0.8288712016619019,2.3993148201328633,7787,985
X37ed37edc29e,Xb2bedaf5603d,votechoice,1.813890590723779,0.8248589420082901,2.199031250491734,0.027904997688167222,0.19694544444482864,3.430835737002729,7787,977
X37ed37edc29e,Xc68c41f26c4e,votechoice,1.9670456295289498,0.8277506695231672,2.3763745557126317,0.01750774304545635,0.3444319203825621,3.5896593386753377,7787,951
X37ed37edc29e,Xe8fa1978184e,votechoice,1.5699033915302125,0.836476279296736,1.8768056314162338,0.06058210043625902,-0.06981485713579927,3.2096216401962243,7787,965
X38974a4c2046,X41aaccd5c73a,votechoice,2.1241595887103593,1.4898463215777185,1.4257575146817258,0.1541455827115541,-0.798234225004248,5.0465534024249665,1506,391
X38974a4c2046,X8e4df9d1014b,votechoice,1.6157944020403718,1.5736693843047986,1.0267686581156834,0.3046942954925757,-1.4710217392743186,4.702610543355062,1506,378
X39f5116e55a1,X0d8f4f9a5869,votechoice,1.158778658581937,0.7966116379156979,1.4546343581093475,0.14585235294141136,-0.4030443858578028,2.7206017030216767,3835,640
X39f5116e55a1,Xaab684527f66,votechoice,1.1432998350280879,0.7823873275054273,1.4612964638287256,0.14401602671383287,-0.390635271635408,2.6772349416915837,3835,643
X39f5116e55a1,Xbf5c459a23ec,votechoice,0.17301607569720898,0.7978976837675339,0.216839927245129,0.828344628821269,-1.3913283680693833,1.7373605194638013,3835,642
X39f5116e55a1,Xe30dc16ebbc6,votechoice,0.04767697911039983,0.7750673794287841,0.061513334680059976,0.9509536004236525,-1.4719067635432552,1.567260721764055,3835,636
X3b305caa5847,X0e327cfa811d,votechoice,-0.12657805489438317,1.3765801432119062,-0.09195109744867078,0.9267433877886939,-2.8257775291907343,2.572621419401968,2836,359
X3b305caa5847,X4e5fd01d8068,votechoice,3.3665319306414125,1.3068446691899944,2.5760765682489635,0.010043019459403403,0.804069831025306,5.928994030257519,2836,354
X3b305caa5847,X52ee9653d668,votechoice,0.9734814588329493,1.4027499894749167,0.6939807279537724,0.48775113392367997,-1.777031871488318,3.723994789154217,2836,347
X3b305caa5847,X780858c51a8d,votechoice,2.4048486383871026,1.2850334436253288,1.8714288334804405,0.06138853937882436,-0.11484599224565839,4.924543269019864,2836,368
X3b305caa5847,X8861f8b15364,votechoice,2.4411673188164387,1.4919652601072626,1.636209222888296,0.1019067676603811,-0.48427938736202014,5.366614024994897,2836,360
X3b305caa5847,Xb0dfa6293d12,votechoice,2.9154885310725644,1.42184696671455,2.050493899360604,0.040407987051506854,0.12752983211072078,5.703447230034408,2836,357
X3bab95a16d3f,X0444af5aa348,votechoice,0.18881567668623778,0.7607180698118103,0.2482071665958294,0.8039780959064549,-1.3023050784221857,1.6799364317946615,12824,898
X3bab95a16d3f,X110f9885e8b2,votechoice,-0.05795921584478468,0.7895251117824539,-0.07341022467788813,0.9414808263478369,-1.6055460651348967,1.4896276334453276,12824,887
X3bab95a16d3f,X2a69ffa01534,votechoice,1.5150261029483265,0.7956536957158057,1.9041275257137356,0.0569159353870268,-0.044573683939949316,3.0746258898366023,12824,896
X3bab95a16d3f,X33d4582911e7,votechoice,0.11424044090568172,0.7851323448477671,0.14550469313276393,0.8843146974137848,-1.4247359307204965,1.6532168125318598,12824,907
X3bab95a16d3f,X3bc372fc90a0,votechoice,-0.6651456539536724,0.7897609007403552,-0.8422114254201959,0.3996853256350913,-2.213194684731125,0.8829033768237797,12824,900
X3bab95a16d3f,X42130beb4d54,votechoice,1.30422428151728,0.8107276416483123,1.6087082942745436,0.10770475691980662,-0.28492268524395903,2.8933712482785188,12824,901
X3bab95a16d3f,X91382a3ba0d7,votechoice,-0.7293755344025042,0.8062882752082539,-0.9046088810036533,0.36568962226968704,-2.3098206815264883,0.85106961272148,12824,892
X3bab95a16d3f,Xb786c51fb2c8,votechoice,0.2183551361749277,0.7938521553645606,0.2750576851109669,0.7832763516623295,-1.3377133632160347,1.77442363556589,12824,888
X3bab95a16d3f,Xc1c4c926f6c9,votechoice,0.2638541105204174,0.7731828662237318,0.341257058383996,0.7329156630265705,-1.2516995026672353,1.7794077237080699,12824,908
X3bab95a16d3f,Xd428a51413e2,votechoice,0.9165311041197629,0.7706374939777496,1.189315483975434,0.23433756453017368,-0.5940332002344609,2.4270954084739866,12824,917
X3bab95a16d3f,Xe771430b3e08,votechoice,1.6697085653683532,0.7828828648260424,2.132769332918488,0.03296258884427443,0.13514150973150763,3.204275621005199,12824,896
X3f36c1eb8e50,X0de918a86b92,votechoice,0.09788483000205314,0.7880686496857924,0.12420850650648316,0.9011549125883073,-1.447055293725761,1.6428249537298674,5283,767
X3f36c1eb8e50,X6d7c9df159a5,votechoice,0.4410630798366719,0.7881220285487753,0.5596380558589797,0.5757500671344433,-1.1039816885146967,1.9861078481880405,5283,756
X3f36c1eb8e50,X99545b67b825,votechoice,1.318933963079514,0.7355088764825947,1.7932264385265047,0.07299390303965404,-0.12296729144822516,2.7608352176072533,5283,770
X3f36c1eb8e50,Xe44231a8a480,votechoice,0.3485609111785613,0.7573573955519401,0.4602330593530947,0.645367885134395,-1.1361724668801956,1.833294289237318,5283,761
X3f36c1eb8e50,Xf5b2b5e33cf8,votechoice,-0.0953392960990748,0.7591046682454201,-0.1255944009927382,0.9000577741559755,-1.583498050477937,1.3928194582797873,5283,742
X4035b3649f55,X70a3c329472e,votechoice,1.5413033939892096,0.7598885019075361,2.028328353594113,0.04256598135765152,0.05168187291805881,3.0309249150603605,6742,1017
X4035b3649f55,X81ee68ff4ee2,votechoice,1.1347411437366088,0.7656016489751746,1.4821560863349237,0.13834550495230527,-0.3660799504345893,2.635562237907807,6742,1019
X4035b3649f55,Xb9a423a4ac5a,votechoice,0.3594660434113191,0.7472489975657528,0.4810525602340317,0.6304947542649277,-1.1053780561882227,1.8243101430108608,6742,1016
X4035b3649f55,Xdf0b586196b8,votechoice,1.9182345782710555,0.7708185189054206,2.4885683610650546,0.012849808226989952,0.4071867709686341,3.429282385573477,6742,1006
X43915f01925b,X43e31934e628,votechoice,1.644633628645265,2.7243380792395118,0.6036819149495418,0.5470127545528743,-3.7406019379619164,7.029869195252447,142.820549463501,247
X43915f01925b,Xa48879ab0952,votechoice,1.6358576823692978,2.635471696908391,0.6207077405871152,0.5357315254139057,-3.571477107332239,6.843192472070834,150.38277107849024,245
X43915f01925b,Xa4fc595f777d,votechoice,3.1349286597011856,2.6851787057855665,1.1674934904505887,0.24524470090993303,-2.1796397649346524,8.449497084337024,124.36192244101711,243
X467e42562cc3,X27b4a270e874,votechoice,0.643884347109737,1.3151033674610129,0.4896074050459196,0.6244452643132076,-1.9346452696688852,3.222413963888359,3203,461
X467e42562cc3,X9935ef672e9f,votechoice,0.10593148775258922,1.2809437052592887,0.08269800407126132,0.9340968394058834,-2.405621111959798,2.6174840874649767,3203,471
X467e42562cc3,Xad681b6b1939,votechoice,1.205202282373777,1.2625649860776453,0.9545665337337806,0.3398689820249451,-1.2703150725807648,3.680719637328319,3203,454
X467e42562cc3,Xb8b43893a78d,votechoice,2.5907569033459943,1.2834844445024178,2.018533932719676,0.04361887157680699,0.07422266374961195,5.107291142942376,3203,464
X467e42562cc3,Xca4233d90edd,votechoice,1.702795914559257,1.2360465538046725,1.3776147098326388,0.16841852278101246,-0.720726620293491,4.126318449412005,3203,462
X46cbfb66b14a,X69053152fa27,votechoice,2.8536540572445777,1.7903799483011833,1.5938818237728203,0.11147213463344051,-0.6622897557378682,6.3695978702270235,620,263
X48c00dcea613,X05d6966964d6,votechoice,-2.1422464267890065,3.0042725123617124,-0.7130666136225265,0.4764944110311162,-8.060231299596415,3.775738446018402,241,53
X48c00dcea613,X7541a65175c3,votechoice,3.748873916066874,3.6607698527924666,1.0240670861095518,0.3068303977190146,-3.462316321340871,10.960064153474619,241,55
X48c00dcea613,X96efd7e48df3,votechoice,1.7129351709465568,3.261088550493826,0.5252648446749989,0.5998819968803337,-4.710940370069713,8.136810711962825,241,41
X493ad50c4528,X25e76cbdfd98,votechoice,0.13899303199999372,0.8193166027595103,0.16964508168375492,0.8652980649635451,-1.4673365229589128,1.7453225869589002,3900,655
X493ad50c4528,X7681baac932d,votechoice,0.5820028425571028,0.865007329265792,0.6728299551532123,0.5010953415155288,-1.1139066917741096,2.277912376888315,3900,651
X493ad50c4528,X85b69da973a3,votechoice,1.2900054765526245,0.8374467207212095,1.540403042526301,0.12354326814913547,-0.3518694881034379,2.931880441208687,3900,664
X493ad50c4528,Xc142ee380243,votechoice,0.35336504815347564,0.8729718995001867,0.40478398944547017,0.685658497849085,-1.3581596031141738,2.064889699421125,3900,643
X4a7bc869dba3,X68447f0be1db,votechoice,2.1376312139595064,2.3880095570890534,0.8951518672166646,0.37110107942097026,-2.553198749729886,6.828461177648899,545,279
X4ac7e3ed36b6,X6042168b9a77,votechoice,4.4917144044989765,1.9436218851063332,2.3110021753296115,0.02098390750812558,0.6788415586481058,8.304587250349847,1340,288
X4ac7e3ed36b6,X6f846751db99,votechoice,5.602207440052784,1.9668468221614763,2.84831913544554,0.0044622171257521015,1.7437734011927568,9.460641478912812,1340,294
X4ac7e3ed36b6,Xc17870115f64,votechoice,4.573352462001515,1.871854878547068,2.443219564943703,0.014685227549243158,0.9012675300111912,8.245437393991839,1340,295
X4cd2c9923737,X872d5689bc1d,votechoice,-2.0083890254018004,1.5905313790001105,-1.2627157514266563,0.2076796913413281,-5.138500648296553,1.1217225974929517,297.64909737900234,723
X4cd2c9923737,X895a5fb04f84,votechoice,-0.09707410230815494,1.710460443381956,-0.0567531992240745,0.9547813932265272,-3.463750678616667,3.269602474000357,286.223632471855,722
X4cd2c9923737,X9946ecc8c78d,votechoice,-2.5162920642892757,1.7897327546464965,-1.405959665070938,0.16073939930273404,-6.037877100169962,1.0052929715914107,309.4469253083734,727
X4cd2c9923737,Xda82ac8e8655,votechoice,0.3128065056800557,1.710548186778104,0.18286915744200172,0.8550233522154455,-3.053292411451573,3.6789054228116846,302.083001550133,723
X4cd2c9923737,Xe1a159322b42,votechoice,0.15376235312428094,1.739030649152407,0.08841842620728034,0.9296026553098196,-3.2683744132931922,3.575899119541754,302.33139115938025,723
X4d1542866d9e,X051da39bd0a4,votechoice,7.709063236207637,1.4455044250514757,5.333130153463979,7.545309929363035e-7,4.8359572574566165,10.582169214958657,86.97979058844643,924
X4d1542866d9e,X08d2ba9b042e,votechoice,7.914288750730512,1.6894701115793327,4.684479883063548,1.0216358748276606e-5,4.556543273338052,11.272034228122973,87.47913289718824,915
X4d1542866d9e,X2358ae1f1e40,votechoice,4.014700890108318,1.5089887723777706,2.66052403013059,0.009495849344315353,1.0097628423587923,7.019638937857843,76.7478980194764,916
X4d1542866d9e,X2cadfa365469,votechoice,4.2188604467829824,2.3662131805499853,1.7829587297803748,0.07857855409038689,-0.4937185575598031,8.931439451125769,76.14284754438793,906
X4d1542866d9e,X370f9475fe80,votechoice,3.6596702147485454,1.663025898483238,2.2006092737860223,0.030571977742755142,0.3514520279878939,6.967888401509197,82.1162094321961,910
X4d1542866d9e,X5007dca20851,votechoice,4.083213912418282,1.7966024229380815,2.272742071526755,0.02598909150163346,0.502535131909096,7.663892692927468,72.93312238766788,924
X4d1542866d9e,X55a07e4583dd,votechoice,4.830371118433109,1.4564784190882338,3.316472839643554,0.0013601765180353061,1.932959706457305,7.727782530408913,81.9775781524523,921
X4d1542866d9e,X84fce520d96a,votechoice,7.836110382609239,1.4425389991037394,5.432165360851855,5.329831633447529e-7,4.967438360332408,10.704782404886071,83.94987808582252,926
X4d1542866d9e,Xa6acd45d2c74,votechoice,5.134349683470447,1.5549413541725927,3.3019571250663082,0.0015283769210761976,2.0318660634868806,8.236833303454013,68.43066184126664,885
X4e7bf05595bf,X0b8d1e51b436,votechoice,1.301036141340632,1.0446834591058207,1.2453879019528384,0.21306649336010788,-0.7471625167430109,3.349234799424275,3775,517
X4e7bf05595bf,X18c7d39425b3,votechoice,0.6403019599569241,1.004294108248972,0.637564190308073,0.523796078926281,-1.3287096357636616,2.6093135556775096,3775,545
X4e7bf05595bf,X3423e4fc56cf,votechoice,1.9586219864067123,1.0173742939573438,1.92517345684855,0.05428270910454347,-0.0360345246055378,3.953278497418962,3775,526
X4e7bf05595bf,Xc7b0c0c902d2,votechoice,0.05228594373849816,1.0951129060846188,0.04774479731540855,0.9619221573197501,-2.094784314856828,2.1993562023338247,3775,535
X4e7bf05595bf,Xe889f073f1a9,votechoice,-0.37763532179296494,1.0839131617438613,-0.34839997808071976,0.7275592466796701,-2.502747444524578,1.747476800938648,3775,517
X4f0673c63216,X1c256360162b,votechoice,3.079317346146445,1.557891555314488,1.9765928736450658,0.04821300177819676,0.02421676383941973,6.13441792845347,2189,462
X4f0673c63216,X4d77de856633,votechoice,0.42347735199472814,1.5759182814570865,0.2687178370715917,0.7881721468563263,-2.6669745109245246,3.513929214913981,2189,454
X4f0673c63216,Xd7bba4ed892b,votechoice,2.347109189368212,1.4878888262797376,1.577476184989464,0.11483048888423514,-0.5707126603418105,5.264931039078235,2189,480
X51f97f3cb7a9,X2d8edf2b8001,votechoice,1.0141777628057171,0.810872388524048,1.2507242534817669,0.21107895703532575,-0.5753912769167311,2.6037468025281654,6672,963
X51f97f3cb7a9,X45bed2bf2ba3,votechoice,2.1607421155924222,0.812231655298925,2.6602535144942188,0.00782686139625759,0.5685084785638546,3.7529757526209897,6672,950
X51f97f3cb7a9,X83b268b58b67,votechoice,1.8562577730447545,0.8567291147679512,2.166679923732404,0.030294549225913774,0.17679489388227387,3.5357206522072353,6672,935
X51f97f3cb7a9,X9054906fd822,votechoice,1.9119781912785776,0.8356381273648305,2.288045660755052,0.022165995683201014,0.273860388194221,3.550095994362934,6672,968
X51f97f3cb7a9,Xfe094c0d7c50,votechoice,0.5412393832419492,0.8293299765712907,0.6526224766161256,0.5140221760176862,-1.0845124281756262,2.166991194659525,6672,952
X56c1e861bf4a,X0c0ca0f5126d,votechoice,4.414525453065369,1.249021011696035,3.534388462425402,4.1541548856203575e-4,1.965418339958236,6.863632566172502,2768,481
X56c1e861bf4a,X11aee9c6b2fb,votechoice,1.676443940975645,1.2098258156061694,1.3856903360387314,0.1659531133236703,-0.6958083933532107,4.048696275304501,2768,466
X56c1e861bf4a,Xc3ceef3b5506,votechoice,4.464451318421606,1.185703380366844,3.7652345370225326,1.6985410684838815e-4,2.13949877102738,6.7894038658158316,2768,474
X56c1e861bf4a,Xd26666ab03eb,votechoice,3.273366421740071,1.2562370257682853,2.605691724249376,0.009218017893144083,0.8101099939079348,5.736622849572207,2768,436
X5a248af8c0f1,X2c7275cc573f,votechoice,7.553838581763112,2.617887901493801,2.8854706030203943,0.004372189325230732,2.3891318946689504,12.718545268857273,185.2488372692092,282
X5a248af8c0f1,X54de1a636144,votechoice,2.601532682799115,2.8180319071834643,0.9231736078528886,0.35726073628976274,-2.9623955403532913,8.165460905951521,165.4934556888892,267
X5a248af8c0f1,Xa0ca2f6dd0e3,votechoice,5.2993922294261315,2.6288372601740195,2.0158692627003205,0.04542605532768128,0.1091371185614447,10.48964734029082,166.0441922147291,275
X5bee0c849477,X3348c18ba9a8,votechoice,4.198308581507794,2.2627509077811414,1.855400241834248,0.09328017400192094,-0.8448916759967817,9.241508839012369,9.97843901221834,432
X5bee0c849477,Xbd20deb05c44,votechoice,5.901193122533178,2.5885071225947804,2.279767001999857,0.04420572841160816,0.18365866154636556,11.618727583519991,10.689310961612055,449
X5bee0c849477,Xd03be6103785,votechoice,-0.7711702514365701,1.9841356818589504,-0.38866810293641585,0.7046703792260198,-5.118703833693433,3.5763633308202936,11.420088577938571,437
X5c1c1e604f1e,X5ed9f3818ef8,votechoice,3.1102770184814528,1.2573430825455514,2.4736900068552075,0.015864019200741458,0.6014789906198228,5.619075046343083,68.28716259122777,1123
X5c1c1e604f1e,X71ab72cb709f,votechoice,2.0934066384261043,1.4047558810071463,1.4902280650537134,0.1416081966127863,-0.7187998017497028,4.905613078601911,57.728082008930365,1131
X5c1c1e604f1e,X9e6284831c63,votechoice,3.4863245159893883,1.2383988009386524,2.815187250946065,0.006438838043711052,1.0132539817626296,5.959395050216147,65.25422882368564,1100
X5c1c1e604f1e,Xa885ad46f671,votechoice,3.738749652135308,1.3019549395504888,2.8716428952803414,0.005760133962986905,1.1304740330124226,6.347025271258193,55.85785587653339,1120
X5c1c1e604f1e,Xb827dd77b842,votechoice,1.3507574900160808,1.3778386844654824,0.9803451632221318,0.33098570616728606,-1.4072610074158818,4.108775987448043,58.02498752383505,1128
X5c1c1e604f1e,Xc13bb4b63aa9,votechoice,2.8706050781082997,1.4575856223634251,1.9694246664245438,0.054188964348451336,-0.05355894065385236,5.794769096870452,52.52485415829491,1101
X5c1c1e604f1e,Xc306ecc0efd8,votechoice,5.254173899189169,1.304697042219555,4.027121798521709,1.599166006235509e-4,2.6448189664049058,7.863528831973433,60.48201428475453,1091
X5c1c1e604f1e,Xe419a189faf1,votechoice,3.1982091115948,1.204117792761637,2.656060005773792,0.01034368269921203,0.7846907427451884,5.6117274804444115,54.58505444680331,1117
X5f44bd39b5ef,X445b2a1eb751,votechoice,3.1395605890075293,1.1012744372545566,2.8508430621838072,0.004378940087095475,0.9805582847391414,5.298562893275918,4803,478
X5f44bd39b5ef,X50cafea1217a,votechoice,0.5814708508952224,1.1071042686755181,0.5252177842208701,0.5994560466405228,-1.5889605931457458,2.7519022949361904,4803,486
X5f44bd39b5ef,X56210d60a246,votechoice,3.254898005288061,1.1390862916719982,2.8574639420077532,0.0042887734076329405,1.0217671477233368,5.488028862852785,4803,481
X5f44bd39b5ef,X6fede5413b55,votechoice,3.1671822663000255,1.174931545292441,2.695631314853933,0.007050017295968467,0.8637782937463152,5.470586238853736,4803,472
X5f44bd39b5ef,Xab8b7d7cc4c1,votechoice,2.378419607541985,1.1495305961169409,2.0690354963810202,0.03859612813045918,0.12481312955032475,4.632026085533645,4803,494
X5f44bd39b5ef,Xc741eae28005,votechoice,2.7823009864399744,1.147776693874955,2.4240786568394057,0.015383962887411427,0.5321329601673508,5.032469012712598,4803,490
X5f44bd39b5ef,Xd4e9b525c4b7,votechoice,1.9741439095336923,1.100284167202536,1.7942127755531898,0.07284208309508886,-0.1829170118678689,4.131204830935253,4803,485
X5f44bd39b5ef,Xd5f22d3dd952,votechoice,3.570544889618378,1.1362984516195642,3.142259750974127,0.0016866939508672241,1.3428794754468028,5.798210303789953,4803,467
X603bfe4656f5,X0806df042874,votechoice,1.3539903621894034,0.8179426317319793,1.6553610359229622,0.09796000985271844,-0.24982035765026267,2.9578010820290697,2886,775
X603bfe4656f5,X2ab81a21a297,votechoice,0.40695180074693094,0.7894423584145182,0.5154927353584564,0.6062482287991637,-1.1409759731603089,1.9548795746541705,2886,772
X6165ecebc935,X013fa84421ad,votechoice,-0.590769353395628,0.9979918352951139,-0.5919581027643707,0.5539061802143441,-2.5472846681431376,1.3657459613518814,4860,701
X6165ecebc935,X0ce3891c0267,votechoice,0.5659242145989287,0.9871500976924322,0.5732909472650982,0.5664742385639685,-1.3693363915348091,2.5011848207326666,4860,701
X6165ecebc935,X981bf9062a4b,votechoice,0.453119266075204,0.9472212732220492,0.4783668598720154,0.6324106342845053,-1.4038627872554759,2.310101319405884,4860,696
X6165ecebc935,Xa62b5f3bc2cb,votechoice,0.17812442756264754,0.9465008174460667,0.18819257657196622,0.8507335486055125,-1.6774452066384797,2.0336940617637747,4860,695
X6165ecebc935,Xee25ad29c0f2,votechoice,0.4861057688621475,0.9898366419239767,0.4910969631486751,0.6233800441240421,-1.4544216788897977,2.4266332166140927,4860,705
X61d643d0e3b4,X1b8df3420965,votechoice,2.009768544784406,2.036879425619038,0.9866899923021252,0.3239965657304723,-1.9865339006136566,6.006070990182469,1182,245
X61d643d0e3b4,X76ec5511d134,votechoice,0.7633431084705878,2.2151430896407813,0.34460216680375955,0.7304547789272825,-3.582707833326177,5.109394050267353,1182,255
X61d643d0e3b4,X8f4c9a46ce25,votechoice,-1.286292699129027,2.2000393359147026,-0.5846680457621135,0.5588825226437668,-5.602710483856677,3.0301250855986224,1182,258
X620ceeae31bd,X549acdb08c68,votechoice,-4.594900587815892,2.1832096095877955,-2.1046538855622936,0.03565052034207941,-8.8807652573235,-0.30903591830828336,757,152
X620ceeae31bd,X7e98722746b1,votechoice,-3.7057550676116793,2.4624039206974877,-1.5049338723283086,0.13275818645148035,-8.539706841837772,1.1281967066144127,757,164
X620ceeae31bd,Xca07736f9f8e,votechoice,-3.9169602754654695,2.1232092400406337,-1.8448300815564025,0.06545272536311483,-8.085038057781732,0.25111750685079315,757,162
X6725be1de97c,X4f894ea806fb,votechoice,4.226723525231005,4.428468262698771,0.954443675442574,0.3413820225052421,-4.522922114652779,12.97636916511479,151.25078003333735,157
X6725be1de97c,X58b51c511ffb,votechoice,9.03561661889231,4.1953074531854515,2.153743609906746,0.0327121562222583,0.7521973353218279,17.319035902462794,164.96545206787488,160
X67bc71554412,X0784b4db4086,votechoice,1.211778442464813,0.9412822686988241,1.2873698812364835,0.19804596208035663,-0.6337049314470489,3.057261816376675,3698,736
X67bc71554412,X9cd5637cae36,votechoice,-0.043612055676100124,0.9474729483902807,-0.04602986897957909,0.9632889285364039,-1.9012329114291848,1.8140088000769845,3698,751
X67bc71554412,Xfcaece3ecc59,votechoice,0.5020738619113924,0.9224433766143925,0.5442869173760391,0.5862768638546378,-1.3064738729463117,2.3106215967690966,3698,749
X6b8d710d7a12,X0af56b592905,votechoice,0.9285940542420843,0.7863719777962734,1.180858525559842,0.2377169425832199,-0.6130521471251043,2.470240255609273,4841,773
X6b8d710d7a12,X5a2ed35195e3,votechoice,1.0936169355974854,0.7724804664369852,1.4157211516839006,0.15692149379248926,-0.42079559478067385,2.608029465975645,4841,827
X6b8d710d7a12,X691dd810acd3,votechoice,0.6722403070332983,0.8061973770172923,0.8338408511330089,0.40441181261669223,-0.9082726803622068,2.2527532944288033,4841,801
X6b8d710d7a12,Xded4dbcb84f9,votechoice,2.5817773587726416,0.7724135223920738,3.342480787722593,8.366314887303823e-4,1.0674960691246402,4.096058648420643,4841,816
X6d9559cf9fca,X1ead2481a845,votechoice,2.083923015550021,2.2025727876029326,0.9461312821438974,0.3443617073063202,-2.2394529772325753,6.4072990083326165,816,132
X6d9559cf9fca,X9c96f01feca7,votechoice,-1.791270098959444,1.9181588491751267,-0.933848674592175,0.35065820224334066,-5.556376961962346,1.9738367640434589,816,138
X6d9559cf9fca,X9cac434b7114,votechoice,4.50542814510547,2.0037403840694656,2.2485089290635747,0.02480986710311707,0.5723353905714439,8.438520899639496,816,146
X6d9559cf9fca,Xad306905e714,votechoice,-1.1116588162165932,1.8776583625369756,-0.5920453040853443,0.5539842505697539,-4.797268269366378,2.5739506369331915,816,137
X70744a27252a,X3d38c5f826a4,votechoice,-0.32362509070237905,1.7609750839675147,-0.18377607590747097,0.8542284252127502,-3.7794850254883374,3.132234844083579,948,198
X70744a27252a,X681f97fac8bf,votechoice,-2.8797104421555293,1.7302507442730901,-1.6643312835940136,0.0963767052166687,-6.275274796646568,0.5158539123355093,948,206
X70744a27252a,Xb5937df3e318,votechoice,-3.087259119787817,1.7094204051698618,-1.8060268325163944,0.07123121585471552,-6.441944568614464,0.26742632903883035,948,210
X7572bae2e47c,X1284d1c4a4c5,votechoice,-0.4612421170584887,1.09463718296699,-0.42136529275234563,0.6735326855447166,-2.60796337272209,1.6854791386051127,2043,492
X7572bae2e47c,X86ccfa05502e,votechoice,0.23410301343459988,1.1408389214661425,0.20520251284356933,0.8374343488530975,-2.003225665061022,2.4714316919302215,2043,514
X769f1c9a0c8c,X22ae0bfd41ee,votechoice,1.000640255210386,0.7530917658403481,1.3287095950303047,0.18399149727902483,-0.47567361448284196,2.4769541249036138,6356,697
X769f1c9a0c8c,X2c03e9ea05f4,votechoice,2.0143490614917776,0.7825414316457096,2.5741117083801397,0.010072220396341529,0.4803039138077845,3.548394209175771,6356,721
X769f1c9a0c8c,X40f47bab1f8d,votechoice,1.500228711675906,0.7989291961542565,1.8777993330290603,0.06045437227528555,-0.06594198183746913,3.0663994051892813,6356,692
X769f1c9a0c8c,X743a0ddb3853,votechoice,0.338018662263455,0.7603068254179773,0.44458191214794085,0.6566370587158379,-1.1524391577533182,1.8284764822802284,6356,720
X769f1c9a0c8c,X86d7e7115acd,votechoice,1.548198408956893,0.7830169326434768,1.9772221320044154,0.048059668196984304,0.013221118936602272,3.0831756989771835,6356,698
X769f1c9a0c8c,Xb9ca583e4282,votechoice,1.5679872526969845,0.7609682871192003,2.060515896967163,0.039389852103123284,0.07623274464286878,3.0597417607511,6356,705
X769f1c9a0c8c,Xda6d75744ad4,votechoice,-0.050897968792050524,0.7287654964341749,-0.06984135368797312,0.9443221291603323,-1.4795241454958945,1.3777282079117934,6356,718
X77de84900dcf,X4814db59d6a4,votechoice,0.24170982836373445,0.8444202060541947,0.28624353921277623,0.7747106948052135,-1.4139687615740189,1.8973884183014877,3105,655
X77de84900dcf,X926016828019,votechoice,0.4669661674862098,0.8427135729386231,0.5541220439322627,0.579535228929728,-1.1853661786145633,2.119298513586983,3105,659
X77de84900dcf,Xbae4a0107d6f,votechoice,1.9194796945571364,0.8614025214533496,2.228319103731679,0.025930590100464126,0.2305033983205993,3.6084559907936735,3105,656
X7b2202c3d630,X33457d76f8f5,votechoice,-0.08119157520837131,1.0658364626785841,-0.07617639108004097,0.9392838094005476,-2.1710299442063032,2.008646793789561,3021,422
X7b2202c3d630,X3697e5139817,votechoice,0.7710263719351512,1.0923867008365193,0.7058181606794743,0.4803556495331649,-1.3708703646936304,2.9129231085639327,3021,433
X7b2202c3d630,X501f635381b9,votechoice,0.93198964237221,1.046545863071425,0.8905387477592115,0.3732475864318019,-1.1200246920466246,2.984003976791045,3021,430
X7b2202c3d630,X7e48bf119fc3,votechoice,0.4060189423987303,1.0678304035995048,0.3802279285456736,0.703802959604858,-1.687729045370906,2.4997669301683665,3021,434
X7b2202c3d630,X8b7a3cd82470,votechoice,1.0655245412477623,1.0908487800694924,0.9767848309642728,0.32875389682957756,-1.0733567179227472,3.2044058004182716,3021,440
X7f3b23100683,X89db94aeb7ee,votechoice,2.685362392442003,1.1527850609777095,2.3294562736304645,0.019935114053896728,0.424561791338562,4.946162993545444,1978,421
X7f3b23100683,X8e350c345466,votechoice,2.627696720809939,1.1427860375320895,2.2993776914570967,0.021587241726817454,0.3865058448682146,4.868887596751664,1978,424
X7f3b23100683,Xca17169f4a82,votechoice,2.7256625847351206,1.1759233043871646,2.3178914598989144,0.02055678698777912,0.41948409283544796,5.031841076634793,1978,414
X805dc7d17075,X11476ae1b443,votechoice,1.0274872566758517,1.6893083669295859,0.6082295433979105,0.5430943736358265,-2.285212713769254,4.340187227120958,2336,388
X805dc7d17075,X506958ef8953,votechoice,1.1762323911831247,1.6834793443856342,0.6986913116016739,0.4848145161563431,-2.1250369824644473,4.477501764830697,2336,398
X805dc7d17075,Xbc78989baaaf,votechoice,2.8678094089755604,1.737156388348901,1.6508642677250842,0.09890071439701299,-0.5387195759020709,6.274338393853192,2336,391
X805dc7d17075,Xc97be333ed11,votechoice,1.9046976777799933,1.7142096568550755,1.1111229423794,0.266629782232965,-1.4568332249064213,5.266228580466408,2336,388
X80c2e207179a,X0a01f9a9405a,votechoice,0.8351525583604031,1.040300254076266,0.8027995332001301,0.42211880619847186,-1.204163229398434,2.87446834611924,6767,561
X80c2e207179a,X313993338e1b,votechoice,1.0378131982786363,0.9812431797104237,1.0576513750494623,0.29025216470259774,-0.8857321437255268,2.9613585402827995,6767,578
X80c2e207179a,X5daf982de1e7,votechoice,0.72383768799261,1.0064342260629964,0.719210127445827,0.47203629544632286,-1.2490900302396377,2.6967654062248574,6767,561
X80c2e207179a,X5f54ee9de08a,votechoice,2.2134047574947355,0.9928969546833791,2.22923914415727,0.025830696684359736,0.26701435013928165,4.159795164850189,6767,567
X80c2e207179a,Xae20956b659b,votechoice,0.2572310216567817,0.9906319014584912,0.2596635756208382,0.79513119071078,-1.6847191687675231,2.1991812120810863,6767,573
X80c2e207179a,Xb210fbbd82cf,votechoice,1.015522927805222,1.012100237439872,1.003381770143645,0.3157125732291301,-0.9685119553144779,2.999557810924922,6767,557
X80c2e207179a,Xb6e569bf2afb,votechoice,0.42601603098871843,0.9836777528086079,0.4330849506074043,0.6649668585816841,-1.5023018402310493,2.354333902208486,6767,555
X80c2e207179a,Xce131e018186,votechoice,-0.40553430310231897,0.9659787340878261,-0.41981700920700404,0.6746324661387808,-2.299156529325653,1.4880879231210153,6767,578
X80c2e207179a,Xe1d012265c89,votechoice,-0.8524383194453755,0.9901503314464657,-0.8609180771571192,0.38931366678325907,-2.793444481138949,1.0885678422481984,6767,562
X80c2e207179a,Xf85583428bff,votechoice,0.7673602566241948,1.0321573619738238,0.7434527765773525,0.4572334123777557,-1.255992900771476,2.7907134140198657,6767,571
X80e36e0e4fe3,X07c3076faa59,votechoice,2.6825850029806655,1.1896699788026552,2.254898459891,0.024249813031777957,0.34943169846391475,5.015738307497417,1957,581
X80e36e0e4fe3,X72544e34ad2e,votechoice,1.159892775668798,1.2261898852803776,0.9459324282417969,0.34429982882517274,-1.2448825265425547,3.5646680778801505,1957,565
X818b70255128,X05a88555e44d,votechoice,-0.03968257698517728,1.3026431297114067,-0.030463122308846576,0.9757013548320841,-2.594673512597544,2.5153083586271894,1665,343
X818b70255128,X23ad1b7ea512,votechoice,1.3825837683856448,1.2471319343459635,1.1086106692558688,0.2677582809332479,-1.063528075364366,3.8286956121356557,1665,356
X818b70255128,X283f7a66fa15,votechoice,1.2721189310374708,1.3173743786721834,0.9656472386533531,0.3343609620188569,-1.311765725891625,3.8560035879665664,1665,362
X84eebdcf94ef,X10c00f43fcc9,votechoice,0.6233770678355661,1.0920031411498554,0.5708564786536819,0.568123922051706,-1.5174549262920602,2.7642090619631925,4753,464
X84eebdcf94ef,X380c07eee37d,votechoice,1.0295763115706404,1.1291137103135267,0.91184466379808,0.3618967393135948,-1.1840095884681148,3.2431622116093957,4753,474
X84eebdcf94ef,X8519c31186da,votechoice,0.1606902703875948,1.0234156945046926,0.1570136858858363,0.8752407311257566,-1.8456785572523668,2.1670590980275564,4753,485
X84eebdcf94ef,X9085659022af,votechoice,0.9266954863190743,1.0139176578952922,0.9139750936409617,0.3607762937591843,-1.0610527898878677,2.9144437625260164,4753,476
X84eebdcf94ef,X9742d1f6ede6,votechoice,0.16969242532269097,1.0788616088956375,0.15728840837741404,0.8750242362841528,-1.9453760781687588,2.2847609288141406,4753,481
X84eebdcf94ef,X9aaeed75ce82,votechoice,1.2068385300051658,1.050907155842794,1.1483778783838614,0.25087039324071575,-0.8534262964466284,3.26710335645696,4753,473
X84eebdcf94ef,Xee13aaefab57,votechoice,2.251765233565744,1.1232062646966627,2.0047655576189864,0.04504472866611819,0.04976066338180418,4.453769803749683,4753,476
X84eebdcf94ef,Xfc2d0334353c,votechoice,0.7734433161866897,1.1135699271328017,0.6945619644903097,0.487363804176719,-1.4096695686297473,2.9565562010031265,4753,479
X86e782d62c2e,X774940708a69,votechoice,2.3519249869373877,0.7007616711025053,3.3562409074644655,7.955279131549622e-4,0.9781508500327409,3.7256991238420345,5425,776
X86e782d62c2e,X78d7d28dfca8,votechoice,1.7359234362079772,0.7174417902592265,2.4196017848092626,0.015570176189358666,0.329449570932143,3.142397301483811,5425,769
X86e782d62c2e,X7a2b14af7588,votechoice,0.016633091089735548,0.7142196642137674,0.023288481013814862,0.9814210165463562,-1.3835241138868353,1.4167902960663066,5425,780
X86e782d62c2e,X80bd9aeb6bf2,votechoice,-0.03831239087700702,0.7481087109218638,-0.05121233093222003,0.9591582115169013,-1.5049057292949095,1.4282809475408953,5425,765
X86e782d62c2e,Xfff933958978,votechoice,0.13746969648785698,0.7345710562509526,0.18714281663841242,0.8515556565388996,-1.3025844052278088,1.5775237982035228,5425,789
X877266884b5c,X0792480be753,votechoice,3.148782093482713,3.921708151073493,0.8029108674547324,0.426179088445223,-4.746431689924245,11.04399587688967,45.73708975524197,171
X877266884b5c,X40f8693422f1,votechoice,5.129468347848747,3.4549477153986348,1.4846732195068557,0.14290286843847813,-1.7824757661466917,12.041412461844185,59.572691253078425,175
X877266884b5c,X6620dc5f838a,votechoice,-0.38143144581772265,4.5021108472737765,-0.08472280198269573,0.9328160660391414,-9.421512031654045,8.658649140018598,50.60439149502649,162
X877266884b5c,X7f34cb49ca61,votechoice,-2.3947441990494625,3.2262995223145388,-0.7422572462619588,0.46153395290157084,-8.880981307021326,4.0914929089224,48.19351702872633,168
X877266884b5c,X89e844996fe7,votechoice,3.838132513279257,4.551475533619413,0.8432721399750351,0.403326483248136,-5.317054374987514,12.993319401546028,47.23470262029797,164
X877266884b5c,X8dbac0ec8131,votechoice,2.9569773855488464,3.933173414102563,0.7518044780193206,0.45493774739542214,-4.901163285003039,10.815118056100733,63.695494413138285,167
X877266884b5c,Xb9ba3bf4be34,votechoice,-4.167346938775453,4.278997981774353,-0.9739071989576864,0.3352465183214375,-12.78282191900053,4.448128041449622,45.549624457352216,169
X877266884b5c,Xbea8f0f9c3f9,votechoice,-5.394192576359391,4.015586329996449,-1.3433138110030773,0.1846807760297517,-13.441399848955568,2.653014696236786,55.063186947881704,172
X877266884b5c,Xd03dbbc08e2b,votechoice,-0.33508887425936756,4.192190911032542,-0.07993168282902334,0.9366130394310539,-8.75691020701486,8.086732458496124,49.62942256490931,173
X877266884b5c,Xf399c0257a35,votechoice,3.926770708283297,3.213718464550439,1.2218776322812104,0.22881583623703672,-2.56582947420395,10.419370890770544,40.51423931615658,170
X877266884b5c,Xf5365540d177,votechoice,-1.434914506343068,4.173767950348206,-0.3437935513936171,0.7322154519576569,-9.78541338593317,6.915584373247034,59.405108942602105,172
X877266884b5c,Xffd47908f679,votechoice,-0.6241036955322331,4.062359534016913,-0.15363083703108654,0.8785767663353029,-8.802506408785298,7.554299017720832,45.73122784444948,168
X87f354ace18b,X30168364d407,votechoice,1.6600943395414642,0.7006856528233494,2.36924265946115,0.017851382668461254,0.2865395117742544,3.033649167308674,7039,886
X87f354ace18b,X528a88abac43,votechoice,1.7784636405145098,0.6907096186195574,2.5748354917496625,0.010049015505014842,0.4244648431688962,3.1324624378601236,7039,853
X87f354ace18b,X752a4ed1e484,votechoice,1.1085885925357808,0.6825122903209268,1.6242763804509763,0.10436160961500458,-0.22934097345907256,2.446518158530634,7039,889
X87f354ace18b,Xb311b092b553,votechoice,1.7410848068803229,0.7157312712482706,2.432595691737466,0.015015777932758479,0.33803603737044696,3.1441335763901987,7039,885
X87f354ace18b,Xc89217ca0d3e,votechoice,0.7279098221919689,0.6956321470616598,1.0464004938050226,0.2954120950514969,-0.6357386128752491,2.091558257259187,7039,890
X87f354ace18b,Xcd19a4d482f8,votechoice,1.5902550464897771,0.7213638589806984,2.204511671456398,0.027520615102356562,0.17616470927900085,3.0043453837005534,7039,873
X8eabc6f822c6,X06593cbad5a5,votechoice,2.7787423065055563,1.9668129078375096,1.4128147600784025,0.15790145853464788,-1.0790099958925259,6.6364946089036385,1627,227
X8eabc6f822c6,X27f447bbede1,votechoice,2.559134143605877,1.9153408231968025,1.3361246795411328,0.18169536650072587,-1.1976596221461144,6.315927909357869,1627,234
X8eabc6f822c6,X32c7cb986ead,votechoice,4.683002390961449,2.055563944829848,2.278208081407602,0.022843337757892764,0.6511717530322798,8.714833028890618,1627,224
X8eabc6f822c6,X52ab0cc6f74d,votechoice,0.5319886993224766,2.049491488022943,0.2595710704003281,0.7952274938867685,-3.487931281454352,4.551908680099305,1627,238
X8eabc6f822c6,Xc282b4785f05,votechoice,2.3320650969875647,1.9882276899162086,1.1729366353839719,0.2409929106629771,-1.5676906540050695,6.231820847980199,1627,246
X8eb97376c894,X486f0331a4ca,votechoice,0.39751596010487367,0.8030865104041969,0.4949852288077933,0.620626460488561,-1.1767834989331019,1.9718154191428492,6834,936
X8eb97376c894,X54c10f32009f,votechoice,1.2115936606459017,0.8075594053820767,1.5003152121950287,0.13357896611428088,-0.3714740643917924,2.794661385683596,6834,941
X8eb97376c894,Xbe0df8ed5756,votechoice,1.028813617926414,0.8034664640999634,1.2804686491537425,0.20042382093837152,-0.5462306685865039,2.603857904439332,6834,936
X8eb97376c894,Xbe58df388808,votechoice,1.5500859581065143,0.8099824758278836,1.9137277711127891,0.05569667775581933,-0.037731738998479036,3.137903655211508,6834,951
X8eb97376c894,Xf181464f2aec,votechoice,0.19605670674393658,0.8057141700852319,0.2433328269790723,0.8077548795703373,-1.3833937829249823,1.7755071964128553,6834,949
X8f444bfb8688,X99b77f1c619b,votechoice,1.4485114686826013,0.7235448312402142,2.001965056124768,0.04533482177069912,0.030094625497569805,2.8669283118676328,5819,1234
X8f444bfb8688,Xaac379da6a11,votechoice,0.5862061682391561,0.7015201622790525,0.8356226944849712,0.4034015061145716,-0.789034136228104,1.9614464727064163,5819,1239
X8f444bfb8688,Xb7d445887d50,votechoice,0.34676151817191,0.7397992024358471,0.46872383348099106,0.6392846071521103,-1.1035199350328604,1.7970429713766802,5819,1227
X9075c5776f7b,X5f4ff5797a1b,votechoice,4.260111862927185,1.1115035530102366,3.8327469591884884,1.2853030062450307e-4,2.0809916967953264,6.439232029059044,4301,403
X9075c5776f7b,X8191ddf5e600,votechoice,2.1157227095449787,1.0952363705051675,1.9317498637934396,0.053455999727901944,-0.031505389893129454,4.262950808983087,4301,406
X9075c5776f7b,X875a844cd1ab,votechoice,2.3198720417405982,1.1013854303175348,2.106321708896919,0.0352342058112906,0.16058861400093782,4.479155469480259,4301,394
X9075c5776f7b,X913fe132ed6e,votechoice,1.3829784638142006,1.0995004248792215,1.2578244014467923,0.2085235540631352,-0.7726093811693164,3.5385663087977175,4301,398
X9075c5776f7b,X9396a51a004c,votechoice,0.5342857617854543,1.0902376826998401,0.49006356161012615,0.6241139180541556,-1.6031423317315876,2.6717138553024964,4301,398
X9075c5776f7b,X9726f6f68429,votechoice,0.8641235923388806,1.0225661813110154,0.8450539516483929,0.39812772194377577,-1.140633460271961,2.868880644949722,4301,401
X9075c5776f7b,Xb6ae81f5f30b,votechoice,1.1728092281638616,1.080439950543509,1.085492282633465,0.27776451638489735,-0.9454102576376249,3.291028713965348,4301,415
X9075c5776f7b,Xee7b62cf4819,votechoice,2.102664793567723,1.1350244130562346,1.8525282534725065,0.06401846796881572,-0.12256838795863301,4.3278979750940785,4301,404
X95c594fe1042,X5985104a4257,votechoice,-0.6241374195403199,0.8623815458082374,-0.723736984602759,0.4692607852321944,-2.314779877327192,1.0665050382465524,5044,835
X95c594fe1042,X5af4ae312ad6,votechoice,-0.5113264383626412,0.8547548959937608,-0.5982141088155565,0.5497239377671119,-2.187017349412805,1.1643644726875224,5044,840
X95c594fe1042,X8634331094dc,votechoice,-0.9701274830499362,0.8647154198133477,-1.1219037625804593,0.26195676472554347,-2.6653453477472917,0.7250903816474192,5044,848
X95c594fe1042,Xfce05781421d,votechoice,-0.7341646476474364,0.8625561121335871,-0.8511500148453341,0.3947264298674379,-2.42514933126552,0.9568200359706476,5044,846
X96102ce6a0a6,X0fc6771d41b4,votechoice,0.4066840241734805,1.4143571144045621,0.2875398440970777,0.7737198378317243,-2.366579040600825,3.179947088947786,2859,452
X96102ce6a0a6,X5f5b8db03dd0,votechoice,3.6802668608735067,1.3587877257510528,2.7084928654615905,0.006799223832902774,1.015963924708407,6.344569797038607,2859,500
X96102ce6a0a6,X679bb29dbfa3,votechoice,1.0014201362827553,1.4036999167886686,0.7134146866473899,0.47564741639058405,-1.7509463584378118,3.7537866310033223,2859,485
X96102ce6a0a6,X936f3076a81b,votechoice,-0.40525822567269393,1.4066093695174529,-0.28811000015713006,0.773283421872279,-3.1633295580960366,2.352813106750649,2859,479
X96ee7ca4f42d,X467ecb637319,votechoice,2.942573421844923,1.0764984507099844,2.7334674006304454,0.006289498766129692,0.8321571027260424,5.052989740963803,4930,836
X96ee7ca4f42d,X97cb6308b7a1,votechoice,0.8586954673884021,1.0634758815648109,0.8074423522655798,0.4194506288844936,-1.2261908173651688,2.943581752141973,4930,830
X96ee7ca4f42d,Xb8b5c2796277,votechoice,4.0443842264251595,1.0652124874586364,3.7967863445481886,1.483455068560714e-4,1.9560934208236578,6.132675032026661,4930,831
X96ee7ca4f42d,Xc87cfdef40f6,votechoice,1.0632286449929793,1.0769261245310562,0.9872809478514216,0.32355337865049194,-1.0480261052547657,3.174483395240724,4930,811
X99a1e984b493,X75e3507ff6ec,votechoice,0.5897458705389467,1.807991494985147,0.32618840972135854,0.7443201329231521,-2.9562621771926096,4.135753918270503,1781,382
X99a1e984b493,X999b156440bb,votechoice,-1.2567308137995128,1.716209433971515,-0.7322712420309254,0.46409937917773514,-4.622726993170814,2.1092653655717886,1781,377
X99a1e984b493,Xa88e7a2ccc4e,votechoice,-0.5589325768932971,1.8236601947044415,-0.3064894318120941,0.7592678506714834,-4.1356715962340775,3.0178064424474838,1781,372
X9ed122541d0f,X170f595a60b2,votechoice,0.3608576898391761,0.6908927329410892,0.5223063908966394,0.6014671842033282,-0.9934111842817323,1.7151265639600846,11383,1185
X9ed122541d0f,X1dd33686e42a,votechoice,0.8480219732985896,0.6856727428722168,1.236773638902879,0.21619664689728374,-0.49601482030324773,2.192058766900427,11383,1179
X9ed122541d0f,X4a63b01ae969,votechoice,1.216612527199867,0.6863628784369232,1.772550010237294,0.07633004166102227,-0.12877705109580728,2.562002105495541,11383,1179
X9ed122541d0f,X4b67189d8063,votechoice,1.6001201065778778,0.6831555492617588,2.342248567411949,0.019185084103058445,0.2610174464445856,2.93922276671117,11383,1191
X9ed122541d0f,X71642066d275,votechoice,2.066213012530146,0.6966370561182771,2.965982062515116,0.0030234450969013407,0.7006842745970356,3.4317417504632566,11383,1172
X9ed122541d0f,X9d4b3822351c,votechoice,2.6217479225598246,0.6882189953174495,3.8094675392540003,1.3999868525716022e-4,1.2727200351632189,3.9707758099564305,11383,1178
X9ed122541d0f,Xe28594a051d8,votechoice,1.3939343412378309,0.6720448723931056,2.0741685540641455,0.038086085046588544,0.07661052337080276,2.711258159104859,11383,1190
Xa0f9bbb62446,X9da419c379b8,votechoice,-0.8775281925150276,0.9573057552663666,-0.9166644906160193,0.3594439930699228,-2.7551034686491276,1.0000470836190725,1761,592
Xa5e00cbed344,X0a52aa68daa8,votechoice,1.735652645170426,0.9646144308345038,1.799322703133193,0.07204403952526767,-0.15553713077177966,3.6268424211126318,3945,483
Xa5e00cbed344,X1cfe8d40fe82,votechoice,1.5298768763835677,0.9311926903888252,1.6429219131270867,0.10047878426629062,-0.2957873882199986,3.355541140987134,3945,518
Xa5e00cbed344,X480692015363,votechoice,0.15381930057907764,0.9179330501136242,0.16757137196447766,0.8669290836653596,-1.6458485707303956,1.9534871718885507,3945,503
Xa5e00cbed344,X4e44098fa73b,votechoice,-0.32638661863419793,0.9295956723229273,-0.35110600054602686,0.7255275751925487,-2.1489198247115007,1.4961465874431048,3945,478
Xa5e00cbed344,X911e33cf2f7f,votechoice,-0.05733732311453287,0.9191894429128322,-0.06237813494989219,0.9502648668727298,-1.8594684348032464,1.7447937885741807,3945,485
Xa5e00cbed344,Xeab1279362c5,votechoice,0.36016918456646235,0.9040623669877416,0.3983897546432723,0.6903644683133132,-1.4123043039155534,2.132642673048478,3945,499
Xa8754cc70176,X088ec8f8ef46,votechoice,1.6702515784868854,2.1234142426452243,0.7865877250621548,0.4316347832530365,-2.4945805598233983,5.835083716797169,1671,234
Xa8754cc70176,X364e86e199b8,votechoice,4.469838612454105,1.9784885610638394,2.2592188301814895,0.023998150836280714,0.5892614839269132,8.350415740981298,1671,242
Xa8754cc70176,X7b330d2d1cd1,votechoice,2.580579308643906,2.0819278623392794,1.239514276803201,0.21532915664907545,-1.502882079423543,6.664040696711355,1671,253
Xa8754cc70176,Xa90973e5a7b0,votechoice,4.251048446973668,2.108369471497325,2.01627300359014,0.04393117688665452,0.11572489211916714,8.386372001828168,1671,237
Xa8754cc70176,Xc8e2e6058bd2,votechoice,4.877450605284455,2.181828683753087,2.2354874338229327,0.025517002071473237,0.5980452778236698,9.156855932745241,1671,239
Xa91760aedac7,X035d65a0d3c0,votechoice,2.4327728802306106,0.7866669286472823,3.0925068687124035,0.001995719599518624,0.8905592062972878,3.9749865541639333,4980,692
Xa91760aedac7,X3ea83074e094,votechoice,2.110216480025926,0.7867165659429916,2.6823084340375263,0.007335738625509316,0.5679054951298665,3.6525274649219854,4980,680
Xa91760aedac7,X75a3d9926aa1,votechoice,1.2217636320945633,0.7894628777582462,1.5475884509780569,0.12178495572795832,-0.3259313335945535,2.76945859778368,4980,684
Xa91760aedac7,Xd519e80503db,votechoice,1.3908472603274522,0.79208594979842,1.755929720355995,0.07916187661994202,-0.16199008191361197,2.943684602568516,4980,690
Xa91760aedac7,Xd83ed930be06,votechoice,0.8294652191686519,0.7464746928151309,1.1111766107442227,0.2665459803811921,-0.6339539695396678,2.2928844078769717,4980,689
Xa9854ba59c90,X0fdd06064450,votechoice,3.071265032503607,1.2057593966754312,2.547162428069666,0.010886528693782831,0.70751438707221,5.435015677935004,5658,807
Xa9854ba59c90,X2c6fc148a7de,votechoice,2.9939264815607163,1.239945224864403,2.414563499680499,0.0157856006947275,0.5631585077393497,5.424694455382083,5658,790
Xa9854ba59c90,Xa585a1fa8349,votechoice,3.025488046771778,1.2335573364850296,2.452652955226857,0.014210687489011185,0.6072427829714324,5.443733310572124,5658,770
Xa9854ba59c90,Xcc739cb84b18,votechoice,1.2772144548663529,1.2339427246646955,1.0350678595827176,0.3006814575046327,-1.1417863175047227,3.6962152272374285,5658,769
Xa9854ba59c90,Xf82503133451,votechoice,1.8286720660652034,1.2329753458921537,1.4831375762359762,0.13809355946122742,-0.5884322730669715,4.245776405197378,5658,778
Xac69a3a198f7,X31e33b698336,votechoice,-0.5176223442576832,1.164751264065711,-0.44440590899284127,0.6568302897069862,-2.80282695066794,1.7675822621525739,1185,600
Xac749d823e04,X08d9b37b9e71,votechoice,1.0172763394413398,2.543914532456145,0.3998862094078142,0.6893778371678232,-3.9784411333340426,6.012993812216722,621,139
Xac749d823e04,X84c4256909bf,votechoice,-0.7563668644799764,2.5525058436787695,-0.2963232645884451,0.7670822915071857,-5.768955880320714,4.256222151360761,621,136
Xac749d823e04,X9d6fc674783a,votechoice,2.8538905487069464,2.3575667657867623,1.2105237442785854,0.2265385118404395,-1.7758787830889968,7.4836598805028895,621,141
Xb08b17d9cc64,X457cbf90bb18,votechoice,0.13869903143933515,0.7281601672494795,0.1904787403618229,0.8489438092757796,-1.2889070059234742,1.5663050688021443,3942,840
Xb08b17d9cc64,X5333f114d9dc,votechoice,-0.5840615579141694,0.7229194863065802,-0.8079206176861539,0.4191850312569586,-2.0013928946129256,0.8332697787845867,3942,839
Xb08b17d9cc64,Xb3e4e5f09a53,votechoice,0.9115788315604925,0.7361678256853035,1.2382758384093977,0.2156875364355798,-0.5317267483511812,2.354884411472166,3942,828
Xb12c1f8ccf08,X11c7812aac08,votechoice,1.539692444636236,0.7564331749746307,2.035463932009426,0.04185640997102255,0.05675460699648238,3.0226302822759896,5041,1069
Xb12c1f8ccf08,X5ecc5f04a9b0,votechoice,1.9474905595905363,0.7436032139374362,2.618991584609249,0.008845418601181267,0.48970502265221305,3.4052760965288593,5041,1068
Xb12c1f8ccf08,Xe7be26615140,votechoice,1.1894121724438198,0.7585714275475257,1.5679633179557124,0.1169524581220015,-0.2977175697179464,2.676541914605586,5041,1073
Xb207ac778630,X96c3bc8ee2f1,votechoice,-0.09856670453537136,1.9571692289019045,-0.050361871155451134,0.9598465132481413,-3.940324061634345,3.7431906525636025,805,138
Xb207ac778630,X98a717683e89,votechoice,-1.4362288710886164,2.023146583941271,-0.7098985720998593,0.4779726153534686,-5.407494185589225,2.5350364434119914,805,137
Xb207ac778630,X999298aa7548,votechoice,-2.156081019383878,1.8949731321101253,-1.1377897569360254,0.2555468085904125,-5.87575270861921,1.563590669851454,805,139
Xb207ac778630,Xe2cfeedc4972,votechoice,0.3185647325455603,2.2660899902407197,0.14057902992269083,0.8882376830942194,-4.129577902897421,4.766707367988542,805,135
Xb218652f3e19,X9bec462f54d1,votechoice,-4.138886053553788,2.8990041073513995,-1.4276923730664097,0.15560725001839817,-9.87037308650087,1.5926009793932927,139.9994978825022,346
Xb218652f3e19,X9fbff889a3fd,votechoice,-8.461886327041032,2.8077274727355754,-3.013784781183409,0.003043310288748715,-14.010969961970837,-2.912802692111227,145.86271545619883,339
Xb218652f3e19,Xc9cda8855da1,votechoice,0.703572384265447,2.80245248462338,0.2510559547845464,0.8021310421007936,-4.835987883727438,6.243132652258333,143.07776683017062,348
Xb4a2ade86f66,Xdc0f3f8c3e95,votechoice,-0.8899481416118121,3.0917818300446203,-0.2878431242992875,0.7737365736817731,-6.983096570157667,5.203200286934042,221,113
Xb87a6fcc9dd0,X1116b33e488a,votechoice,2.8240446710841516,1.8100745290804838,1.5601814321528316,0.11894780117998484,-0.7267709465528416,6.374860288721145,1371,409
Xb87a6fcc9dd0,X5360e79015d5,votechoice,1.7111169036555511,1.7318992547161987,0.9880002540540078,0.32332685401132466,-1.686342605895233,5.108576413206335,1371,417
Xbb1e5503bebf,X1907d4878fa1,votechoice,5.794448175865032,1.3824273039306991,4.191502988540153,1.604890631114594e-4,2.9953850263317814,8.593511325398282,37.80039400471689,843
Xbb1e5503bebf,X1d69bfa7eae5,votechoice,5.195605671803054,1.4812577730583931,3.507563481726442,0.0012908424036173123,2.185613752655638,8.20559759095047,34.08795020670131,826
Xbb1e5503bebf,X530c4809e59e,votechoice,3.0532911225433055,1.2119659427136154,2.519287889977277,0.016100183122898043,0.5995268334739365,5.507055411612674,37.87426628862589,821
Xbb1e5503bebf,X62278782cb2c,votechoice,2.613747819842136,1.6156983871811685,1.6177201392162162,0.11493535587544067,-0.6693660152396124,5.896861654923884,34.107271031606764,824
Xbb1e5503bebf,X65db249dc181,votechoice,3.313596328435357,1.619711789446242,2.045793794936957,0.047846321784381855,0.033092349412032984,6.594100307458682,37.45453714804909,848
Xbb1e5503bebf,X71bfef5b89a1,votechoice,1.46795052554221,1.3575441687479477,1.0813280034167059,0.286440190600995,-1.2812430974839735,4.217144148568393,37.58817972184948,823
Xbb1e5503bebf,X8d899ab0d21d,votechoice,0.958522952117312,1.305436013275261,0.7342550246583401,0.4679321643358212,-1.6964942750317906,3.6135401792664146,33.30121062213282,826
Xbb1e5503bebf,X8f83d39594a0,votechoice,0.6770175984964679,1.395243777259296,0.4852324801808803,0.6304529545555126,-2.152720938979172,3.5067561359721076,35.980590600314144,828
Xbb1e5503bebf,X954a2d2cbc41,votechoice,2.2162349785336524,1.395215349714883,1.5884536956868684,0.12081915219854164,-0.6121533935058476,5.044623350573152,36.46016301788216,837
Xbb1e5503bebf,Xa083475cfa82,votechoice,0.5817583082066111,1.7167187461616293,0.33887805414098887,0.7364387567620927,-2.885692225316545,4.049208841729767,40.819094954605845,834
Xbb1e5503bebf,Xf6cbe186c08c,votechoice,-0.40286405830823946,1.648199110369061,-0.2444268145600631,0.8083995134214503,-3.7549515171759724,2.949223400559494,33.31361975813877,846
Xbce30ccbb53c,X47c7077f1e80,votechoice,-0.7070327287256091,2.389958829381925,-0.2958346897165827,0.7674397753452827,-5.398981729433622,3.9849162719824043,736,159
Xbce30ccbb53c,X521443531749,votechoice,-0.58386297951633,2.1550732857923243,-0.27092488379190766,0.7865247679686033,-4.81468646710787,3.6469605080752094,736,162
Xbce30ccbb53c,Xdce9e12f869d,votechoice,-0.7576893730735539,2.388198171478314,-0.3172640286398587,0.7511332477616793,-5.446181863573157,3.93080311742605,736,162
Xbd63ac3c6221,X8f11d2948938,votechoice,1.6180292849491391,1.1839481929938287,1.366638586488871,0.17188789683641229,-0.7038320677236711,3.939890637621949,2058,433
Xbd63ac3c6221,Xdfec50dac825,votechoice,1.348514508707311,1.1936218565159384,1.129766936945582,0.2587061022519223,-0.9923180334175907,3.689347050832213,2058,439
Xbd63ac3c6221,Xff8a2778660c,votechoice,0.8963077328440701,1.2063853429632125,0.742969680518907,0.4575848359462865,-1.4695555041057053,3.2621709697938455,2058,442
Xbebc5dbae712,X2878ca8a098a,votechoice,1.5145755491022481,1.0642430445081326,1.42314817739988,0.15476378143618258,-0.5718738357395663,3.6010249339440623,4420,496
Xbebc5dbae712,X699be842d1b7,votechoice,2.628278555094525,1.1035723064191914,2.3816097412072743,0.017279235705658973,0.46472411916117506,4.791832991027874,4420,498
Xbebc5dbae712,X81f26d054bc9,votechoice,4.338333988613074,1.0669435952776618,4.066132462685681,4.863156394414673e-5,2.2465901717137564,6.430077805512391,4420,534
Xbebc5dbae712,X911c90b4cb4c,votechoice,2.8811174284701133,1.0805031487479093,2.6664590767817398,0.007693409108603758,0.762790095575347,4.999444761364879,4420,505
Xbebc5dbae712,X94fcd2641219,votechoice,2.7364768395637156,1.0512483606748795,2.603073585586335,0.009270087622249165,0.6755035433184076,4.797450135809024,4420,523
Xbebc5dbae712,X99d95b6adacf,votechoice,2.9799714271888504,1.1088569773007668,2.6874263211499474,0.0072274668346758225,0.8060563895425235,5.153886464835177,4420,526
Xbf62992cbc10,X523eafcf88ec,votechoice,-2.436239227031039,2.4028859596044443,-1.0138805036890244,0.3109998558347816,-7.154194291011443,2.281715836949365,681,212
Xbf62992cbc10,X7a46bd8420bd,votechoice,-0.21012022818472656,2.4101754747884483,-0.08718046896696173,0.9305536914568031,-4.942387916923234,4.52214746055378,681,206
Xbf86b7c37550,X3707855cf259,votechoice,4.353974738421774,2.4691502420871028,1.763349456913356,0.08028577978438456,-0.5327942964411951,9.240743773284745,124.96268808997247,322
Xbf86b7c37550,X3c061dc71d31,votechoice,1.996936952267535,2.6767060089636363,0.7460426903740193,0.4571301899540191,-3.3038510477252307,7.2977249522603005,117.61153677864998,312
Xbf86b7c37550,X8f794bd8e51a,votechoice,3.291217173368212,2.8238911662053847,1.1654900913871968,0.2462947686337197,-2.3039109431496314,8.886345289886055,112.09218642350288,312
Xbf86b7c37550,Xa108e60c1571,votechoice,2.526423834087835,2.705622005279267,0.933768216387294,0.35232951816844094,-2.831421731408495,7.884269399584165,118.04808551495627,317
Xbf86b7c37550,Xc419878d09bd,votechoice,-1.9071726367735988,2.667624930426104,-0.714932828457621,0.47584687078349797,-7.181435608474397,3.3670903349271994,139.3177129202413,316
Xc03c2d306034,X8c0f0edc72e8,votechoice,7.9688450772788295,3.5744136314590356,2.2294132405784377,0.029439002797548245,0.822906620689567,15.114783533868092,61.65844479558371,223
Xc03c2d306034,Xf2a4d9f42481,votechoice,7.071255318302939,3.4522150254925186,2.048324124101772,0.044443059273753596,0.18081473453100472,13.961695902074874,67.11097641110311,223
Xc207f6749db7,X1b62a3789fb1,votechoice,1.731701880395504,1.2001838187885419,1.4428638790876827,0.14913063922768985,-0.6212682263756506,4.084671987166659,4361,655
Xc207f6749db7,X66c660a7387f,votechoice,0.44871192177442026,1.1746959727686754,0.38198132297741516,0.7024938300321688,-1.854289056241718,2.7517128997905584,4361,676
Xc207f6749db7,X89267c4c7d9f,votechoice,1.7775181801235103,1.203608685936068,1.4768239884718866,0.1397950294015815,-0.582166406456184,4.137202766703204,4361,694
Xc24349f28ce7,X0337b0cbdde6,votechoice,3.121591620604645,1.6770387629573063,1.8613711796977193,0.0628514858187768,-0.16751223989606334,6.410695481105353,1836,310
Xc24349f28ce7,X27aae5846370,votechoice,0.20644877827561522,1.6086867080483123,0.12833373785134497,0.8978989220771361,-2.948599142290894,3.361496698842124,1836,308
Xc24349f28ce7,X33830bb4fb89,votechoice,4.56854800887316,1.7527961378272248,2.60643431958742,0.009223053590918623,1.1308644735015783,8.006231544244741,1836,322
Xc24349f28ce7,X879584cc448a,votechoice,-0.0690827442894502,1.788188934485911,-0.03863279934080953,0.9691873517919696,-3.576180646636499,3.438015158057598,1836,288
Xc359093d039f,X9ac2a86b0351,votechoice,0.5428823210418923,0.9139691292472003,0.5939832141694356,0.5525674344669029,-1.2491761126814176,2.334940754765202,3047,493
Xc359093d039f,Xb4cb09884b39,votechoice,2.0263613354561607,0.8479719818093268,2.3896560015255366,0.01692460359885558,0.3637063365787705,3.6890163343335507,3047,515
Xc359093d039f,Xdfe62c3d73f0,votechoice,0.8880097937806618,0.9164638574919696,0.968952334040563,0.3326458764570286,-0.9089401605069901,2.6849597480683136,3047,498
Xc359093d039f,Xe2925ecc0925,votechoice,0.6444176213841053,0.8698692011895762,0.7408212872726634,0.45885889085407516,-1.061172193790403,2.350007436558614,3047,515
Xc6520141bbcf,X627858950ade,votechoice,2.9590781340081933,1.5930869475426452,1.857449236259581,0.06336871274853514,-0.16487798879246185,6.0830342568088485,2419,237
Xc6520141bbcf,X62bafd1c11ff,votechoice,0.2850342200677173,1.6278801333775992,0.17509533670413155,0.8610193763381385,-2.9071494317378708,3.4772178718733056,2419,246
Xc6520141bbcf,X6e3b28f166fb,votechoice,1.671707179403326,1.6075200975450628,1.0399292562228535,0.2984766973643558,-1.4805515588891591,4.823965917695811,2419,257
Xc6520141bbcf,X6f95bcd70269,votechoice,0.20329592798748974,1.6105204360045753,0.12622995861625452,0.8995603878231542,-2.954846309454572,3.3614381654295515,2419,247
Xc6520141bbcf,X7a4f92a469f9,votechoice,1.4767728699137066,1.6673815264860747,0.8856838380751005,0.37587595265812257,-1.7928708471135095,4.7464165869409225,2419,249
Xc6520141bbcf,X87cba160d52d,votechoice,0.9430838150568434,1.6454538861650023,0.5731450896231759,0.5665997327972674,-2.2835610020388604,4.169728632152547,2419,233
Xc6520141bbcf,Xd498ac11cc22,votechoice,3.0580419627838413,1.7292683337957484,1.76840222134377,0.07711970015802488,-0.3329583888663974,6.44904231443408,2419,226
Xc6520141bbcf,Xfb620098f7a4,votechoice,0.420302664181279,1.7010788401442454,0.24708006134838456,0.8048672312114304,-2.9154196366211385,3.756024964983696,2419,233
Xc6c602d094ef,X37bac17ff224,votechoice,-0.5394298459012487,0.8041838332729327,-0.6707792715825102,0.5023854433268311,-2.1159003647866137,1.0370406729841162,6378,941
Xc6c602d094ef,X82bd1ec58c71,votechoice,0.5360137868099424,0.8011099879214743,0.6690888827895666,0.5034629985794099,-1.0344309623748986,2.1064585359947836,6378,950
Xc6c602d094ef,Xb0fe3e8d7431,votechoice,0.9893858582758841,0.7937214868800578,1.2465151499992009,0.21262110892860542,-0.5665749463323273,2.5453466628840955,6378,946
Xc6c602d094ef,Xca31ca0c091f,votechoice,0.4652653837459877,0.7995077472109956,0.5819398065484923,0.560627794527516,-1.1020384352936308,2.032569202785606,6378,918
Xc743e344bff5,X8081e513da88,votechoice,1.1704817079398744,1.6630842563392327,0.7038018088850946,0.4840352992191411,-2.1500579131979967,4.491021329077745,65.90985414750807,882
Xc743e344bff5,X87e3a136e698,votechoice,-1.3548153074180136,1.55323570244936,-0.872253519077337,0.3874639815822305,-4.47876695302952,1.7691363381934933,47.434598362808174,854
Xc743e344bff5,X8ea470ea2a65,votechoice,2.0603760118281578,1.424441883325258,1.4464444186507328,0.15357529794691926,-0.7925392921749501,4.913291315831266,56.52494498428799,881
Xc743e344bff5,Xa0d96ac0e739,votechoice,1.7421067458602864,1.9809770148319734,0.8794179502421192,0.3836059529044433,-2.242087946818052,5.726301438538624,47.4589294448661,825
Xc743e344bff5,Xab7145ad8eaf,votechoice,0.69000261975293,1.3408086861937671,0.5146167584218754,0.60913377944632,-2.004434944325083,3.384440183830943,49.013210380502514,862
Xc743e344bff5,Xb88cebb0b484,votechoice,3.431868596912898,1.3858326706580566,2.47639463953703,0.01603298141518237,0.6612718823134691,6.202465311512327,61.60132707977697,876
Xc743e344bff5,Xbc3a64862434,votechoice,5.8280090418339094,1.3342162535092736,4.368114259217725,5.299187754530401e-5,3.1567952551153398,8.49922282855248,57.50477713319266,899
Xc743e344bff5,Xcafb183f79b2,votechoice,0.3118513592487154,1.4156974772247055,0.22028107294509008,0.826482705697301,-2.5264319058289866,3.1501346243264177,54.01602566152035,881
Xc743e344bff5,Xd14e130667e4,votechoice,3.43300853581231,1.537389774639798,2.2330111676569757,0.029158109773312613,0.3599669458191226,6.506050125805498,62.15942265585664,884
Xc743e344bff5,Xf990d59b1a68,votechoice,2.7961193046539754,1.6299718056353647,1.7154402885907865,0.09150359058972359,-0.46533289049502846,6.057571499802979,59.098601669146646,866
Xc9457b7f8039,X1a27b55e9d0c,votechoice,-0.47196009274271883,0.734264142018595,-0.6427660915664959,0.5204060304468264,-1.911447737210063,0.9675275517246253,4889,700
Xc9457b7f8039,X36ab62e2ad51,votechoice,-1.0119954360056247,0.7374314209951144,-1.372324811763519,0.17002530033046132,-2.4576923704169755,0.43370149840572614,4889,679
Xc9457b7f8039,X4038803eb3ed,votechoice,-0.026091231964285037,0.7270951814914686,-0.035884204198362135,0.9713761559589724,-1.4515244925771997,1.3993420286486298,4889,707
Xc9457b7f8039,X606288003a83,votechoice,0.8132382059540303,0.750386859437275,1.0837585916201788,0.2785252921693625,-0.6578572090570652,2.2843336209651257,4889,698
Xc9457b7f8039,Xa24c8db48110,votechoice,0.7253164139399362,0.7242589903882437,1.0014600074914164,0.31665402806887766,-0.6945566377279841,2.1451894656078565,4889,735
Xcac4fba0eb39,X1819a1ba8482,votechoice,1.9849229502175596,1.0790295803160659,1.8395445189149888,0.06589800748197515,-0.13047954348912705,4.1003254439242465,4712,436
Xcac4fba0eb39,X290de1e962c3,votechoice,-0.6467730491605302,1.0682857909304468,-0.605430732722944,0.5449219936864612,-2.741112692253297,1.4475665939322364,4712,430
Xcac4fba0eb39,X393e4c84f6cb,votechoice,0.7332541357970651,1.0661861188878343,0.6877355865052351,0.4916531566030279,-1.3569691683593699,2.8234774399535003,4712,436
Xcac4fba0eb39,X3aa38570275c,votechoice,-0.33278770693850657,1.0388568656651889,-0.32034028742296444,0.7487245901257411,-2.369432896580795,1.703857482703782,4712,437
Xcac4fba0eb39,X6bad9006e467,votechoice,2.141380362464827,1.0375033901840902,2.063974327915082,0.03907477379593144,0.1073886176030312,4.175372107326623,4712,440
Xcac4fba0eb39,Xa2ce4225d467,votechoice,1.5314974130684091,1.0776852885255412,1.421098932475696,0.15535417350743375,-0.5812696401852806,3.644264466322099,4712,441
Xcac4fba0eb39,Xad092a4e69e7,votechoice,3.6976768774711104,1.0802142829552839,3.4230957096353984,6.24397527262511e-4,1.579951812666263,5.815401942275958,4712,438
Xcac4fba0eb39,Xbb8932193a91,votechoice,2.982441795716677,1.1626911776665034,2.565119485728252,0.010344711883602356,0.7030234539822091,5.261860137451145,4712,428
Xcb23f4570599,X59e893cba7cf,votechoice,0.9642131668667425,0.9533757299540099,1.0113674352852002,0.31193303873719325,-0.9052237378342677,2.8336500715677526,2647,565
Xcb23f4570599,Xb9932c0b51c8,votechoice,0.2670364911252812,0.9497998039311609,0.2811502908508026,0.7786171040280809,-1.5953885211333685,2.129461503383931,2647,559
Xcb23f4570599,Xf15e95a9ae66,votechoice,-0.031331812227746704,0.9244728807772579,-0.03389154282319697,0.9729661924895245,-1.8440942587855504,1.7814306343300572,2647,565
Xcbca87b096bc,X889201caef2f,votechoice,8.564213564213567,4.464912451047905,1.9181145561328006,0.05782035330784743,-0.28916780260223973,17.417594931029374,104.71105432276623,109
Xcbca87b096bc,Xdf7d7e32301b,votechoice,4.815511591212515,4.728382607788045,1.018426804819255,0.31034812055429234,-4.538160160415095,14.169183342840125,131.29656279419513,115
Xcbca87b096bc,Xf2ff768695d6,votechoice,4.6285957033620715,4.5942675281108665,1.007471958269988,0.31545478407359206,-4.454913168950279,13.712104575674422,139.3048395238695,114
Xcd1c7907cdb8,X7717c01fc34b,votechoice,3.3433583959899655,3.389455409140277,0.9863998762084308,0.3250595121510549,-3.3379308552364426,10.024647647216373,212.3483107706909,227
Xcd1c7907cdb8,X79fbd39b6550,votechoice,-2.0799220272904537,3.429446775165923,-0.6064890822484986,0.5448770721528311,-8.842390210605423,4.6825461560245145,200.21868605440164,224
Xcde61df57a05,X0248f5c80d91,votechoice,0.40916398591577435,2.755381777698476,0.14849629522393884,0.8820057354228887,-5.003238945452143,5.8215669172836915,548,118
Xcde61df57a05,Xa7d3d550a572,votechoice,2.5597075024966394,2.584446955083929,0.990427564187911,0.3224022855690155,-2.5169277532337455,7.636342758227024,548,122
Xcde61df57a05,Xd36f3fbec8a9,votechoice,-1.5586881190684578,2.7108724266812914,-0.574976566114783,0.565543126175535,-6.8836612271470905,3.7662849890101744,548,116
Xd0500f1294c1,X12324c1961f3,votechoice,0.10742018981881041,2.9806503700086178,0.03603917819401939,0.9713426734595011,-5.826070776131299,6.040911155768921,78.44324101279179,261
Xd0500f1294c1,X3700314fa778,votechoice,-2.769899956502806,2.9791017732652274,-0.92977688152858,0.35514689908202235,-8.69403896068681,3.154239047681197,84.12789253293566,267
Xd0500f1294c1,Xa0cad43ab204,votechoice,-5.648975996476523,2.9470099890849584,-1.91684996569371,0.06048694641207276,-11.555651206544692,0.2576992135916454,54.69710145509346,264
Xd0500f1294c1,Xe9dac1669d26,votechoice,-2.787262273330373,3.2619415447011675,-0.8544795285673089,0.3951578697876861,-9.269618816670738,3.695094270009992,88.06513943825132,262
Xd3b7ef629833,X0d5f6cad79ad,votechoice,0.9114532215224973,1.0026565735114281,0.9090382944685383,0.3633701237613485,-1.0541542424805446,2.877060685525539,5448,553
Xd3b7ef629833,X15d7fef9d571,votechoice,0.3430505056323241,1.0026226626425065,0.34215315333904595,0.7322488361601998,-1.6224904795196096,2.3085914907842575,5448,537
Xd3b7ef629833,X2ad3324feb79,votechoice,1.3117564985087988,0.9788760736527125,1.340063909840937,0.18028045407089052,-0.6072316850198585,3.2307446820374564,5448,548
Xd3b7ef629833,X76441c87f253,votechoice,-0.3015213110144641,0.9964519340907906,-0.30259493779756297,0.7622101248528352,-2.2549652028843865,1.6519225808554583,5448,548
Xd3b7ef629833,X7c043cc15a5d,votechoice,1.959029482278987,0.9917894925950859,1.975247264571286,0.04829049262199537,0.01472583847260589,3.9033331260853683,5448,538
Xd3b7ef629833,X7c72bc6a26f6,votechoice,1.8708160709849717,0.9686784444163702,1.9313076302757417,0.053496832116811395,-0.028180685098202707,3.7698128270681464,5448,547
Xd3b7ef629833,X81a217002839,votechoice,0.9546762046549827,0.9869447737280675,0.9673045848845279,0.3334347301923428,-0.9801298546168878,2.8894822639268534,5448,535
Xd3b7ef629833,X8e1fbe0af8a1,votechoice,2.3129842782987238,1.0288510995718148,2.248123444939056,0.024608142452662973,0.2960250780177254,4.329943478579722,5448,555
Xd4b78e57e862,X17f82af5a71f,votechoice,2.301142157297926,1.2974971378244953,1.7735238793329713,0.07632535480804661,-0.24376217786769994,4.846046492463552,1659,357
Xd4b78e57e862,X540aed828d4b,votechoice,-0.5520615847086803,1.2033266631877702,-0.45877948324206225,0.6464526262183584,-2.9122604263813234,1.8081372569639629,1659,355
Xd4b78e57e862,X5f1a9e8583dd,votechoice,1.0305670230873363,1.2429919549510189,0.8291019253845022,0.40716600575936135,-1.4074311215827329,3.468565167757405,1659,359
Xd503139dae5a,Xcda5e7619a80,votechoice,-1.7341621904359237,3.2852080122808025,-0.5278698286237153,0.5981617693322029,-8.21136965467091,4.743045273799064,204.57527105351613,207
Xd503139dae5a,Xeee34d4c1884,votechoice,-0.08494458377154729,3.3490250821252867,-0.025363973600831192,0.9797904236011814,-6.689650381474313,6.5197612139312175,196.21337760688937,206
Xd54a3e61a37c,X0ce075837de4,votechoice,-2.0679864661237883,2.226108397596629,-0.9289693477444523,0.35307417264911267,-6.435067942173109,2.2990950099255323,1325,226
Xd54a3e61a37c,X64a1712a1e8c,votechoice,-0.841163705305312,2.1683010820210726,-0.3879367640776454,0.6981251444705455,-5.0948413339486835,3.41251392333806,1325,227
Xd54a3e61a37c,X9239ef22e0c0,votechoice,1.629229722492919,2.277798657830383,0.715265028755777,0.47457130568639616,-2.8392554310245366,6.097714876010375,1325,228
Xd54a3e61a37c,Xd547b2c2c45f,votechoice,-2.7088328620811515,2.1779288942050896,-1.24376551929159,0.21380587241622878,-6.981397908915433,1.56373218475313,1325,223
Xd5f0eea45635,X3a450d21d7f3,votechoice,4.7337450297892065,2.317598795097371,2.042521354344389,0.0414978925088517,0.1829641495297638,9.28452591004865,658,137
Xd5f0eea45635,X3a53ea3f455c,votechoice,4.607444442108699,2.2452331691624976,2.052100648338158,0.040555020381616,0.19875895281557465,9.016129931401824,658,152
Xd5f0eea45635,X66192ad9c068,votechoice,-0.6087090137316915,2.3763110118303725,-0.2561571320846712,0.7979095701204801,-5.27477578122554,4.057357753762157,658,139
Xd76747117c7f,X17f3201afbd3,votechoice,-0.28065811300394317,1.5890919511841053,-0.1766154015158229,0.859831949506976,-3.3974841223446717,2.836167896336786,1667,274
Xd76747117c7f,X56d11c9e9e55,votechoice,-0.34984667159681326,1.3328442627867607,-0.2624812825958681,0.7929828466753783,-2.9640715196673275,2.264378176473701,1667,283
Xd76747117c7f,Xa27d939b685d,votechoice,2.0925386540253403,1.4449693935778174,1.4481543092370341,0.14776194950494614,-0.7416070889247224,4.9266843969754035,1667,286
Xd76747117c7f,Xde297963ca58,votechoice,0.09605083306001834,1.432049958976064,0.06707226410501492,0.9465322173665802,-2.7127548848759377,2.9048565509959743,1667,279
Xd7ffbf77d995,X534de6dcbdc7,votechoice,-4.82899690824996,3.2675449369880325,-1.4778670229096367,0.13997339336148762,-11.246343149201087,1.588349332701167,594,91
Xd7ffbf77d995,X889ab3500e1a,votechoice,-0.45103621447695524,3.5733160901133583,-0.1262234303102603,0.8995977766179213,-7.4689065179705425,6.5668340890166315,594,87
Xd7ffbf77d995,Xa32032a21e39,votechoice,0.873140820289534,3.3660354899420293,0.25939738986666816,0.7954185171674178,-5.737637490290952,7.483919130870021,594,90
Xd7ffbf77d995,Xf0124ce50c86,votechoice,-6.616121307424733,3.5480200165444473,-1.8647361842869272,0.06271132811480777,-13.584310989608209,0.3520683747587432,594,81
Xd7ffbf77d995,Xf61da01f8659,votechoice,-6.730104263650711,3.3000925149784095,-2.0393683610699447,0.04185530859236391,-13.211372832005587,-0.2488356952958357,594,88
Xd9ad8abc5d35,X2caaa3a79113,votechoice,0.9061759565152914,0.9857720631923694,0.9192550594106812,0.35800346677576833,-1.026337359152784,2.838689272183367,5370,547
Xd9ad8abc5d35,X3969ce561820,votechoice,1.3776085591353182,0.9720593859787872,1.4172061697117146,0.15648067230965423,-0.528022343956682,3.2832394622273187,5370,534
Xd9ad8abc5d35,X48299613c0d6,votechoice,1.9589093201371603,0.9685953117108316,2.022422880281276,0.043182157706104146,0.06006940849160847,3.8577492317827122,5370,547
Xd9ad8abc5d35,X65c07e519d13,votechoice,0.8292596308432951,0.9941939194432822,0.8341024971342159,0.4042603293394941,-1.1197639410546276,2.7782832027412177,5370,539
Xd9ad8abc5d35,X6ec41fcfd385,votechoice,1.3052869950800468,0.9806769500964729,1.33100609222195,0.18324351290492402,-0.6172378310879632,3.2278118212480567,5370,539
Xd9ad8abc5d35,X97ef692be3d0,votechoice,1.2883056256374559,1.0128464487901743,1.271965387425026,0.20344049704459105,-0.6972844738378712,3.2738957251127827,5370,534
Xd9ad8abc5d35,Xb320d695e9e7,votechoice,0.18428004371129753,0.9951929780673526,0.18517016073522358,0.85310256560678,-1.7667020885539142,2.1352621759765094,5370,542
Xd9ad8abc5d35,Xb8311484394b,votechoice,2.0307145961826842,1.0050295134132754,2.0205522017816007,0.043375683296904,0.06044886251932091,4.000980329846048,5370,537
Xda509e35d532,X787d07286492,votechoice,1.7767092616698381,0.8842294686907048,2.0093305240105206,0.044619432439084936,0.0427332718409259,3.5106852514987503,2286,485
Xda509e35d532,X8ff23e512168,votechoice,1.4861217843814836,0.9008002391359631,1.649779518050477,0.09912542373721875,-0.28034952380363576,3.252593092566603,2286,488
Xda509e35d532,Xe05f0611c3f7,votechoice,1.2157912251176806,0.8731569777927117,1.392408531385877,0.16393414446446736,-0.49647158499426514,2.9280540352296263,2286,481
Xdc7b0fd9df64,X6b36713172be,votechoice,1.5759870080841665,1.4955733765033556,1.053767760809448,0.29230981564464914,-1.3597580445910193,4.5117320607593525,794,230
Xdc7b0fd9df64,X92cacf23e580,votechoice,-0.643073676740903,1.538840237120329,-0.4178950232964425,0.6761368585590641,-3.663749682317938,2.3776023288361317,794,244
Xde82367108c3,X58deb96e73d6,votechoice,0.41094843210198684,0.8151389409690715,0.5041452584922934,0.6141844445099318,-1.1871323461660728,2.0090292103700467,4418,882
Xde82367108c3,Xb942ab23dccc,votechoice,2.278954575615219,0.8406057990447103,2.7110859551588766,0.006732255714285828,0.6309459944560651,3.9269631567743732,4418,886
Xde82367108c3,Xebe603eb4b8e,votechoice,2.817801364007885,0.8850192490383626,3.1838870929300462,0.0014632092907901249,1.0827201659436352,4.552882562072135,4418,887
Xe486b803c7c4,X0491a46866ad,votechoice,0.47160404434618924,1.2521231356923817,0.3766435032648831,0.7064711961062433,-1.983726184537767,2.9269342732301453,2448,405
Xe486b803c7c4,X29336dd046f1,votechoice,-1.2031116147209215,1.224454740767587,-0.9825692813821065,0.32591656616461384,-3.6041859605315394,1.1979627310896963,2448,414
Xe486b803c7c4,X3a48315970ea,votechoice,0.16062601255477985,1.1729268161680877,0.13694461610106212,0.8910858337622809,-2.1394054986540767,2.4606575237636368,2448,414
Xe486b803c7c4,Xd8d3ce07f0ee,votechoice,0.5303959206150514,1.1682922193480305,0.4539925130298656,0.6498744614532209,-1.7605474543342008,2.8213392955643033,2448,409
Xe4ab4974f4be,X159322ca5c8a,votechoice,0.864886580929463,0.9030437027069014,0.9577460961600627,0.3382250570446248,-0.9053635116721472,2.6351366735310733,6760,694
Xe4ab4974f4be,X1f20a415e6ab,votechoice,1.287361093573181,0.9414891100744833,1.3673669507142094,0.17155577702697072,-0.5582541067730076,3.1329762939193695,6760,691
Xe4ab4974f4be,X2fdd7222ee6a,votechoice,-0.6426811893828633,0.8692450033029748,-0.7393556326936482,0.45971674796348294,-2.3466751854408994,1.061312806675173,6760,692
Xe4ab4974f4be,X5216468e4e57,votechoice,1.8598225635521515,0.9116929630061225,2.03996590850034,0.04139251103754025,0.0726171964718696,3.6470279306324334,6760,695
Xe4ab4974f4be,X5aa177331f1e,votechoice,2.0548663515154137,0.905862015052074,2.2684098873461305,0.023335636367983775,0.27909147902212506,3.830641224008702,6760,700
Xe4ab4974f4be,X80314c4dd79d,votechoice,-0.976842288588402,0.9958832254320126,-0.9808803518752406,0.32668685016967636,-2.9290870877679724,0.9754025105911686,6760,685
Xe4ab4974f4be,Xf8da822347e5,votechoice,-0.12528739385948798,0.8966826995217569,-0.1397232197368251,0.8888828421446168,-1.8830679166675355,1.6324931289485594,6760,691
Xe5fca9167903,X1d9f7515e05e,votechoice,1.4844731182941053,0.8506746448229593,1.7450539137710528,0.08101355669060352,-0.18306871279785897,3.1520149493860696,8068,746
Xe5fca9167903,X41dc9d9a1732,votechoice,-0.1361336082523237,0.7881702496966569,-0.17272106921660318,0.8628750143788446,-1.6811506948552808,1.4088834783506334,8068,758
Xe5fca9167903,X6485e3969d76,votechoice,1.672927780060067,0.8143860722113041,2.0542195368316687,0.03998659437444208,0.07652091600728972,3.2693346441128446,8068,751
Xe5fca9167903,X97b62265efa3,votechoice,2.0800693903452667,0.85069100811401,2.4451526705998696,0.014500318018073322,0.4124954829800911,3.747643297710442,8068,737
Xe5fca9167903,X9c485d0a3260,votechoice,0.15531474810434595,0.7862879249468203,0.19752910247839617,0.8434184856650672,-1.386012496231471,1.696641992440163,8068,744
Xe5fca9167903,Xa57d78336b9a,votechoice,1.9738017638961693,0.820910970057477,2.4044041752273957,0.01622124826000822,0.3646044162333395,3.5829991115589994,8068,736
Xe5fca9167903,Xa586a1d3b143,votechoice,0.49944217319164447,0.7701704356910728,0.6484826605211037,0.5166912780962676,-1.0102906328830816,2.0091749792663705,8068,753
Xe5fca9167903,Xfe8a26638f23,votechoice,1.179358911216141,0.8184319859903246,1.440998068751046,0.14962403609616703,-0.42497898794220523,2.783696810374487,8068,740
Xe7db07728484,X48c85b5b9185,votechoice,1.3251551205058316,1.661545535093854,0.7975436679386454,0.425229557354039,-1.933376461534154,4.583686702545817,2010,354
Xe7db07728484,X7270771e2d61,votechoice,0.8323648745334961,1.8712213427527864,0.44482438048135425,0.656494568122064,-2.837371352107325,4.5021011011743175,2010,299
Xe7db07728484,Xab57bc863f6a,votechoice,-1.0534277786600157,1.6899348556034515,-0.623354074961577,0.5331225949768772,-4.367634932340566,2.260779375020535,2010,327
Xe7db07728484,Xf5df7930b5ee,votechoice,0.8037367425990265,1.688041483834363,0.47613565797764024,0.6340294827897792,-2.5067572346588456,4.114230719856899,2010,348
Xe8542bf44750,X324453b8b6c9,votechoice,1.0650338627076565,0.5197886790060351,2.0489747193883976,0.040481948408219205,0.046184554966467894,2.0838831704488454,14999,3574
Xe8542bf44750,X733c20994155,votechoice,0.6883851288513899,0.5103713740601145,1.3487925926862583,0.17742395773570846,-0.3120051107868024,1.688775368489582,14999,3541
Xe9ef1f1fb8ef,X1201e3e3f7a2,votechoice,3.137338003894713,2.5468658106517776,1.2318426792543993,0.21857774997892437,-1.866348582032003,8.141024589821429,508,145
Xe9ef1f1fb8ef,X9c66eb8058e2,votechoice,0.6817862490603922,2.6978518086371905,0.2527144919070977,0.8005910723048857,-4.6185341876262225,5.9821066857470075,508,149
Xf0130cfec75e,Xbd20deb05c44,votechoice,-5.7908381575636,3.1403170008046146,-1.844029808481076,0.0684421722134221,-12.02893285472787,0.44725653960066847,90.74005955730803,319
Xf0130cfec75e,Xe19ab7283c95,votechoice,3.4619947899202916,2.9790364658982114,1.162118970194097,0.24838759250935225,-2.459751057115966,9.38374063695655,86.39130189760314,307
Xf0130cfec75e,Xfa8f34d9f4de,votechoice,2.4640035996400416,2.548911034984471,0.96668874112158,0.33653713751626224,-2.6064581954033397,7.534465394683423,82.14524495770453,320
Xf337919542ab,X26f0598343f4,votechoice,-3.0736432504036357,2.2357159273031963,-1.3747914987174503,0.17034157756677634,-7.4753946199781875,1.3281081191709156,268.66606872052614,538
Xf337919542ab,X91cdbf7fc9bd,votechoice,4.334831493573004,2.1174110363794205,2.04723193517739,0.041568064924068074,0.16677438488020524,8.502888602265802,280.1283080122075,541
Xf337919542ab,Xf4ea690c269d,votechoice,0.2641757091941436,2.0949920143139273,0.12609867120694324,0.8997433664207295,-3.8595704884771895,4.3879219068654765,282.9714475556585,563
Xf76ffe03051e,X228d7f5b9b43,votechoice,-1.5382563105945006,1.2459435980159688,-1.234611512948105,0.21707658345567063,-3.981295148508056,0.9047825273190548,2859,464
Xf76ffe03051e,X248d0ff11784,votechoice,-0.18222519427808875,1.2309270515944346,-0.14803898739738497,0.882322439197742,-2.5958196767829733,2.231369288226796,2859,479
Xf76ffe03051e,X3feccf666710,votechoice,0.7668793121900755,1.2392574562650178,0.6188216244438531,0.5360831756912936,-1.6630493785230933,3.196808002903244,2859,505
Xf76ffe03051e,Xacd2330d8473,votechoice,1.4328166943617697,1.2088572481041686,1.1852654203867603,0.23601102854915906,-0.93750344799024,3.8031368367137794,2859,479
Xfb6f85b84f14,X00219b8ba6a6,votechoice,4.0457140219570515,2.0129463447054974,2.009846925427591,0.0446032987460709,0.09763345116152111,7.993794592752582,1720,283
Xfb6f85b84f14,X0686cc444463,votechoice,2.1095292500595217,2.066934058802621,1.0206079100953884,0.3075837682684681,-1.944439808846556,6.1634983089655995,1720,299
Xfb6f85b84f14,X2f9894c42f5e,votechoice,-0.29362328559124634,1.9143530417667247,-0.15337990390751868,0.8781166836668979,-4.048328456805485,3.4610818856229923,1720,297
Xfb6f85b84f14,Xc41f17216508,votechoice,1.2671668443458532,1.9156748468332183,0.6614728206305956,0.5083977379870737,-2.490130841524888,5.024464530216594,1720,292
Xfe8b4566d11e,X08660b8619f7,votechoice,0.691248862601889,0.7992304053491253,0.8648930996311796,0.3871344463230173,-0.8755519852834469,2.258049710487225,5610,708
Xfe8b4566d11e,X328ab23bd8d8,votechoice,-0.5203883457808175,0.7958730067971371,-0.6538585193070395,0.5132297605433925,-2.080607393395872,1.0398307018342372,5610,691
Xfe8b4566d11e,X7d527e41b4e6,votechoice,0.7793391899560059,0.7954952588949996,0.979690552824368,0.3272811363542034,-0.7801393256054697,2.3388177055174815,5610,682
Xfe8b4566d11e,X8bc23b11330c,votechoice,0.9847396060903236,0.801441016675468,1.2287112658336525,0.21923162018628883,-0.5863948953663448,2.555874107546992,5610,716
Xfe8b4566d11e,Xc5c45c385810,votechoice,0.3822422982690435,0.7901105714024624,0.48378329831805134,0.6285585521309303,-1.1666801462615515,1.9311647427996383,5610,707
Xfe8b4566d11e,Xcfd91d215f7e,votechoice,-0.9840853611491012,0.7706832219109042,-1.2768999417284155,0.20169042346834595,-2.4949226834773675,0.5267519611791651,5610,703
X00f59679c283,X8e9e8d9fbcbb,votechoice_dichotomized,-1.8379559280198239,2.493878516842261,-0.7369869524947976,0.461225067399301,-6.72911362634529,3.053201770305643,1824,364
X00f59679c283,Xa91f3a9b6388,votechoice_dichotomized,3.5402876720610594,2.4881624469077743,1.4228523047041561,0.15494997575307545,-1.3396592959600166,8.420234640082136,1824,368
X00f59679c283,Xeabe7ca75d77,votechoice_dichotomized,5.910530663115612,2.3837576457876426,2.4795015019921,0.013246349466614394,1.2353492212788133,10.58571210495241,1824,373
X033ad160abd7,Xaa302fc2c9b7,votechoice_dichotomized,6.145610941825273,4.904184213048396,1.2531362352731075,0.21060741470455108,-3.484372523479726,15.775594407130273,649,105
X033ad160abd7,Xab5b00bb4063,votechoice_dichotomized,4.894098617541808,4.538628749683765,1.0783209835972618,0.28129115020052264,-4.018070647699706,13.806267882783324,649,117
X033ad160abd7,Xc1e324e2d086,votechoice_dichotomized,6.886937914177008,4.667112245380638,1.4756315151823238,0.14052781592000363,-2.2775248794832494,16.051400707837267,649,112
X033ad160abd7,Xdb1635e19a5a,votechoice_dichotomized,3.3347014652879294,4.534746332721691,0.7353667042466052,0.46238184909687263,-5.569844185194027,12.239247115769887,649,106
X0359e72b4036,X3743f26600b3,votechoice_dichotomized,-0.009918339008831746,5.140665790111521,-0.0019293880236117388,0.9984628361601892,-10.157740528418849,10.137903850401184,169.85516690154822,158
X0359e72b4036,X5cc2404c0663,votechoice_dichotomized,5.697078075443683,4.943697972456318,1.1523920164995518,0.2509142271093127,-4.0677709881829625,15.461927139070328,156.77178846174561,153
X03cc29d0f06b,X029473d3c7df,votechoice_dichotomized,1.3265423025745242,1.3428814358189196,0.9878327804610454,0.3233242265565366,-1.3066528577284406,3.959737462877489,2665,565
X03cc29d0f06b,Xa154386c442d,votechoice_dichotomized,-1.2800920298823266,1.3338751041105683,-0.959679077851817,0.3373038133409324,-3.895627083764912,1.3354430240002588,2665,561
X03cc29d0f06b,Xc0e105a8f255,votechoice_dichotomized,1.2738361307647554,1.3771554356143716,0.924976293759082,0.3550619855257269,-1.4265653576460757,3.974237619175587,2665,580
X0b29d31bb747,X88625f8e7c09,votechoice_dichotomized,0.13519163503592846,1.7540562264683932,0.07707371804615552,0.9385695435903846,-3.3039488098199374,3.5743320798917946,3321,584
X0b29d31bb747,X8928b0ac21f4,votechoice_dichotomized,-2.0367267411173113,1.820665849370468,-1.1186713596136,0.2633612762217132,-5.606467245812964,1.5330137635783414,3321,561
X0b29d31bb747,Xa370433c6c71,votechoice_dichotomized,-2.3818227189295427,1.7571991098883086,-1.3554654708884621,0.17536147646470093,-5.827125347938798,1.063479910079713,3321,565
X0b29d31bb747,Xe90947cef2bd,votechoice_dichotomized,-0.1564683807700857,1.831010429043138,-0.08545466387750399,0.9319050877155505,-3.746491281092783,3.433554519552612,3321,537
X0ca4a39fd242,X2a6e762a5f51,votechoice_dichotomized,3.500290928782976,1.37197582156314,2.5512774159496283,0.022759702580664058,0.563680123122039,6.436901734443913,14.310823566228756,959
X0ca4a39fd242,X53cc3cde3a58,votechoice_dichotomized,2.116748831180841,2.0704388153358635,1.0223672467411045,0.3199338734706672,-2.227993598663155,6.461491261024837,18.298945497144587,952
X0ca4a39fd242,X7d85c9731540,votechoice_dichotomized,0.3596538879404088,1.4542877131875676,0.24730586986264544,0.8084105310941072,-2.771820709518806,3.491128485399624,13.435592556559396,885
X0ca4a39fd242,X80bea2f6d40a,votechoice_dichotomized,1.8339789958586905,1.2650350576370044,1.4497455898846257,0.16775273247188655,-0.8628119328053911,4.530769924522772,14.97242834641179,944
X0ca4a39fd242,Xa43bcb74de89,votechoice_dichotomized,1.4670988417727389,1.8186688362621808,0.8066882834964026,0.4331565427700663,-2.42859093217288,5.362788615718358,14.19286536180237,947
X0ca4a39fd242,Xffa9e5b5e054,votechoice_dichotomized,0.8444409061959517,2.104190525122569,0.40131390010263596,0.6927223588122451,-3.563417996542289,5.252299808934192,18.764903649689902,945
X0d38ddbcda23,X30f1a567e5fe,votechoice_dichotomized,3.8897403175366545,1.9900015341825321,1.9546418687232376,0.05072588791074979,-0.012297251745350124,7.791777886818659,2768,473
X0d38ddbcda23,X4a84f3ea1631,votechoice_dichotomized,0.33336561249105073,1.9293680567029663,0.17278487188221012,0.8628331612773437,-3.4497805373535964,4.116511762335698,2768,482
X0d38ddbcda23,X5245e7912661,votechoice_dichotomized,-1.2946507985686226,1.9854965930591026,-0.6520539008198059,0.5144205405531332,-5.187854982946607,2.5985533858093617,2768,453
X0d38ddbcda23,Xb982da11a4f0,votechoice_dichotomized,-1.7165340702022591,1.944864788105925,-0.8825981531980772,0.37753006735677874,-5.5300665424173845,2.0969984020128667,2768,462
X0f0abe8145e8,X2ea06ec479f2,votechoice_dichotomized,1.9295462594566748,1.3540982386027254,1.4249677050372254,0.1542088927800942,-0.7248735684688266,4.583966087382176,7368,922
X0f0abe8145e8,X446e10e72eab,votechoice_dichotomized,1.2384959191503706,1.38526410948522,0.894050391308131,0.3713241325972779,-1.4770179293318855,3.954009767632627,7368,925
X0f0abe8145e8,X65840d8d39b3,votechoice_dichotomized,1.1945144194084534,1.404063659759967,0.8507551713236868,0.3949330148883947,-1.5578519243970839,3.946880763213991,7368,916
X0f0abe8145e8,X82739bc52aee,votechoice_dichotomized,1.4467407646204538,1.372604622515713,1.054011286927523,0.29191231162650266,-1.243956868711933,4.13743839795284,7368,913
X0f0abe8145e8,Xb5b295c0f263,votechoice_dichotomized,0.9547764582825001,1.3615529555005204,0.7012407812897111,0.483174909593312,-1.714256746856679,3.6238096634216794,7368,936
X0f0abe8145e8,Xdc31dd630566,votechoice_dichotomized,0.3886404179463941,1.382036410978639,0.2812085230599623,0.7785583643309131,-2.3205462183217205,3.0978270542145085,7368,921
X113182778c3f,X719943ebde4b,votechoice_dichotomized,0.6144639276356813,1.9465604721412975,0.315666498128232,0.7522921311800795,-3.2032830812496003,4.4322109365209625,1806,453
X113182778c3f,Xb0946f3698e9,votechoice_dichotomized,-1.395944943596253,1.9826915336768132,-0.704065619833225,0.48148267780582,-5.284555023050992,2.492665135858486,1806,467
X14c85a139dd6,X24e813bd4e2b,votechoice_dichotomized,-1.1605943810860242,1.1953322095354877,-0.9709387665016048,0.3316139370488562,-3.5038271629676667,1.1826384007956183,6678,777
X14c85a139dd6,X39834bfb3d8d,votechoice_dichotomized,1.7889941978172983,1.2389477910741058,1.4439625387816624,0.1487964243348929,-0.6397390496644784,4.217727445299075,6678,735
X14c85a139dd6,X41d607d4b4d6,votechoice_dichotomized,0.690054581624776,1.2109568679844886,0.5698424112935582,0.568803755787967,-1.6838075195300672,3.063916682779619,6678,739
X14c85a139dd6,X8de49f249155,votechoice_dichotomized,1.9469667381240345,1.2591530963482962,1.5462510029721448,0.12209134514824378,-0.5213753589384025,4.4153088351864715,6678,753
X14c85a139dd6,Xcf7a742882b8,votechoice_dichotomized,2.2490412541949585,1.2801386365599527,1.7568731932337307,0.07898524957661018,-0.26043920204258875,4.758521710432506,6678,731
X14c85a139dd6,Xf33fc1df368e,votechoice_dichotomized,0.36237313463190485,1.2523286515607608,0.28935945383049727,0.7723153021667535,-2.0925908717066917,2.8173371409705017,6678,724
X14c85a139dd6,Xf4206a66673d,votechoice_dichotomized,-0.41038186226029627,1.2521685666547764,-0.3277369143330674,0.7431208638295062,-2.8650320510705147,2.0442683265499224,6678,773
X17dfb74370ef,X7b926d77a44c,votechoice_dichotomized,-4.659350758044554,1.3379306733475205,-3.4825053725592494,4.997961046915677e-4,-7.282102532624627,-2.036598983464481,6964,784
X17dfb74370ef,X968253da79bd,votechoice_dichotomized,-1.984491987211626,1.3698401129547964,-1.4487033694253577,0.1474654623003192,-4.669795985926335,0.7008120115030829,6964,796
X17dfb74370ef,Xa97c62bda78a,votechoice_dichotomized,-2.846441373493735,1.3588286571143018,-2.094775789862002,0.03622696765764001,-5.510159563674652,-0.18272318331281845,6964,782
X17dfb74370ef,Xb71d39c4f827,votechoice_dichotomized,-1.6286515508532071,1.319758450626185,-1.234052754184269,0.21722489041889623,-4.215780231995114,0.9584771302887001,6964,798
X17dfb74370ef,Xd3509df8596f,votechoice_dichotomized,-0.36661496425490614,1.3528275071097846,-0.2709990463145976,0.7863997975276248,-3.018569071933336,2.2853391434235233,6964,795
X17dfb74370ef,Xffb3dc1c217c,votechoice_dichotomized,-2.428217228424542,1.3466243529392157,-1.803188263396977,0.07140186042909454,-5.068011263886264,0.21157680703718018,6964,792
X1ba0c452ca90,X491c60209953,votechoice_dichotomized,3.512795213264318,3.6270168016299538,0.9685081171076171,0.33311408777085116,-3.60793099140475,10.633521417933386,724,157
X1ba0c452ca90,X65690938244d,votechoice_dichotomized,4.607206628408441,3.7943263337534177,1.2142357359786995,0.22505362415277358,-2.8419893448999884,12.056402601716872,724,161
X1ba0c452ca90,Xce253e0bf4dc,votechoice_dichotomized,0.1636576174454625,3.715472110678311,0.04404759679802429,0.9648786092230821,-7.13072811832908,7.458043353220005,724,156
X1bd946eb3686,X1f20b4c872ea,votechoice_dichotomized,0.8340250804668123,1.2436189504016992,0.6706435923941295,0.5024735870047266,-1.6039182888149144,3.271968449748539,5961,734
X1bd946eb3686,X40515a282355,votechoice_dichotomized,1.976289977167189,1.2535930426213728,1.5765004351289262,0.11496358296048158,-0.48120622377869315,4.4337861781130705,5961,777
X1bd946eb3686,Xbf1734e955f0,votechoice_dichotomized,1.95484371368945,1.2190334614234146,1.603601357592646,0.10885492995935184,-0.43490319652754694,4.344590623906447,5961,745
X1bd946eb3686,Xe2e9710a72fc,votechoice_dichotomized,2.555276371457676,1.2053296013164072,2.119981429699326,0.03404881506457906,0.1923939882492549,4.918158754666097,5961,754
X1bd946eb3686,Xed7236d2618e,votechoice_dichotomized,2.6125230294271957,1.246517824717265,2.09585693651815,0.03613694973854064,0.16889681700952908,5.056149241844862,5961,746
X1bd946eb3686,Xfd2f0c6f25f6,votechoice_dichotomized,0.4836516321686368,1.2295646614197573,0.39335192962537857,0.6940736359393832,-1.9267402426441234,2.8940435069813972,5961,732
X201e65ae9067,Xf451f63bed87,votechoice_dichotomized,5.401265401265429,4.162143353182412,1.297712486797355,0.19582896773888644,-2.8043126617045955,13.606843464235453,207.2042692977117,226
X2381dc490ceb,X0584c15b82a3,votechoice_dichotomized,0.147702771031275,1.2909421194696515,0.11441471217311792,0.9089147178729151,-2.3832529290768876,2.6786584711394377,4054,885
X2381dc490ceb,X8cde1e9f6b85,votechoice_dichotomized,2.1864909298589295,1.255193397006492,1.7419554110732953,0.08159208729620572,-0.27437763657751635,4.647359496295375,4054,877
X284250c935ca,X36db75f60f0a,votechoice_dichotomized,0.7762129058194034,1.2975411637164207,0.5982183282695807,0.5497106199723178,-1.7672927158359852,3.319718527474792,8283,737
X284250c935ca,X3b425a52abd1,votechoice_dichotomized,2.221756469951727,1.2695901602668596,1.7499792763711466,0.08015891640226788,-0.2669581852257723,4.710471125129226,8283,753
X284250c935ca,X89f18a4a5370,votechoice_dichotomized,1.050208233749263,1.2848595992659855,0.8173719792802466,0.4137393934546929,-1.4684383457631536,3.5688548132616797,8283,744
X284250c935ca,Xb643920fcd38,votechoice_dichotomized,-0.2942733751518318,1.277671682181358,-0.2303200260722859,0.8178487881412408,-2.798829837121944,2.2102830868182806,8283,746
X284250c935ca,Xbc10a65e7f64,votechoice_dichotomized,1.5243845247730272,1.226816753802702,1.2425527447746123,0.21406786792555813,-0.8804835420717159,3.9292525916177703,8283,756
X284250c935ca,Xd25172158c50,votechoice_dichotomized,-0.2695017242075594,1.250964516778135,-0.21543514671516215,0.829433374440993,-2.721705453762606,2.1827020053474877,8283,789
X284250c935ca,Xd3d6df25f558,votechoice_dichotomized,-0.4314167123443297,1.236977718843464,-0.3487667609305776,0.7272732839094758,-2.8562028152601586,1.993369390571499,8283,745
X284250c935ca,Xd6c5c1bfc52e,votechoice_dichotomized,2.2287231797446254,1.3293689067250851,1.676527236698434,0.09367270255037263,-0.3771727887690255,4.834619148258277,8283,750
X284250c935ca,Xf03b398e0e48,votechoice_dichotomized,1.2522035041958715,1.211088206381804,1.0339490530891238,0.3011901673828106,-1.1218326708336304,3.6262396792253733,8283,756
X29e0b3e3d212,X8794e2426b14,votechoice_dichotomized,-1.680652091885472,1.5368835998727464,-1.0935454656583163,0.2742385299798094,-4.694053864770627,1.3327496809996826,3130,625
X29e0b3e3d212,X963d143ad76a,votechoice_dichotomized,-1.3550308280929968,1.5842420291247985,-0.8553180657892105,0.3924405546362435,-4.461289323947287,1.7512276677612928,3130,630
X29e0b3e3d212,Xf7891c4c5461,votechoice_dichotomized,-2.3100883764575073,1.4952258898979076,-1.5449761752153968,0.12245311962882705,-5.241810953141396,0.621634200226381,3130,624
X2ac92f4fab06,X051f3b1b6b15,votechoice_dichotomized,0.14153926340004924,1.4708688268589452,0.09622833852717358,0.9233434464945873,-2.7420748867883535,3.025153413588452,4567,632
X2ac92f4fab06,X055e8e978256,votechoice_dichotomized,1.4657474455588526,1.447569641125047,1.0125574645373732,0.31132522616099756,-1.3721890340968128,4.303683925214518,4567,631
X2ac92f4fab06,X07cdea74e0b9,votechoice_dichotomized,-0.4366689875135836,1.5120974560861904,-0.28878362684626674,0.7727600689352838,-3.4011111873972406,2.527773212370074,4567,630
X2ac92f4fab06,X5a11255c5b41,votechoice_dichotomized,-0.2937903443033754,1.4565657044665423,-0.2017007151839911,0.8401596866034783,-3.1493634582216115,2.5617827696148603,4567,647
X2ac92f4fab06,Xacaed760e9cc,votechoice_dichotomized,-1.2988550218270187,1.464674199582037,-0.8867876707309129,0.3752399207501945,-4.1703247070946565,1.5726146634406188,4567,635
X2c27b3c82c5e,X446cad8eade9,votechoice_dichotomized,2.8245817383568252,2.879920655675162,0.9807845687660575,0.326914844241893,-2.8261822783748207,8.47534575508847,1099,323
X2c27b3c82c5e,Xe0f72c5e254a,votechoice_dichotomized,1.7932374512674647,2.748374994418112,0.6524718988163878,0.5142332420636011,-3.599417548563421,7.185892451098351,1099,324
X2fe2886d447c,X10b72d85a87b,votechoice_dichotomized,5.101912709116125,2.340156188729711,2.180159056770291,0.029305373463346315,0.5138644078213677,9.689961010410883,3893,386
X2fe2886d447c,X23380411a8a8,votechoice_dichotomized,-0.6213982921163506,2.321124560793635,-0.2677143237430925,0.7889334058362713,-5.172133687271119,3.929337103038417,3893,398
X2fe2886d447c,X33defd73178b,votechoice_dichotomized,0.25677370961887375,2.297413592809842,0.11176642743931352,0.911014369697657,-4.247474589117279,4.7610220083550265,3893,388
X2fe2886d447c,X706b7ec45580,votechoice_dichotomized,3.223519197571209,2.234390066090888,1.442684178779412,0.14918990773479973,-1.1571668423306476,7.6042052374730655,3893,389
X2fe2886d447c,X824a6af69ba7,votechoice_dichotomized,3.5136595428077495,2.377851341187512,1.4776615686382684,0.13957927910151294,-1.1482928769531098,8.17561196256861,3893,391
X2fe2886d447c,Xa78156dd2d0a,votechoice_dichotomized,3.1924520702632853,2.2733193400496767,1.4043130738480074,0.16030541668907133,-1.264557674063707,7.6494618145902775,3893,400
X2fe2886d447c,Xc01cb412bd39,votechoice_dichotomized,-1.9586155022450658,2.291673358941306,-0.8546660869461326,0.3927886210628396,-6.451609650349561,2.5343786458594293,3893,389
X2fe2886d447c,Xfd0b41a8a119,votechoice_dichotomized,1.68642329274442,2.35796715166967,0.7152021992970803,0.4745269988168215,-2.936544711198673,6.309391296687513,3893,393
X3051b9505c0c,X83c51f55ecd2,votechoice_dichotomized,1.4267005253080014,3.856136477073762,0.36998185458172794,0.7114946739511147,-6.142726533815779,8.99612758443178,794,177
X3051b9505c0c,X939298573905,votechoice_dichotomized,0.22046147832402252,3.835937182797983,0.05747265083293544,0.954183151520517,-7.309315250585741,7.750238207233786,794,168
X3051b9505c0c,Xf20edc548acf,votechoice_dichotomized,3.8958023254008967,3.6239808172246115,1.0750063319552714,0.28269845125068505,-3.217913338641655,11.009517989443449,794,161
X371271f59848,X0a4cf7b11152,votechoice_dichotomized,-0.9972402408882327,1.591154572781969,-0.6267400150474768,0.5308562919014138,-4.116548444093341,2.1220679623168754,5374,668
X371271f59848,X0db56e2f9135,votechoice_dichotomized,1.904868811449605,1.6069565419184388,1.1853891264386704,0.2359160419857609,-1.2454176592333155,5.055155282132525,5374,672
X371271f59848,X2e9c3090719f,votechoice_dichotomized,1.6258756587491063,1.5595508744461049,1.0425281312650718,0.29721378583348534,-1.4314764798743431,4.683227797372556,5374,675
X371271f59848,X62da557f1d63,votechoice_dichotomized,5.080427149004499,1.5791561544118657,3.217178449902335,0.0013022591518604264,1.9846407113698552,8.176213586639143,5374,682
X371271f59848,Xd040d7558b57,votechoice_dichotomized,4.334843539795299,1.537847108055398,2.8187740621866455,0.004838375289432835,1.320039584548284,7.349647495042315,5374,671
X371271f59848,Xf87c88acc3dc,votechoice_dichotomized,4.713097533790936,1.5768861426241,2.9888635624306135,0.002812843809262144,1.6217612397891452,7.804433827792727,5374,669
X37ed37edc29e,X6a72c4caec1f,votechoice_dichotomized,3.5663577336654084,1.466368832168098,2.432101430028606,0.015033887763789987,0.6918808442518616,6.440834623078955,7787,984
X37ed37edc29e,X7d2c57138af6,votechoice_dichotomized,2.468165057062771,1.4323055479080582,1.723211266386302,0.08489002516387863,-0.3395386432082885,5.27586875733383,7787,974
X37ed37edc29e,X7efb741b6efe,votechoice_dichotomized,-0.19764778046305978,1.4549378177164218,-0.1358462045981286,0.8919463750470511,-3.04971681031012,2.6544212493840003,7787,985
X37ed37edc29e,Xb2bedaf5603d,votechoice_dichotomized,2.7564891972568875,1.454319903568801,1.8953802327071592,0.05807904307195131,-0.09436855484202855,5.6073469493558035,7787,977
X37ed37edc29e,Xc68c41f26c4e,votechoice_dichotomized,1.5732677172834755,1.464523676234699,1.074252156392827,0.2827429677062698,-1.2975921707511764,4.444127605318127,7787,951
X37ed37edc29e,Xe8fa1978184e,votechoice_dichotomized,1.8904766412534608,1.4782528547109626,1.2788587792871868,0.20098490044000805,-1.007296125297781,4.788249407804702,7787,965
X38974a4c2046,X41aaccd5c73a,votechoice_dichotomized,3.052962663253999,2.17569077492499,1.4032153366827849,0.16075877287437873,-1.2147427833476967,7.320668109855694,1506,391
X38974a4c2046,X8e4df9d1014b,votechoice_dichotomized,0.6300634449519085,2.2872536369161955,0.27546723930512385,0.7829950815265566,-3.8564770673887394,5.116603957292556,1506,378
X39f5116e55a1,X0d8f4f9a5869,votechoice_dichotomized,0.5496056034649486,1.2731331113613054,0.431695318078154,0.6659871381627036,-1.946477227016844,3.045688433946741,3835,640
X39f5116e55a1,Xaab684527f66,votechoice_dichotomized,1.999980461163038,1.268648675899874,1.576465178387088,0.11500111817327231,-0.487310262460648,4.487271184786724,3835,643
X39f5116e55a1,Xbf5c459a23ec,votechoice_dichotomized,0.0679864482648464,1.273919326177317,0.053367938508991075,0.957441529855753,-2.4296378214315926,2.5656107179612855,3835,642
X39f5116e55a1,Xe30dc16ebbc6,votechoice_dichotomized,0.8389827869637111,1.2460320741433308,0.6733235880308511,0.5007820231958231,-1.6039662171456741,3.2819317910730965,3835,636
X3b305caa5847,X0e327cfa811d,votechoice_dichotomized,0.4272198799012771,2.3231546485306223,0.18389644450553064,0.8541078411613088,-4.1280236610900705,4.982463420892625,2836,359
X3b305caa5847,X4e5fd01d8068,votechoice_dichotomized,5.259962161481059,2.143495543408654,2.4539179368278523,0.014190655298736555,1.056994341223482,9.462929981738636,2836,354
X3b305caa5847,X52ee9653d668,votechoice_dichotomized,1.6689348875503107,2.322615836494551,0.7185583002263433,0.472472308624159,-2.885252150358612,6.223121925459234,2836,347
X3b305caa5847,X780858c51a8d,votechoice_dichotomized,4.567893000528632,2.1635642697856525,2.1112814000118334,0.03483540822788937,0.325574405124609,8.810211595932655,2836,368
X3b305caa5847,X8861f8b15364,votechoice_dichotomized,1.4306410506709204,2.347425355284804,0.6094511365186077,0.5422742725241307,-3.172192512038185,6.033474613380026,2836,360
X3b305caa5847,Xb0dfa6293d12,votechoice_dichotomized,1.4497692566025695,2.367192487342002,0.6124424880337638,0.5402941394875977,-3.191823714863257,6.0913622280683954,2836,357
X3bab95a16d3f,X0444af5aa348,votechoice_dichotomized,0.2694569489604075,1.2134972189578868,0.2220499105814257,0.8242785658740465,-2.1091783973803078,2.6480922953011228,12824,898
X3bab95a16d3f,X110f9885e8b2,votechoice_dichotomized,0.41602913280026993,1.3077395144338495,0.318128440877141,0.750392690931787,-2.1473351536956766,2.9793934192962164,12824,887
X3bab95a16d3f,X2a69ffa01534,votechoice_dichotomized,1.9156355330760022,1.248535506494206,1.5343060114124931,0.12497905660838461,-0.5316800771393277,4.362951143291332,12824,896
X3bab95a16d3f,X33d4582911e7,votechoice_dichotomized,0.6690540789803212,1.253095415253879,0.5339210971774004,0.5934053795536834,-1.7871996317781325,3.125307789738775,12824,907
X3bab95a16d3f,X3bc372fc90a0,votechoice_dichotomized,-0.3476687803602257,1.2526867153483863,-0.277538490749888,0.7813711285937999,-2.80312137841231,2.107783817691858,12824,900
X3bab95a16d3f,X42130beb4d54,votechoice_dichotomized,1.1511769029860146,1.2691212610583333,0.9070661238674989,0.3643888743978647,-1.3364898532165952,3.638843659188624,12824,901
X3bab95a16d3f,X91382a3ba0d7,votechoice_dichotomized,-1.4824198889402542,1.289133844281636,-1.1499348151598068,0.2501921640243394,-4.009314289906165,1.044474512025656,12824,892
X3bab95a16d3f,Xb786c51fb2c8,votechoice_dichotomized,0.8165822116133964,1.278597271637246,0.6386547427617779,0.5230589658970773,-1.689658937140897,3.32282336036769,12824,888
X3bab95a16d3f,Xc1c4c926f6c9,votechoice_dichotomized,0.5676173450157822,1.2539502995802794,0.4526633513351959,0.6507988307347954,-1.890312066390387,3.025546756421951,12824,908
X3bab95a16d3f,Xd428a51413e2,votechoice_dichotomized,0.3608003910634927,1.2476721137617868,0.2891788532290455,0.7724491880806688,-2.08482284076067,2.806423622887655,12824,917
X3bab95a16d3f,Xe771430b3e08,votechoice_dichotomized,1.9109282697461425,1.2519316422715507,1.5263838737064621,0.12693895284147944,-0.543044272578106,4.364900812070391,12824,896
X3f36c1eb8e50,X0de918a86b92,votechoice_dichotomized,-0.040877379598053945,1.2823754126317477,-0.03187629706199963,0.974571905377494,-2.5548629688569497,2.473108209660842,5283,767
X3f36c1eb8e50,X6d7c9df159a5,votechoice_dichotomized,-0.21900355670154856,1.3226838388677884,-0.16557513614819294,0.8684976510957982,-2.8120103137752173,2.37400320037212,5283,756
X3f36c1eb8e50,X99545b67b825,votechoice_dichotomized,2.551922659213856,1.239461277314685,2.0588966399520303,0.03955305571487487,0.1220665040503901,4.981778814377322,5283,770
X3f36c1eb8e50,Xe44231a8a480,votechoice_dichotomized,1.5828496145699045,1.2075726399160096,1.3107696897471912,0.18999256128732675,-0.7844916373197626,3.9501908664595717,5283,761
X3f36c1eb8e50,Xf5b2b5e33cf8,votechoice_dichotomized,-0.7258416836056857,1.280989566939661,-0.5666257574132728,0.5709925420441619,-3.2371104427814994,1.7854270755701278,5283,742
X4035b3649f55,X70a3c329472e,votechoice_dichotomized,2.7425915585763754,1.231452430119124,2.227119368558209,0.025972189563087396,0.32855576585684565,5.156627351295905,6742,1017
X4035b3649f55,X81ee68ff4ee2,votechoice_dichotomized,1.2575748568080414,1.2313078616263495,1.021332597638902,0.30713353320738784,-1.1561775359948356,3.6713272496109184,6742,1019
X4035b3649f55,Xb9a423a4ac5a,votechoice_dichotomized,1.0523790940024889,1.2136421418962768,0.8671247130214021,0.3859045412310017,-1.326742907329707,3.431501095334685,6742,1016
X4035b3649f55,Xdf0b586196b8,votechoice_dichotomized,1.3048364210368237,1.2542779084441624,1.0403088599841286,0.2982337338144215,-1.153944520025347,3.7636173620989943,6742,1006
X43915f01925b,X43e31934e628,votechoice_dichotomized,2.328465300849027,3.5566467663584387,0.6546799426002836,0.513726793321772,-4.702005994181462,9.358936595879516,142.820549463501,247
X43915f01925b,Xa48879ab0952,votechoice_dichotomized,2.8721924070761067,3.334086730800142,0.8614630149068779,0.3903545973791165,-3.715510980345752,9.459895794497966,150.38277107849024,245
X43915f01925b,Xa4fc595f777d,votechoice_dichotomized,4.834288282215509,3.415060635280469,1.415579047784164,0.15939825385216533,-1.9248795085064918,11.59345607293751,124.36192244101711,243
X467e42562cc3,X27b4a270e874,votechoice_dichotomized,0.4381304686884886,2.1252163544314504,0.20615805434345985,0.836680554270341,-3.7287916513145567,4.6050525886915334,3203,461
X467e42562cc3,X9935ef672e9f,votechoice_dichotomized,1.7525844043216465,2.0059196639349643,0.8737061786829707,0.38234378467572416,-2.180432110053801,5.685600918697094,3203,471
X467e42562cc3,Xad681b6b1939,votechoice_dichotomized,0.7686676098816486,2.1107714145080054,0.3641643072283199,0.7157593557880777,-3.3699322456311918,4.907267465394489,3203,454
X467e42562cc3,Xb8b43893a78d,votechoice_dichotomized,2.7263592351107278,2.0949791886786864,1.3013777176613655,0.19322279437192402,-1.3812767258343621,6.833995196055818,3203,464
X467e42562cc3,Xca4233d90edd,votechoice_dichotomized,2.401323934014908,2.086088906953283,1.1511129396311415,0.24977169759365472,-1.6888808079875095,6.491528676017326,3203,462
X46cbfb66b14a,X69053152fa27,votechoice_dichotomized,6.031749393859996,3.4225830603839174,1.762338353063491,0.07850484677428879,-0.6895109436418565,12.753009731361848,620,263
X48c00dcea613,X05d6966964d6,votechoice_dichotomized,-2.615798569907803,3.8886616179763296,-0.6726732297342631,0.5017996543238828,-10.275902816762473,5.044305676946866,241,53
X48c00dcea613,X7541a65175c3,votechoice_dichotomized,1.3276707020434435,4.653358319544593,0.28531452144295166,0.7756482400761691,-7.8387760931472155,10.494117497234102,241,55
X48c00dcea613,X96efd7e48df3,votechoice_dichotomized,3.145113362049708,4.173705944218885,0.7535541324865234,0.4518525452016239,-5.076487221719129,11.366713945818544,241,41
X493ad50c4528,X25e76cbdfd98,votechoice_dichotomized,-0.5313868003828043,1.3233589913613455,-0.401543952813714,0.6880416858220693,-3.1259279734588463,2.0631543726932375,3900,655
X493ad50c4528,X7681baac932d,votechoice_dichotomized,1.1593640353542602,1.4038462739129136,0.825848283318648,0.4089406761676241,-1.5929782860513264,3.911706356759847,3900,651
X493ad50c4528,X85b69da973a3,votechoice_dichotomized,2.1115199227035326,1.3819362902755894,1.5279430300527441,0.1266077781098654,-0.5978662885161237,4.820906133923189,3900,664
X493ad50c4528,Xc142ee380243,votechoice_dichotomized,-1.30760298422277,1.437140073814026,-0.9098646736309582,0.36295010863582633,-4.125220212298036,1.510014243852495,3900,643
X4a7bc869dba3,X68447f0be1db,votechoice_dichotomized,5.106302354136391,3.613285584732116,1.4132019831792413,0.15816720778570426,-1.9913695282530997,12.20397423652588,545,279
X4ac7e3ed36b6,X6042168b9a77,votechoice_dichotomized,2.928302524653041,2.596741602559394,1.1276834482748899,0.25965550495194023,-2.165818723908797,8.022423773214879,1340,288
X4ac7e3ed36b6,X6f846751db99,votechoice_dichotomized,5.426174065444152,2.60368471521116,2.0840365324355665,0.03734590075894551,0.31843226347197096,10.533915867416333,1340,294
X4ac7e3ed36b6,Xc17870115f64,votechoice_dichotomized,3.7783099030117944,2.5555799656591174,1.4784549706067676,0.13952105375596285,-1.2350630843627854,8.791682890386374,1340,295
X4cd2c9923737,X872d5689bc1d,votechoice_dichotomized,-1.9794030644984115,2.092110900952694,-0.9461272170595936,0.3448511323098403,-6.096606116206569,2.137799987209746,297.64909737900234,723
X4cd2c9923737,X895a5fb04f84,votechoice_dichotomized,-0.36088429225967605,2.2272727405380977,-0.1620296812740088,0.8713968021864082,-4.74479564994877,4.023027065429417,286.223632471855,722
X4cd2c9923737,X9946ecc8c78d,votechoice_dichotomized,-3.932226268206829,2.261697184112447,-1.7386174841748077,0.08309665703887821,-8.382476697264355,0.5180241608506968,309.4469253083734,727
X4cd2c9923737,Xda82ac8e8655,votechoice_dichotomized,-0.25979266248678895,2.1326381775505787,-0.12181750529532925,0.9031245446003331,-4.456500545711014,3.9369152207374363,302.083001550133,723
X4cd2c9923737,Xe1a159322b42,votechoice_dichotomized,-0.07859310559486639,2.164015962839662,-0.03631817276048882,0.9710526274309259,-4.3370336300084755,4.179847418818742,302.33139115938025,723
X4d1542866d9e,X051da39bd0a4,votechoice_dichotomized,7.792224531013301,1.7462533507785776,4.462253159049968,2.416873121947392e-5,4.321345538472501,11.2631035235541,86.97979058844643,924
X4d1542866d9e,X08d2ba9b042e,votechoice_dichotomized,9.011105797332426,2.052447160696088,4.390420357655545,3.1541823455219975e-5,4.931959842526539,13.090251752138315,87.47913289718824,915
X4d1542866d9e,X2358ae1f1e40,votechoice_dichotomized,4.7327660113116075,1.7931515542884293,2.639356389030762,0.01005581066337276,1.1619579115456045,8.30357411107761,76.7478980194764,916
X4d1542866d9e,X2cadfa365469,votechoice_dichotomized,4.196348771622057,2.752739252677841,1.524426538961104,0.1315451099751579,-1.2860402680605842,9.6787378113047,76.14284754438793,906
X4d1542866d9e,X370f9475fe80,votechoice_dichotomized,5.15000112769413,2.0213783292396057,2.547767062305174,0.012705600178147225,1.1289209044616815,9.17108135092658,82.1162094321961,910
X4d1542866d9e,X5007dca20851,votechoice_dichotomized,4.2538084630408886,1.9852035012000984,2.1427568813319993,0.03546986811737732,0.29724246881550975,8.210374457266267,72.93312238766788,924
X4d1542866d9e,X55a07e4583dd,votechoice_dichotomized,5.317762295147124,1.7384065215738944,3.058986623182132,0.0030001049104215064,1.8595037804658787,8.776020809828369,81.9775781524523,921
X4d1542866d9e,X84fce520d96a,votechoice_dichotomized,9.392720808928535,1.6745310346819144,5.6091649628415094,2.546520531886567e-7,6.0627031576824715,12.7227384601746,83.94987808582252,926
X4d1542866d9e,Xa6acd45d2c74,votechoice_dichotomized,5.671262555919195,1.7813293430172794,3.183724883975137,0.0021886820890994166,2.1170802109213973,9.225444900916992,68.43066184126664,885
X4e7bf05595bf,X0b8d1e51b436,votechoice_dichotomized,3.9106114089133555,1.8758812166366803,2.0846796557432348,0.0371654394397179,0.23277257921827532,7.588450238608436,3775,517
X4e7bf05595bf,X18c7d39425b3,votechoice_dichotomized,2.8147006594929174,1.842553968852424,1.5276082584685235,0.12669360883737127,-0.7977970148556794,6.427198333841514,3775,545
X4e7bf05595bf,X3423e4fc56cf,votechoice_dichotomized,6.449960245514151,1.7640755107191586,3.6562835356660575,2.593852662068733e-4,2.9913268553522783,9.908593635676024,3775,526
X4e7bf05595bf,Xc7b0c0c902d2,votechoice_dichotomized,1.615684631898907,1.9157231731349949,0.8433810555493317,0.3990687991838485,-2.1402680428312255,5.371637306629039,3775,535
X4e7bf05595bf,Xe889f073f1a9,votechoice_dichotomized,-0.3200061135607703,1.8424434919120412,-0.17368571408867256,0.8621217779480526,-3.932287187637707,3.292274960516166,3775,517
X4f0673c63216,X1c256360162b,votechoice_dichotomized,5.589575068767495,2.4575872341546336,2.274415732261976,0.02303737841498062,0.7701278071636697,10.40902233037132,2189,462
X4f0673c63216,X4d77de856633,votechoice_dichotomized,1.079983336377906,2.500851930103188,0.4318461734491192,0.6658957488177197,-3.8243080835595733,5.984274756315385,2189,454
X4f0673c63216,Xd7bba4ed892b,votechoice_dichotomized,3.2593576967279003,2.439953893958036,1.3358275764140144,0.18174449998743897,-1.5255097331033798,8.04422512655918,2189,480
X51f97f3cb7a9,X2d8edf2b8001,votechoice_dichotomized,1.0476121733207089,1.5031588399276492,0.6969404333683944,0.48586435375378545,-1.899059568805384,3.9942839154468017,6672,963
X51f97f3cb7a9,X45bed2bf2ba3,votechoice_dichotomized,3.890400908142243,1.4732741407851313,2.6406496933890296,0.008293998159751069,1.0023127276106356,6.77848908867385,6672,950
X51f97f3cb7a9,X83b268b58b67,votechoice_dichotomized,2.1195245046138362,1.5413052528292603,1.3751490827162118,0.16913140206707156,-0.9019263985529236,5.140975407780596,6672,935
X51f97f3cb7a9,X9054906fd822,votechoice_dichotomized,1.1378810389867684,1.5204126302282366,0.7484027798532268,0.4542436263179803,-1.8426136465122,4.118375724485737,6672,968
X51f97f3cb7a9,Xfe094c0d7c50,votechoice_dichotomized,0.6183929215835697,1.4909180992452093,0.4147732339533853,0.6783212509514533,-2.304283056612894,3.5410688997800337,6672,952
X56c1e861bf4a,X0c0ca0f5126d,votechoice_dichotomized,6.851913403098877,2.041522570177054,3.3562760966706504,8.006607975327707e-4,2.848852284535269,10.854974521662484,2768,481
X56c1e861bf4a,X11aee9c6b2fb,votechoice_dichotomized,2.7854209526513816,2.005582398536098,1.3888339639819827,0.164994976850859,-1.147167908690041,6.718009813992804,2768,466
X56c1e861bf4a,Xc3ceef3b5506,votechoice_dichotomized,4.889296583438728,1.9756769266658116,2.4747449937019788,0.013392626313624626,1.015347010942326,8.76324615593513,2768,474
X56c1e861bf4a,Xd26666ab03eb,votechoice_dichotomized,3.8441117225117756,2.1971018780119733,1.749628344949613,0.0802932773235002,-0.46401263029909856,8.15223607532265,2768,436
X5a248af8c0f1,X2c7275cc573f,votechoice_dichotomized,8.821726734953511,3.2441863773826083,2.719241655305523,0.0071653836106910064,2.421425534933845,15.222027934973177,185.2488372692092,282
X5a248af8c0f1,X54de1a636144,votechoice_dichotomized,3.128807790298429,3.4610761178239136,0.9039985495221088,0.3673102049846867,-3.704748297320959,9.962363877917817,165.4934556888892,267
X5a248af8c0f1,Xa0ca2f6dd0e3,votechoice_dichotomized,9.025731208874037,3.269037383739702,2.760975219729305,0.0064114937893939685,2.5714944839123897,15.479967933835685,166.0441922147291,275
X5bee0c849477,X3348c18ba9a8,votechoice_dichotomized,4.630533726002819,2.5828000757026515,1.7928347492180872,0.10331481205684281,-1.1259894344007977,10.387056886406437,9.97843901221834,432
X5bee0c849477,Xbd20deb05c44,votechoice_dichotomized,6.855161880566712,3.1303748359660406,2.1898853139902634,0.05166500757870929,-0.059258344207626656,13.769582105341051,10.689310961612055,449
X5bee0c849477,Xd03be6103785,votechoice_dichotomized,-1.5940045012644923,2.5634249253164234,-0.6218260911494149,0.5462698187338709,-7.210846156955102,4.022837154426118,11.420088577938571,437
X5c1c1e604f1e,X5ed9f3818ef8,votechoice_dichotomized,3.5362082330381366,1.519585026986121,2.3270880998687504,0.022933209237784913,0.5041543952323142,6.568262070843959,68.28716259122777,1123
X5c1c1e604f1e,X71ab72cb709f,votechoice_dichotomized,2.5361704916956533,1.723056829784747,1.4719018246266924,0.14647837084592294,-0.9132484280069684,5.985589411398275,57.728082008930365,1131
X5c1c1e604f1e,X9e6284831c63,votechoice_dichotomized,4.260391869620854,1.4790008094201978,2.8805879229309044,0.005365195009808497,1.3068414308589138,7.213942308382794,65.25422882368564,1100
X5c1c1e604f1e,Xa885ad46f671,votechoice_dichotomized,3.7744855697609494,1.621682830954841,2.3275115810028932,0.023587157261732376,0.525682050193625,7.023289089328274,55.85785587653339,1120
X5c1c1e604f1e,Xb827dd77b842,votechoice_dichotomized,0.9307992045142031,1.67293192698575,0.5563879734134164,0.5800851485865703,-2.417907180051519,4.279505589079925,58.02498752383505,1128
X5c1c1e604f1e,Xc13bb4b63aa9,votechoice_dichotomized,3.5278959114064774,1.7408031845613148,2.026590910847577,0.047794963295484036,0.03554941872712014,7.020242404085835,52.52485415829491,1101
X5c1c1e604f1e,Xc306ecc0efd8,votechoice_dichotomized,6.734572715151835,1.5151786608749234,4.44473835927905,3.822223898843199e-5,3.7042608612386134,9.764884569065057,60.48201428475453,1091
X5c1c1e604f1e,Xe419a189faf1,votechoice_dichotomized,2.8909096861851094,1.4922798703217799,1.9372436388636292,0.05789732494229207,-0.10019708105713931,5.882016453427358,54.58505444680331,1117
X5f44bd39b5ef,X445b2a1eb751,votechoice_dichotomized,3.293162179006853,1.9586352026697316,1.6813555553980062,0.09275888728218414,-0.5466599150455118,7.132984273059218,4803,478
X5f44bd39b5ef,X50cafea1217a,votechoice_dichotomized,2.1012197901865224,2.027954958812045,1.036127445067811,0.30019485179313576,-1.874500775835899,6.076940356208944,4803,486
X5f44bd39b5ef,X56210d60a246,votechoice_dichotomized,4.767496337499559,1.9996046708082285,2.3842194445227842,0.017153991695069187,0.8473553210029614,8.687637353996157,4803,481
X5f44bd39b5ef,X6fede5413b55,votechoice_dichotomized,3.972293921543754,1.9938095111704772,1.9923136584957888,0.04639316558322091,0.06351407224422578,7.881073770843281,4803,472
X5f44bd39b5ef,Xab8b7d7cc4c1,votechoice_dichotomized,3.363423726830464,2.034641093188708,1.653079620818665,0.09838001562431947,-0.6254047249627832,7.352252178623711,4803,494
X5f44bd39b5ef,Xc741eae28005,votechoice_dichotomized,2.761963223327479,1.9478497479401737,1.4179549661097934,0.1562687863577969,-1.0567144394859764,6.580640886140934,4803,490
X5f44bd39b5ef,Xd4e9b525c4b7,votechoice_dichotomized,1.701355743833685,1.9816022801630009,0.85857579034161,0.39061744388550845,-2.1834923415182645,5.586203829185635,4803,485
X5f44bd39b5ef,Xd5f22d3dd952,votechoice_dichotomized,4.345268572497148,2.006530124613072,2.1655635862108302,0.030393615453485658,0.41155049453707315,8.278986650457224,4803,467
X603bfe4656f5,X0806df042874,votechoice_dichotomized,2.335053281454194,1.4036934133783137,1.6635066170427821,0.0963196399845399,-0.41728955581480864,5.087396118723197,2886,775
X603bfe4656f5,X2ab81a21a297,votechoice_dichotomized,0.8972176873139557,1.3959472697757003,0.6427303571847094,0.520450136414613,-1.8399366175747474,3.6343719922026585,2886,772
X6165ecebc935,X013fa84421ad,votechoice_dichotomized,-1.092184460713291,1.8145535467851959,-0.6019025796446127,0.547267064215091,-4.649530000183385,2.465161078756804,4860,701
X6165ecebc935,X0ce3891c0267,votechoice_dichotomized,1.6427511174102658,1.8424618933894124,0.8916065636441705,0.37264799037298646,-1.9693074022760293,5.254809637096561,4860,701
X6165ecebc935,X981bf9062a4b,votechoice_dichotomized,1.0645604952301586,1.7618172732691928,0.604240014774507,0.5457122855694658,-2.3893980994496893,4.518519089910006,4860,696
X6165ecebc935,Xa62b5f3bc2cb,votechoice_dichotomized,-0.20743855892958674,1.7716486125915323,-0.11708786802036875,0.9067952616907728,-3.6806710246656524,3.2657939068064787,4860,695
X6165ecebc935,Xee25ad29c0f2,votechoice_dichotomized,0.9852813557126795,1.7680927400185897,0.5572566039167833,0.5773777834798026,-2.48097999172341,4.451542703148769,4860,705
X61d643d0e3b4,X1b8df3420965,votechoice_dichotomized,2.4751502664098353,2.725715621347631,0.908073552143377,0.3640244625535022,-2.8726301991622774,7.822930731981948,1182,245
X61d643d0e3b4,X76ec5511d134,votechoice_dichotomized,1.5961969155918607,2.882563863608203,0.5537420820900207,0.5798601028195709,-4.059315567014993,7.251709398198715,1182,255
X61d643d0e3b4,X8f4c9a46ce25,votechoice_dichotomized,-1.5084088702034282,2.8776141995167386,-0.5241873182502185,0.6002465388348804,-7.15421024548413,4.137392505077273,1182,258
X620ceeae31bd,X549acdb08c68,votechoice_dichotomized,-6.148930909549389,3.665840432098867,-1.677359127720907,0.09388508738416869,-13.345352143217116,1.047490324118339,757,152
X620ceeae31bd,X7e98722746b1,votechoice_dichotomized,-8.739209445718075,3.981817116449695,-2.194779215151451,0.028482454355287377,-16.555925360162266,-0.9224935312738829,757,164
X620ceeae31bd,Xca07736f9f8e,votechoice_dichotomized,-6.808424530412475,3.2843795562624405,-2.0729712914667906,0.038512764163096076,-13.255998890483193,-0.3608501703417577,757,162
X6725be1de97c,X4f894ea806fb,votechoice_dichotomized,6.409026297086013,5.301828983194444,1.2088330871103397,0.22861333151545937,-4.066181403272792,16.884233997444817,151.25078003333735,157
X6725be1de97c,X58b51c511ffb,votechoice_dichotomized,10.342328094626234,4.991691609210616,2.0719084639649377,0.039830208534011466,0.4864891615399607,20.198167027712508,164.96545206787488,160
X67bc71554412,X0784b4db4086,votechoice_dichotomized,1.0180657799505592,1.6659820218827261,0.611090495922665,0.5411772305582012,-2.2482680551387957,4.284399615039915,3698,736
X67bc71554412,X9cd5637cae36,votechoice_dichotomized,-2.4489498974626405,1.6461636839614044,-1.48767095357697,0.13692295153710551,-5.676427786414898,0.778527991489617,3698,751
X67bc71554412,Xfcaece3ecc59,votechoice_dichotomized,-0.28912385210054625,1.6234037853269554,-0.1780973130121884,0.8586563072480105,-3.471978554237803,2.893730850036711,3698,749
X6b8d710d7a12,X0af56b592905,votechoice_dichotomized,1.470075395551635,1.3011628006761675,1.1298166492215191,0.25860946807823604,-1.0807946070190644,4.020945398122334,4841,773
X6b8d710d7a12,X5a2ed35195e3,votechoice_dichotomized,2.4184227625107013,1.2691863865813877,1.9054906261836253,0.05677550851634265,-0.06975894658760184,4.906604471609004,4841,827
X6b8d710d7a12,X691dd810acd3,votechoice_dichotomized,1.3775742657419145,1.3654533538867315,1.0088768406629791,0.31308412607027086,-1.29933441819001,4.054482949673839,4841,801
X6b8d710d7a12,Xded4dbcb84f9,votechoice_dichotomized,3.555365631143224,1.2868087848581036,2.7629323586994894,0.005750102919363493,1.0326360183436565,6.0780952439427915,4841,816
X6d9559cf9fca,X1ead2481a845,votechoice_dichotomized,2.026030129894537,3.919823802181858,0.5168676532773757,0.6053886056684774,-5.6680956750166285,9.720155934805701,816,132
X6d9559cf9fca,X9c96f01feca7,votechoice_dichotomized,-5.447500003434154,3.7132501201322725,-1.4670436483390201,0.14274947083476186,-12.736147404752654,1.8411473978843462,816,138
X6d9559cf9fca,X9cac434b7114,votechoice_dichotomized,3.68133073715816,3.776228182658818,0.9748697798675287,0.32991376143072626,-3.7309347552998156,11.093596229616136,816,146
X6d9559cf9fca,Xad306905e714,votechoice_dichotomized,-2.9649836444382025,3.6533920887164784,-0.8115700621336458,0.4172750401252996,-10.136137187004406,4.206169898128001,816,137
X70744a27252a,X3d38c5f826a4,votechoice_dichotomized,2.893930108054329,3.1513674486466305,0.918309322924923,0.3586905240218252,-3.2905324687980304,9.078392684906689,948,198
X70744a27252a,X681f97fac8bf,votechoice_dichotomized,-3.412033460967881,3.2520806838207394,-1.049184750533071,0.2943604917233676,-9.794142692511523,2.970075770575761,948,206
X70744a27252a,Xb5937df3e318,votechoice_dichotomized,-3.1324215196872895,3.096328726684662,-1.011656641199487,0.31196038604067344,-9.208872282050114,2.9440292426755352,948,210
X7572bae2e47c,X1284d1c4a4c5,votechoice_dichotomized,-0.9074408206259447,1.8645301468317523,-0.4866860544828876,0.6265330347951493,-4.564019055233568,2.7491374139816784,2043,492
X7572bae2e47c,X86ccfa05502e,votechoice_dichotomized,1.6734897168674805,1.895157495109132,0.8830346402271507,0.377321447141837,-2.0431526015980044,5.390132035332965,2043,514
X769f1c9a0c8c,X22ae0bfd41ee,votechoice_dichotomized,0.743710672979602,1.2689125126774556,0.5861008269280464,0.5578285722657623,-1.743785840546407,3.231207186505611,6356,697
X769f1c9a0c8c,X2c03e9ea05f4,votechoice_dichotomized,0.9586762785749882,1.3538545290611186,0.7081087797813982,0.47890367366805087,-1.6953352369667187,3.612687794116695,6356,721
X769f1c9a0c8c,X40f47bab1f8d,votechoice_dichotomized,1.785817580269789,1.3917465080428535,1.283148597786747,0.19948680430319704,-0.9424749945774031,4.514110155116981,6356,692
X769f1c9a0c8c,X743a0ddb3853,votechoice_dichotomized,0.8704779622024376,1.31425708229056,0.6623346177334806,0.5077808098821512,-1.7059092019342539,3.446865126339129,6356,720
X769f1c9a0c8c,X86d7e7115acd,votechoice_dichotomized,-0.24579073301498972,1.3262427352970052,-0.18532861781138893,0.8529772064501805,-2.845673819658549,2.35409235362857,6356,698
X769f1c9a0c8c,Xb9ca583e4282,votechoice_dichotomized,2.178294736737307,1.2819611220223623,1.6991893898474317,0.0893324399272794,-0.3347814522411334,4.691370925715747,6356,705
X769f1c9a0c8c,Xda6d75744ad4,votechoice_dichotomized,0.3539399179788939,1.2660767585137653,0.27955644521457007,0.7798269231508052,-2.1279975609210697,2.8358773968788573,6356,718
X77de84900dcf,X4814db59d6a4,votechoice_dichotomized,0.6895140345272853,1.519472202568615,0.45378522447576586,0.6500151333728094,-2.2897581048191245,3.6687861738736953,3105,655
X77de84900dcf,X926016828019,votechoice_dichotomized,2.5119444671034965,1.5563647522303399,1.6139818532280228,0.10663297400089781,-0.5396639381981752,5.563552872405168,3105,659
X77de84900dcf,Xbae4a0107d6f,votechoice_dichotomized,4.863789813360995,1.48494880410039,3.2753922559017585,0.001066744669993514,1.952208678192263,7.775370948529727,3105,656
X7b2202c3d630,X33457d76f8f5,votechoice_dichotomized,0.17791801599403026,1.8779596410951966,0.09474006368436717,0.9245275779990675,-3.5042905130022683,3.8601265449903286,3021,422
X7b2202c3d630,X3697e5139817,votechoice_dichotomized,1.1030137141923118,1.937221647919789,0.5693792010721853,0.5691411598128759,-2.6953927682635674,4.901420196648191,3021,433
X7b2202c3d630,X501f635381b9,votechoice_dichotomized,2.1350862719089334,1.8161280381773903,1.1756254113292803,0.23983723688601097,-1.4258859692336596,5.696058513051526,3021,430
X7b2202c3d630,X7e48bf119fc3,votechoice_dichotomized,2.6580039921664818,1.8210312033032725,1.4596147431987856,0.14449995779814176,-0.9125821278106274,6.228590112143591,3021,434
X7b2202c3d630,X8b7a3cd82470,votechoice_dichotomized,1.1672122095217785,1.8604192522426723,0.6273920290357906,0.5304497062372147,-2.4806040098522484,4.815028428895805,3021,440
X7f3b23100683,X89db94aeb7ee,votechoice_dichotomized,4.321006453561556,2.2732738537361374,1.9007857088841098,0.05747532347479537,-0.13725646896496357,8.779269376088076,1978,421
X7f3b23100683,X8e350c345466,votechoice_dichotomized,3.4128170041653467,2.2602533026539406,1.5099267857094116,0.131221825623717,-1.0199104818693412,7.845544490200035,1978,424
X7f3b23100683,Xca17169f4a82,votechoice_dichotomized,2.3083651263256453,2.3565747622701636,0.9795424967132906,0.3274317901748016,-2.313264542059346,6.929994794710637,1978,414
X805dc7d17075,X11476ae1b443,votechoice_dichotomized,0.7755983441684411,2.536335114192108,0.3057949006141053,0.7597880590346895,-4.1981041617241965,5.749300850061078,2336,388
X805dc7d17075,X506958ef8953,votechoice_dichotomized,1.3144911846188347,2.5118422873998236,0.5233175630543081,0.6008029169509768,-3.6111813770793098,6.240163746316979,2336,398
X805dc7d17075,Xbc78989baaaf,votechoice_dichotomized,4.768141327621352,2.52032030708075,1.8918791052968265,0.05863066275969071,-0.17415646135692775,9.710439116599632,2336,391
X805dc7d17075,Xc97be333ed11,votechoice_dichotomized,4.76782266544256,2.506594956767264,1.9021113293835015,0.05727948813167123,-0.14755998567934636,9.683205316564468,2336,388
X80c2e207179a,X0a01f9a9405a,votechoice_dichotomized,3.0653373336524004,1.7664693906864006,1.7352903762806193,0.08273491083520679,-0.39749842256708545,6.528173089871887,6767,561
X80c2e207179a,X313993338e1b,votechoice_dichotomized,2.120855541707166,1.6487512137301263,1.286340549165664,0.19836824421537916,-1.1112155522598015,5.352926635674134,6767,578
X80c2e207179a,X5daf982de1e7,votechoice_dichotomized,1.8687590715219875,1.631559450972583,1.1453821498248244,0.2520913945232378,-1.3296107587247346,5.06712890176871,6767,561
X80c2e207179a,X5f54ee9de08a,votechoice_dichotomized,5.197224604005743,1.683959103703866,3.0863128401244744,0.002034744085002129,1.896134968905304,8.49831423910618,6767,567
X80c2e207179a,Xae20956b659b,votechoice_dichotomized,1.5103275809340624,1.6619985091581793,0.9087418385826712,0.36351877638669716,-1.7477123798150456,4.768367541683171,6767,573
X80c2e207179a,Xb210fbbd82cf,votechoice_dichotomized,1.1657709190642498,1.6523905371899785,0.7055056857483195,0.4805198791575118,-2.0734343938547526,4.404976231983252,6767,557
X80c2e207179a,Xb6e569bf2afb,votechoice_dichotomized,1.538955749545344,1.6286925894958777,0.9449025306989888,0.34474237527108753,-1.6537941302612484,4.731705629351937,6767,555
X80c2e207179a,Xce131e018186,votechoice_dichotomized,0.6989611262717419,1.611795220646461,0.4336538024919826,0.6645536821477589,-2.460664594494057,3.8585868470375413,6767,578
X80c2e207179a,Xe1d012265c89,votechoice_dichotomized,1.1590799598401598,1.6262197858925906,0.7127449622093796,0.47602816362065226,-2.028822446933094,4.346982366613413,6767,562
X80c2e207179a,Xf85583428bff,votechoice_dichotomized,2.1750495699857586,1.682059801927926,1.2930869446453583,0.19602513245485395,-1.122316836092851,5.472415976064369,6767,571
X80e36e0e4fe3,X07c3076faa59,votechoice_dichotomized,2.6534419674967897,1.8166252220469457,1.4606435798061483,0.14427380132918205,-0.9092814897708434,6.216165424764423,1957,581
X80e36e0e4fe3,X72544e34ad2e,votechoice_dichotomized,2.3169139435787702,1.8918043170487902,1.2247112043771788,0.22083144718440478,-1.393249019652246,6.0270769068097865,1957,565
X818b70255128,X05a88555e44d,votechoice_dichotomized,1.4260577853748757,2.2660119999886836,0.6293249044497546,0.5292227067165841,-3.0184750171299815,5.870590587879732,1665,343
X818b70255128,X23ad1b7ea512,votechoice_dichotomized,-1.0343147330498617,2.2882926636330336,-0.45200281829672967,0.6513258284558514,-5.522548601757981,3.453919135658257,1665,356
X818b70255128,X283f7a66fa15,votechoice_dichotomized,0.6086139117707235,2.3109359284679405,0.26336252090477064,0.7923037624333693,-3.924032225413931,5.141260048955378,1665,362
X84eebdcf94ef,X10c00f43fcc9,votechoice_dichotomized,-0.8445404388104265,1.8851682963767005,-0.44799206544775655,0.654179341395501,-4.540343546985255,2.8512626693644023,4753,464
X84eebdcf94ef,X380c07eee37d,votechoice_dichotomized,0.9043627816580092,1.8870266790924337,0.4792527798774752,0.6317808590055738,-2.7950836174793223,4.6038091807953405,4753,474
X84eebdcf94ef,X8519c31186da,votechoice_dichotomized,1.0883262325817495,1.8214920159653931,0.59749162941289935,0.5502076573135288,-2.4826418698731993,4.659294335036699,4753,485
X84eebdcf94ef,X9085659022af,votechoice_dichotomized,2.3404568818462432,1.8113595636693998,1.2920995526172692,0.19638548903749034,-1.2106469205560582,5.891560684248544,4753,476
X84eebdcf94ef,X9742d1f6ede6,votechoice_dichotomized,-1.1875050250411396,1.8070373784604217,-0.6571557617988414,0.5111125863040674,-4.730135342312087,2.3551252922298076,4753,481
X84eebdcf94ef,X9aaeed75ce82,votechoice_dichotomized,2.748731217726463,1.8904346234689746,1.4540207757528805,0.1460065727882103,-0.9573963310161928,6.454858766469119,4753,473
X84eebdcf94ef,Xee13aaefab57,votechoice_dichotomized,3.3319503833090183,1.8544895649522581,1.7966940587205709,0.07244767224740324,-0.30370820027814593,6.967608966896183,4753,476
X84eebdcf94ef,Xfc2d0334353c,votechoice_dichotomized,1.6059515365737749,1.8833125726033553,0.8527270299872864,0.39385366454242277,-2.086213493397307,5.298116566544857,4753,479
X86e782d62c2e,X774940708a69,votechoice_dichotomized,1.650198217895283,1.1472877099019292,1.4383473331518062,0.15039321227999572,-0.5989461751936511,3.899342610984217,5425,776
X86e782d62c2e,X78d7d28dfca8,votechoice_dichotomized,2.2038497973256224,1.2213016199855347,1.8045090264857957,0.07120698095419635,-0.19039156615564634,4.5980911608068915,5425,769
X86e782d62c2e,X7a2b14af7588,votechoice_dichotomized,1.336262309330496,1.2100693520586614,1.104285723010128,0.2695181903141872,-1.0359593007695054,3.7084839194304973,5425,780
X86e782d62c2e,X80bd9aeb6bf2,votechoice_dichotomized,-0.5570395119490681,1.209616783161162,-0.46050907998591445,0.6451693135274951,-2.928373905364438,1.814294881466302,5425,765
X86e782d62c2e,Xfff933958978,votechoice_dichotomized,-0.8219416690730338,1.2207150360682202,-0.6733280452745232,0.5007672971164279,-3.215033092641831,1.5711497544957638,5425,789
X877266884b5c,X0792480be753,votechoice_dichotomized,4.7498354180383995,4.551262977329527,1.0436301839067506,0.3021414339928496,-4.412803107392373,13.912473943469172,45.73708975524197,171
X877266884b5c,X40f8693422f1,votechoice_dichotomized,7.844144027037669,4.209692186429681,1.8633533473834425,0.06734396023938471,-0.5777365704717399,16.26602462454708,59.572691253078425,175
X877266884b5c,X6620dc5f838a,votechoice_dichotomized,0.11784995688425787,5.077282013183269,0.023211229271538982,0.98157306775088,-10.077154145244386,10.312854059012903,50.60439149502649,162
X877266884b5c,X7f34cb49ca61,votechoice_dichotomized,-2.6894045289347446,3.8664730216856142,-0.6955704886212503,0.49003850998988274,-10.462663216410178,5.083854158540688,48.19351702872633,168
X877266884b5c,X89e844996fe7,votechoice_dichotomized,4.844842046407609,4.9489304554221265,0.9789674940975426,0.33258367314814574,-5.109816147787876,14.799500240603095,47.23470262029797,164
X877266884b5c,X8dbac0ec8131,votechoice_dichotomized,3.0584666298952694,4.434774118632104,0.6896555603690242,0.4929158216401617,-5.80182891196438,11.918762171754919,63.695494413138285,167
X877266884b5c,Xb9ba3bf4be34,votechoice_dichotomized,-2.0136054421767895,4.958361076659767,-0.4061030269972327,0.6865685069086196,-11.996932375453385,7.969721491099806,45.549624457352216,169
X877266884b5c,Xbea8f0f9c3f9,votechoice_dichotomized,-7.380495822490016,4.481381373200161,-1.646924286923519,0.10526970044637518,-16.361153144760877,1.6001614997808433,55.063186947881704,172
X877266884b5c,Xd03dbbc08e2b,votechoice_dichotomized,-2.346938775510132,4.803124061658469,-0.48862755685302,0.6272576617337684,-11.996082515575003,7.302204964554738,49.62942256490931,173
X877266884b5c,Xf399c0257a35,votechoice_dichotomized,3.2086167800454053,3.823162658610822,0.8392571979166806,0.406250026444984,-4.515229240936831,10.932462801027642,40.51423931615658,170
X877266884b5c,Xf5365540d177,votechoice_dichotomized,-1.3334252619966387,4.766808939612227,-0.2797312161844504,0.7806554353974179,-10.870427122900562,8.203576598907283,59.405108942602105,172
X877266884b5c,Xffd47908f679,votechoice_dichotomized,0.35576392719254557,4.223379245649131,0.08423679392729148,0.9332358468449419,-8.146806067531543,8.858333921916635,45.73122784444948,168
X87f354ace18b,X30168364d407,votechoice_dichotomized,0.8585138591188087,1.1538793293849654,0.744023952293529,0.4568868198158377,-1.4034370130750657,3.1204647313126834,7039,886
X87f354ace18b,X528a88abac43,votechoice_dichotomized,1.4821257963903571,1.1935098178677317,1.241821201804819,0.21434391358493776,-0.8575127643739013,3.8217643571546156,7039,853
X87f354ace18b,X752a4ed1e484,votechoice_dichotomized,1.5200319727310596,1.110537179530204,1.368735780079048,0.17112555966462994,-0.6569552371715504,3.6970191826336696,7039,889
X87f354ace18b,Xb311b092b553,votechoice_dichotomized,1.717364372691006,1.197043914181904,1.434671153116972,0.15142525390297742,-0.6292020808231125,4.063930826205125,7039,885
X87f354ace18b,Xc89217ca0d3e,votechoice_dichotomized,2.193965093911325,1.1180072337983202,1.9623889967666337,0.049756547829552404,0.002334328710686062,4.385595859111964,7039,890
X87f354ace18b,Xcd19a4d482f8,votechoice_dichotomized,1.22298083030532,1.1923244192344398,1.0257114679330008,0.305062853739037,-1.114333992261894,3.560295652872534,7039,873
X8eabc6f822c6,X06593cbad5a5,votechoice_dichotomized,6.697084140143508,3.0604147561466992,2.1882929843717194,0.028790045567742867,0.6943158927056148,12.699852387581402,1627,227
X8eabc6f822c6,X27f447bbede1,votechoice_dichotomized,5.034265933678184,2.871086006693437,1.7534361290263232,0.07971546973670925,-0.5971485280473097,10.665680395403678,1627,234
X8eabc6f822c6,X32c7cb986ead,votechoice_dichotomized,5.214211365082341,3.141632186247008,1.6597141409196075,0.09716468541540738,-0.9478586271813016,11.376281357345984,1627,224
X8eabc6f822c6,X52ab0cc6f74d,votechoice_dichotomized,-0.5754746676612572,3.0364077141755548,-0.18952483389323427,0.8497051333311969,-6.531154948028719,5.380205612706206,1627,238
X8eabc6f822c6,Xc282b4785f05,votechoice_dichotomized,6.4037971997432015,3.0395175007315594,2.1068466288487953,0.035283617814030575,0.4420173121387778,12.365577087347624,1627,246
X8eb97376c894,X486f0331a4ca,votechoice_dichotomized,0.1740474834827765,1.3307910622472177,0.13078498076841166,0.8959492540648275,-2.434717104449242,2.782812071414795,6834,936
X8eb97376c894,X54c10f32009f,votechoice_dichotomized,1.1158691253466593,1.3171497146099718,0.8471847300039732,0.3969218302411661,-1.4661541764005666,3.697892427093885,6834,941
X8eb97376c894,Xbe0df8ed5756,votechoice_dichotomized,0.8967054852047355,1.334900814621617,0.6717394096870861,0.5017723140391335,-1.720115496224094,3.513526466633565,6834,936
X8eb97376c894,Xbe58df388808,votechoice_dichotomized,2.1602302594704548,1.3290602854455975,1.6253816949666724,0.1041273646928517,-0.44514146735979443,4.7656019863007035,6834,951
X8eb97376c894,Xf181464f2aec,votechoice_dichotomized,-0.7833350806922778,1.3139129708821864,-0.5961849057371977,0.5510714538175663,-3.359013357546566,1.7923431961620104,6834,949
X8f444bfb8688,X99b77f1c619b,votechoice_dichotomized,0.6774870496464895,1.3065485434235855,0.5185318624834645,0.6041069517429993,-1.883833797956411,3.23880789724939,5819,1234
X8f444bfb8688,Xaac379da6a11,votechoice_dichotomized,-1.2579430330334598,1.2941025903612147,-0.9720581987880406,0.3310619998069936,-3.794865185917061,1.2789791198501412,5819,1239
X8f444bfb8688,Xb7d445887d50,votechoice_dichotomized,-0.5271192787957786,1.3510847274979718,-0.39014524260956823,0.6964434295246487,-3.17574760327474,2.121509045683183,5819,1227
X9075c5776f7b,X5f4ff5797a1b,votechoice_dichotomized,5.788026146746763,1.8052884897790078,3.2061502521712177,0.0013550854356084668,2.248729719750156,9.32732257374337,4301,403
X9075c5776f7b,X8191ddf5e600,votechoice_dichotomized,4.062448933354313,1.875157937037734,2.166456943766526,0.030331032318062844,0.38617235806611117,7.738725508642514,4301,406
X9075c5776f7b,X875a844cd1ab,votechoice_dichotomized,2.8536389156195217,1.8771355339142874,1.520209310442803,0.12853188434233984,-0.826514769393166,6.533792600632209,4301,394
X9075c5776f7b,X913fe132ed6e,votechoice_dichotomized,3.896778511395518,1.8749401880662526,2.0783481714232805,0.037736458328497556,0.22092883638453475,7.572628186406501,4301,398
X9075c5776f7b,X9396a51a004c,votechoice_dichotomized,2.4635836594146214,1.8882634268923453,1.3046821880510195,0.1920708928527596,-1.2383864344879618,6.165553753317205,4301,398
X9075c5776f7b,X9726f6f68429,votechoice_dichotomized,1.844020937824397,1.8868087853300055,0.9773226371223808,0.3284644157354527,-1.8550973084575435,5.543139184106337,4301,401
X9075c5776f7b,Xb6ae81f5f30b,votechoice_dichotomized,2.504887617169194,1.7992519425570483,1.392182805488216,0.16393902471835334,-1.022574064225787,6.032349298564175,4301,415
X9075c5776f7b,Xee7b62cf4819,votechoice_dichotomized,1.281957962131119,1.9566223231175832,0.6551892754083025,0.5123809379716752,-2.5540308210464584,5.117946745308696,4301,404
X95c594fe1042,X5985104a4257,votechoice_dichotomized,0.36408941382161997,1.5642503640284,0.23275648335729565,0.8159599498616912,-2.7025208271900127,3.4306996548332527,5044,835
X95c594fe1042,X5af4ae312ad6,votechoice_dichotomized,-0.6006037192205713,1.5651411836502382,-0.3837377263435348,0.701189021568954,-3.668960353672822,2.4677529152316797,5044,840
X95c594fe1042,X8634331094dc,votechoice_dichotomized,-1.9199747333785908,1.574231173940555,-1.2196269297428433,0.22266335798389997,-5.00615169759135,1.1662022308341686,5044,848
X95c594fe1042,Xfce05781421d,votechoice_dichotomized,-0.17656131844309647,1.5625666213476042,-0.11299442598538596,0.9100394709762201,-3.23987069236408,2.8867480554778875,5044,846
X96102ce6a0a6,X0fc6771d41b4,votechoice_dichotomized,0.5273021512288428,2.25143636584804,0.2342069974650276,0.8148410526465065,-3.887300958909067,4.9419052613667525,2859,452
X96102ce6a0a6,X5f5b8db03dd0,votechoice_dichotomized,4.242954268325396,2.175942975663246,1.949938171992815,0.05128110836569743,-0.023621848840356563,8.509530385491148,2859,500
X96102ce6a0a6,X679bb29dbfa3,votechoice_dichotomized,0.39171875630155495,2.196001868959975,0.17837815251362818,0.8584386440206593,-3.914188720203022,4.697626232806131,2859,485
X96102ce6a0a6,X936f3076a81b,votechoice_dichotomized,-0.8741931040377072,2.1604966711556153,-0.4046259898054438,0.6857827203198754,-5.110482198681356,3.3620959906059413,2859,479
X96ee7ca4f42d,X467ecb637319,votechoice_dichotomized,1.9036909973804246,1.7522734501246524,1.0864120535781676,0.27734984675413743,-1.5315452375280847,5.338927232288934,4930,836
X96ee7ca4f42d,X97cb6308b7a1,votechoice_dichotomized,-0.9716430324925502,1.7562523791291726,-0.5532479523098689,0.5801187222592588,-4.414679740033618,2.4713936750485175,4930,830
X96ee7ca4f42d,Xb8b5c2796277,votechoice_dichotomized,3.300820493716721,1.7481106383326317,1.8882217299844832,0.0590548537546514,-0.12625477641426608,6.727895763847709,4930,831
X96ee7ca4f42d,Xc87cfdef40f6,votechoice_dichotomized,0.26249401336541184,1.7872097953422565,0.14687364295423602,0.8832377616724205,-3.2412330150309794,3.7662210417618027,4930,811
X99a1e984b493,X75e3507ff6ec,votechoice_dichotomized,-1.5124188372250282,2.7946855396679986,-0.5411767498552627,0.5884534436632088,-6.993626819690202,3.9687891452401454,1781,382
X99a1e984b493,X999b156440bb,votechoice_dichotomized,-0.19111745218456933,2.719290897389382,-0.070282091690907,0.9439770263899547,-5.524454159249737,5.142219254880599,1781,377
X99a1e984b493,Xa88e7a2ccc4e,votechoice_dichotomized,0.7687396174903418,2.821020554616719,0.27250408233724743,0.7852660421058861,-4.7641191471849895,6.301598382165673,1781,372
X9ed122541d0f,X170f595a60b2,votechoice_dichotomized,1.3608330314801473,1.3256311333884763,1.026554821477141,0.3046519502928661,-1.237632543445379,3.9592986064056737,11383,1185
X9ed122541d0f,X1dd33686e42a,votechoice_dichotomized,0.7855269634902887,1.2996944258957879,0.6043935773202076,0.5455940507627133,-1.7620981929740385,3.333152119954616,11383,1179
X9ed122541d0f,X4a63b01ae969,votechoice_dichotomized,2.3665820774535433,1.2941693675927832,1.828649430835702,0.067478295071997,-0.17021301215567242,4.903377167062759,11383,1179
X9ed122541d0f,X4b67189d8063,votechoice_dichotomized,1.4116792828947906,1.2883885697690252,1.0956937340323256,0.2732360070433928,-1.1137844463063127,3.937143012095894,11383,1191
X9ed122541d0f,X71642066d275,votechoice_dichotomized,3.4952516203657966,1.3081545839889737,2.6718949450971445,0.007553163945982267,0.9310430954139037,6.05946014531769,11383,1172
X9ed122541d0f,X9d4b3822351c,votechoice_dichotomized,1.7219601729381333,1.3003430362564976,1.324235317086337,0.18545149324523297,-0.8269363716607923,4.270856717537059,11383,1178
X9ed122541d0f,Xe28594a051d8,votechoice_dichotomized,1.384982491927599,1.3018343754848682,1.0638699653416068,0.2874101780902595,-1.1668373346823273,3.9368023185375254,11383,1190
Xa0f9bbb62446,X9da419c379b8,votechoice_dichotomized,-2.1249186834934704,1.534712669647179,-1.3845710180929023,0.16635908195681945,-5.1349690761159685,0.8851317091290274,1761,592
Xa5e00cbed344,X0a52aa68daa8,votechoice_dichotomized,2.045623789147761,1.525859122274107,1.3406373886594511,0.18011540457138717,-0.9459229670794724,5.037170545374995,3945,483
Xa5e00cbed344,X1cfe8d40fe82,votechoice_dichotomized,2.341372299548219,1.4971262818355922,1.5639110260475262,0.11791867267438295,-0.5938418409373152,5.276586440033753,3945,518
Xa5e00cbed344,X480692015363,votechoice_dichotomized,0.34836601365246767,1.4715735912209267,0.23673027005291483,0.81287834114305,-2.5367504031275825,3.2334824304325176,3945,503
Xa5e00cbed344,X4e44098fa73b,votechoice_dichotomized,0.9422280662719915,1.5032507191622178,0.6267936906739736,0.5308307490504365,-2.004993434756027,3.88944956730001,3945,478
Xa5e00cbed344,X911e33cf2f7f,votechoice_dichotomized,-0.7606252295720167,1.4572609713782645,-0.5219553974965954,0.6017306898178967,-3.617680817643571,2.096430358499538,3945,485
Xa5e00cbed344,Xeab1279362c5,votechoice_dichotomized,1.9487412726299433,1.4736498634769335,1.3223909701535737,0.18611465355381818,-0.9404458119082448,4.837928357168131,3945,499
Xa8754cc70176,X088ec8f8ef46,votechoice_dichotomized,0.02057942139955949,3.4904715968217,0.005895885650036054,0.9952964948868614,-6.825578051007996,6.866736893807115,1671,234
Xa8754cc70176,X364e86e199b8,votechoice_dichotomized,4.9441688843863,3.3366206525318653,1.4817893309611354,0.13858490240065538,-1.6002277048082547,11.488565473580854,1671,242
Xa8754cc70176,X7b330d2d1cd1,votechoice_dichotomized,1.5323358428024865,3.3385626938918724,0.4589807001695667,0.6463077205088525,-5.015869836539268,8.080541522144241,1671,253
Xa8754cc70176,Xa90973e5a7b0,votechoice_dichotomized,5.50026372574716,3.524337000148141,1.5606520390972722,0.11879523097872675,-1.4123168295041362,12.412844280998456,1671,237
Xa8754cc70176,Xc8e2e6058bd2,votechoice_dichotomized,6.10078226910555,3.561424618101649,1.7130173802070976,0.08689483965532407,-0.8845413713544623,13.086105909565562,1671,239
Xa91760aedac7,X035d65a0d3c0,votechoice_dichotomized,4.057361427581085,1.191252070314895,3.4059637995076595,6.645248304880208e-4,1.7219826731950083,6.392740181967163,4980,692
Xa91760aedac7,X3ea83074e094,votechoice_dichotomized,3.1317961984722995,1.182213343896093,2.6490956261339234,0.008096230309426664,0.8141373290469249,5.449455067897674,4980,680
Xa91760aedac7,X75a3d9926aa1,votechoice_dichotomized,0.9564875822241218,1.2307418704061253,0.7771634371295876,0.4370992648239862,-1.456308573941273,3.369283738389517,4980,684
Xa91760aedac7,Xd519e80503db,votechoice_dichotomized,1.5671431726950458,1.195617407480296,1.3107396754934522,0.1900061705227035,-0.7767935652831308,3.911079910673222,4980,690
Xa91760aedac7,Xd83ed930be06,votechoice_dichotomized,-0.11379133768117351,1.1413067508515624,-0.09970267642443231,0.920584388788653,-2.3512552671008944,2.123672591738547,4980,689
Xa9854ba59c90,X0fdd06064450,votechoice_dichotomized,3.994876514731712,1.5506919854719377,2.5761895670827957,0.0100147151266323,0.9549257653275505,7.034827264135874,5658,807
Xa9854ba59c90,X2c6fc148a7de,votechoice_dichotomized,4.719671234411326,1.5840538696383362,2.9794890974818293,0.002899563551889458,1.614318402760436,7.825024066062216,5658,790
Xa9854ba59c90,Xa585a1fa8349,votechoice_dichotomized,3.911873712889993,1.6234149457279212,2.4096573233998115,0.015999234204095835,0.7293580830322934,7.094389342747693,5658,770
Xa9854ba59c90,Xcc739cb84b18,votechoice_dichotomized,0.8792046942091715,1.5983821507384957,0.5500591293533622,0.5823005307631783,-2.254237061145575,4.012646449563918,5658,769
Xa9854ba59c90,Xf82503133451,votechoice_dichotomized,2.1854049013021455,1.5924451972955416,1.3723579970058817,0.17000641887879958,-0.9363981493729008,5.307207951977192,5658,778
Xac69a3a198f7,X31e33b698336,votechoice_dichotomized,0.1972024139521575,2.0476940182939556,0.0963046295932717,0.9232949181848134,-3.820307545032598,4.214712372936913,1185,600
Xac749d823e04,X08d9b37b9e71,votechoice_dichotomized,11.363312317869456,4.296829130803479,2.644580915821661,0.008386016675618198,2.9252362377111876,19.801388398027726,621,139
Xac749d823e04,X84c4256909bf,votechoice_dichotomized,1.761177167826579,4.644262910562903,0.3792156477233365,0.7046573614183542,-7.359186379945921,10.88154071559908,621,136
Xac749d823e04,X9d6fc674783a,votechoice_dichotomized,5.821549244690381,4.319699139876062,1.3476747005249559,0.17825447715005843,-2.661438762527057,14.304537251907819,621,141
Xb08b17d9cc64,X457cbf90bb18,votechoice_dichotomized,1.7870843984167624,1.4202001150038914,1.2583328078464955,0.20834594385538172,-0.9973116034978293,4.571480400331354,3942,840
Xb08b17d9cc64,X5333f114d9dc,votechoice_dichotomized,-0.9405333806031868,1.4294570837638418,-0.6579654550570408,0.510598749410252,-3.7430782803616456,1.8620115191552722,3942,839
Xb08b17d9cc64,Xb3e4e5f09a53,votechoice_dichotomized,3.992024252099503,1.4462595304483616,2.7602405848014824,0.0058025865219565684,1.1565370473260694,6.827511456872936,3942,828
Xb12c1f8ccf08,X11c7812aac08,votechoice_dichotomized,1.4118686359252595,1.3196657542256873,1.0698683597754433,0.2847297904246411,-1.1752498891768537,3.9989871610273724,5041,1069
Xb12c1f8ccf08,X5ecc5f04a9b0,votechoice_dichotomized,2.6392419574844017,1.2827563691573325,2.0574771803457668,0.03969166814373063,0.12448187129358423,5.154002043675219,5041,1068
Xb12c1f8ccf08,Xe7be26615140,votechoice_dichotomized,1.4465118315179817,1.3025980133513457,1.1104821416058912,0.2668442850587518,-1.1071465022771587,4.000170165313122,5041,1073
Xb207ac778630,X96c3bc8ee2f1,votechoice_dichotomized,-1.181839688055629,3.546866005988273,-0.3332067481715678,0.7390649886285674,-8.144037116836408,5.780357740725151,805,138
Xb207ac778630,X98a717683e89,votechoice_dichotomized,-2.187893379082534,3.762727885582645,-0.58146468349883,0.5610900890243689,-9.573809386616043,5.198022628450975,805,137
Xb207ac778630,X999298aa7548,votechoice_dichotomized,0.6843633309026443,3.5398453324228623,0.19333142175289025,0.8467481878044958,-6.2640531105606305,7.632779772365919,805,139
Xb207ac778630,Xe2cfeedc4972,votechoice_dichotomized,-0.9227058435856541,3.9998939817777477,-0.230682575035541,0.8176200240560052,-8.774158801862653,6.928747114691344,805,135
Xb218652f3e19,X9bec462f54d1,votechoice_dichotomized,-5.596611207512512,3.295892622383633,-1.6980562927031795,0.09171871376891036,-12.112768179927581,0.9195457649025567,139.9994978825022,346
Xb218652f3e19,X9fbff889a3fd,votechoice_dichotomized,-10.225084792216272,3.476132312644641,-2.9415119657620363,0.0038000867465726273,-17.095177818073022,-3.3549917663595217,145.86271545619883,339
Xb218652f3e19,Xc9cda8855da1,votechoice_dichotomized,1.731335295691716,3.1885218269636195,0.5429899463289671,0.5879816144394957,-4.571361689605959,8.03403228098939,143.07776683017062,348
Xb4a2ade86f66,Xdc0f3f8c3e95,votechoice_dichotomized,-1.0129023818247975,4.7839522873913465,-0.21172919815576288,0.832513437703474,-10.440906349923752,8.415101586274156,221,113
Xb87a6fcc9dd0,X1116b33e488a,votechoice_dichotomized,2.9230777458371016,2.8360372664438023,1.0306908799906012,0.3028675914095684,-2.640364673854233,8.486520165528436,1371,409
Xb87a6fcc9dd0,X5360e79015d5,votechoice_dichotomized,0.6304256086770778,2.774980542163439,0.22718199248546206,0.8203161001926286,-4.8132420908834765,6.074093308237631,1371,417
Xbb1e5503bebf,X1907d4878fa1,votechoice_dichotomized,5.985817068533978,1.51248663167797,3.957599983474396,3.2213495767685927e-4,2.9234169098752902,9.048217227192666,37.80039400471689,843
Xbb1e5503bebf,X1d69bfa7eae5,votechoice_dichotomized,6.804178106688462,1.7206353526197047,3.954456762921297,3.677369572888061e-4,3.307758643861779,10.300597569515144,34.08795020670131,826
Xbb1e5503bebf,X530c4809e59e,votechoice_dichotomized,3.3610341643583617,1.4501600055191946,2.317698841208233,0.02596682686572275,0.42501862995116424,6.297049698765559,37.87426628862589,821
Xbb1e5503bebf,X62278782cb2c,votechoice_dichotomized,3.189494203344753,1.8527576582903296,1.7214848305028325,0.09422279914171912,-0.5753262292602694,6.954314635949775,34.107271031606764,824
Xbb1e5503bebf,X65db249dc181,votechoice_dichotomized,3.4887158509444203,1.859973277173835,1.8756806314149863,0.06851004758878138,-0.2784048037319842,7.255836505620825,37.45453714804909,848
Xbb1e5503bebf,X71bfef5b89a1,votechoice_dichotomized,0.9886736222850335,1.5365181369035175,0.6434506684558031,0.5238382994386268,-2.122964260948744,4.100311505518811,37.58817972184948,823
Xbb1e5503bebf,X8d899ab0d21d,votechoice_dichotomized,1.2314915578420529,1.5428138523818116,0.7982113694019948,0.4304036153391074,-1.906308621333997,4.369291737018103,33.30121062213282,826
Xbb1e5503bebf,X8f83d39594a0,votechoice_dichotomized,0.8797199320319549,1.536122760683465,0.5726885601516263,0.57041726491788,-2.2357397783406827,3.9951796424045924,35.980590600314144,828
Xbb1e5503bebf,X954a2d2cbc41,votechoice_dichotomized,2.512013803236597,1.6370473485090344,1.5344784043811874,0.1335449143087254,-0.8066177513454584,5.830645357818652,36.46016301788216,837
Xbb1e5503bebf,Xa083475cfa82,votechoice_dichotomized,1.5903463829579896,2.270889156999678,0.7003188059866258,0.48770089973749586,-2.9964246513865773,6.177117417302556,40.819094954605845,834
Xbb1e5503bebf,Xf6cbe186c08c,votechoice_dichotomized,-1.1173214880863174,1.9249369644666294,-0.5804457541787141,0.5655200688056763,-5.032235054721279,2.797592078548645,33.31361975813877,846
Xbce30ccbb53c,X47c7077f1e80,votechoice_dichotomized,1.6275475574330511,3.819753758142289,0.4260870360985253,0.6701690049676962,-5.871363975323888,9.12645909018999,736,159
Xbce30ccbb53c,X521443531749,votechoice_dichotomized,-2.4902648411634716,3.761720450719618,-0.6620015691721811,0.5081774319231281,-9.875245826070763,4.894716143743821,736,162
Xbce30ccbb53c,Xdce9e12f869d,votechoice_dichotomized,-0.1901275404304224,3.9235222739722775,-0.048458381819744906,0.9613640783187793,-7.892756634413879,7.512501553553034,736,162
Xbd63ac3c6221,X8f11d2948938,votechoice_dichotomized,4.861169089526887,2.206799127978248,2.202814487234473,0.02771830789640698,0.5333770132468549,9.18896116580692,2058,433
Xbd63ac3c6221,Xdfec50dac825,votechoice_dichotomized,0.9821601780971049,2.1805139454470517,0.4504260016992192,0.6524507453098284,-3.2940835704534766,5.258403926647686,2058,439
Xbd63ac3c6221,Xff8a2778660c,votechoice_dichotomized,1.1279893413826558,2.269648281464792,0.49698860858505833,0.619250170318197,-3.323057300757732,5.579035983523044,2058,442
Xbebc5dbae712,X2878ca8a098a,votechoice_dichotomized,1.6033738982771106,2.063290012334216,0.7770957493576975,0.4371438681782098,-2.4417079081768165,5.648455704731038,4420,496
Xbebc5dbae712,X699be842d1b7,votechoice_dichotomized,2.1384519041390626,2.065819857763284,1.0351589448144909,0.3006513190069294,-1.9115896664086605,6.188493474686785,4420,498
Xbebc5dbae712,X81f26d054bc9,votechoice_dichotomized,4.385343506788982,1.9906472728181224,2.2029736592062004,0.027648024078287373,0.48267785232092697,8.288009161257037,4420,534
Xbebc5dbae712,X911c90b4cb4c,votechoice_dichotomized,4.05327925640263,2.0338115342990544,1.9929473247871894,0.046328597512799156,0.06599003095726541,8.040568481847995,4420,505
Xbebc5dbae712,X94fcd2641219,votechoice_dichotomized,3.5106212808723547,2.019182761231124,1.738634732960913,0.08216866314138457,-0.44798822265602967,7.4692307844007395,4420,523
Xbebc5dbae712,X99d95b6adacf,votechoice_dichotomized,5.000059395284339,2.0573617528076062,2.4303258230891776,0.015124791897391835,0.9665999466238739,9.033518843944805,4420,526
Xbf62992cbc10,X523eafcf88ec,votechoice_dichotomized,-1.310942473604359,4.028553506640171,-0.3254126999786804,0.744968698783624,-9.22082031911718,6.598935371908462,681,212
Xbf62992cbc10,X7a46bd8420bd,votechoice_dichotomized,2.955951298405759,3.968875629620763,0.7447830504802713,0.4566598225885766,-4.836751805223903,10.748654402035422,681,206
Xbf86b7c37550,X3707855cf259,votechoice_dichotomized,6.687961148859887,2.9461208998203707,2.270090527943935,0.024914923384419037,0.857205230971541,12.518717066748232,124.96268808997247,322
Xbf86b7c37550,X3c061dc71d31,votechoice_dichotomized,5.813409342295625,3.292688347626783,1.7655510417454663,0.08006634231915065,-0.7072331273545318,12.33405181194578,117.61153677864998,312
Xbf86b7c37550,X8f794bd8e51a,votechoice_dichotomized,4.424920998147592,3.245526007745345,1.3633910150735684,0.17549141949419642,-2.0056150069730645,10.85545700326825,112.09218642350288,312
Xbf86b7c37550,Xa108e60c1571,votechoice_dichotomized,4.8144541530688105,3.206791581139527,1.5013305452666816,0.13594020506968565,-1.53583942783587,11.164747733973492,118.04808551495627,317
Xbf86b7c37550,Xc419878d09bd,votechoice_dichotomized,-0.008508465923607048,3.185785851398135,-0.0026707589023515083,0.9978728657081346,-6.307247152967429,6.290230221120215,139.3177129202413,316
Xc03c2d306034,X8c0f0edc72e8,votechoice_dichotomized,9.574662285505681,4.484657705992473,2.134981733993179,0.036744160322502155,0.6089713302566846,18.540353240754676,61.65844479558371,223
Xc03c2d306034,Xf2a4d9f42481,votechoice_dichotomized,9.04210903018016,4.54632315328063,1.988883923408605,0.05079323117679018,-0.03211413696963916,18.11633219732996,67.11097641110311,223
Xc207f6749db7,X1b62a3789fb1,votechoice_dichotomized,1.5336302272583988,1.5366828055675554,0.9980135273863306,0.31832817077906794,-1.4790488711312317,4.546309325648029,4361,655
Xc207f6749db7,X66c660a7387f,votechoice_dichotomized,1.1387401425532668,1.5286007352276056,0.7449559039913131,0.45633852124673424,-1.8580939914125651,4.135574276519099,4361,676
Xc207f6749db7,X89267c4c7d9f,votechoice_dichotomized,1.220069008655495,1.546220457163634,0.7890653645170193,0.4301166986393061,-1.8113087330111495,4.25144675032214,4361,694
Xc24349f28ce7,X0337b0cbdde6,votechoice_dichotomized,5.058952018161836,2.5367868820536916,1.9942361157537563,0.04627391904924998,0.08366121908877666,10.034242817234896,1836,310
Xc24349f28ce7,X27aae5846370,votechoice_dichotomized,1.2217790777597346,2.5215772744274796,0.48452969899054066,0.6280677883883816,-3.72368177327333,6.167239928792799,1836,308
Xc24349f28ce7,X33830bb4fb89,votechoice_dichotomized,4.821015618407601,2.6091700098725523,1.8477200029763827,0.06480361444171975,-0.2962370901947926,9.938268327009993,1836,322
Xc24349f28ce7,X879584cc448a,votechoice_dichotomized,-0.6213858528768296,2.6062895714396395,-0.23841781039456558,0.811583661133373,-5.732989281701741,4.490217575948082,1836,288
Xc359093d039f,X9ac2a86b0351,votechoice_dichotomized,0.14460066370115066,1.5453361423118566,0.09357230426567575,0.925455063131561,-2.8854061255307744,3.1746074529330754,3047,493
Xc359093d039f,Xb4cb09884b39,votechoice_dichotomized,2.9295972356120807,1.4756182567593776,1.985335449864793,0.04719667209879019,0.0362892918746236,5.822905179349538,3047,515
Xc359093d039f,Xdfe62c3d73f0,votechoice_dichotomized,1.1611458770760985,1.4884104693836298,0.7801247713320266,0.4353780317318108,-1.7572443060780822,4.0795360602302795,3047,498
Xc359093d039f,Xe2925ecc0925,votechoice_dichotomized,-0.5449126215169187,1.4539983584968563,-0.3747683883771708,0.7078588073277179,-3.395829504355521,2.306004261321684,3047,515
Xc6520141bbcf,X627858950ade,votechoice_dichotomized,2.584172481577033,2.7933532728413737,0.9251148097528087,0.35499846752205133,-2.893440070141187,8.061785033295253,2419,237
Xc6520141bbcf,X62bafd1c11ff,votechoice_dichotomized,1.0664206367560602,2.749869089745098,0.387807783553403,0.6981924062271556,-4.325921817031764,6.458763090543885,2419,246
Xc6520141bbcf,X6e3b28f166fb,votechoice_dichotomized,1.0622414644575568,2.689022234383694,0.39502888852126417,0.6928563969626911,-4.210783643436104,6.335266572351218,2419,257
Xc6520141bbcf,X6f95bcd70269,votechoice_dichotomized,0.7205924796243117,2.851679777514829,0.25269053184235535,0.8005288346777725,-4.8713951485310485,6.312580107779672,2419,247
Xc6520141bbcf,X7a4f92a469f9,votechoice_dichotomized,5.285828114183534,2.811692563256334,1.8799452626007604,0.06023562338998017,-0.2277467801224562,10.799403008489524,2419,249
Xc6520141bbcf,X87cba160d52d,votechoice_dichotomized,1.0115263231523979,2.7986369471043737,0.3614353495186218,0.7178055913626396,-4.476447223984335,6.499499870289132,2419,233
Xc6520141bbcf,Xd498ac11cc22,votechoice_dichotomized,1.8756070179327389,2.878932130023349,0.6514940030620059,0.5147895342134792,-3.769820978691546,7.5210350145570235,2419,226
Xc6520141bbcf,Xfb620098f7a4,votechoice_dichotomized,2.9807457763857457,2.9886299158170235,0.997361955259314,0.3186886057130012,-2.8797935612211703,8.841285113992662,2419,233
Xc6c602d094ef,X37bac17ff224,votechoice_dichotomized,-0.293859306468918,1.3031069059078444,-0.22550667572757052,0.8215923577603754,-2.848386685810586,2.26066807287275,6378,941
Xc6c602d094ef,X82bd1ec58c71,votechoice_dichotomized,-0.31618257188219817,1.2780808156202146,-0.24738855948539074,0.80461549024123,-2.8216504054968112,2.1892852617324152,6378,950
Xc6c602d094ef,Xb0fe3e8d7431,votechoice_dichotomized,2.06084627210003,1.275527785311954,1.6156812072862934,0.1062127162134935,-0.4396167642925186,4.561309308492579,6378,946
Xc6c602d094ef,Xca31ca0c091f,votechoice_dichotomized,1.0731307349129728,1.3027696596459009,0.8237302173621813,0.4101236661127954,-1.4807355284405828,3.626996998266528,6378,918
Xc743e344bff5,X8081e513da88,votechoice_dichotomized,0.3535832591532271,1.9962697459738619,0.1771219845746521,0.85995575783817,-3.6321996383267026,4.339366156633157,65.90985414750807,882
Xc743e344bff5,X87e3a136e698,votechoice_dichotomized,-1.889244906595864,1.787765955793166,-1.0567629954434812,0.2959722171985118,-5.484896481409168,1.7064066682174397,47.434598362808174,854
Xc743e344bff5,X8ea470ea2a65,votechoice_dichotomized,2.137025795859885,1.7689545559702629,1.208072750454427,0.23204942042517107,-1.4058899130158444,5.6799415047356145,56.52494498428799,881
Xc743e344bff5,Xa0d96ac0e739,votechoice_dichotomized,2.2385059004712113,2.4570219484630136,0.9110646739934518,0.366865745050026,-2.7031232721877423,7.180135073130165,47.4589294448661,825
Xc743e344bff5,Xab7145ad8eaf,votechoice_dichotomized,0.6317634967655562,1.5526364663908547,0.4068972424910948,0.6858549600494215,-2.488355026837364,3.7518820203684764,49.013210380502514,862
Xc743e344bff5,Xb88cebb0b484,votechoice_dichotomized,2.4457583254661874,1.630338064756827,1.5001540958506567,0.1386826575770445,-0.8136606372551731,5.7051772881875475,61.60132707977697,876
Xc743e344bff5,Xbc3a64862434,votechoice_dichotomized,5.547957616689909,1.601186637621604,3.4649037697009653,0.0010092921695983217,2.3422465407869875,8.75366869259283,57.50477713319266,899
Xc743e344bff5,Xcafb183f79b2,votechoice_dichotomized,-0.9788807609375314,1.6100688307306494,-0.6079744805029952,0.5457522892343367,-4.206852479051063,2.249090957176001,54.01602566152035,881
Xc743e344bff5,Xd14e130667e4,votechoice_dichotomized,3.421261038520839,1.905209942182687,1.7957396519783544,0.07739651197602261,-0.3870050801787328,7.22952715722041,62.15942265585664,884
Xc743e344bff5,Xf990d59b1a68,votechoice_dichotomized,2.9531629706824756,2.0759136406038152,1.4225846937560935,0.16011367236505775,-1.2005856258755658,7.106911567240517,59.098601669146646,866
Xc9457b7f8039,X1a27b55e9d0c,votechoice_dichotomized,-0.2763528921944007,1.2012895251747588,-0.23004686747285003,0.8180649755043736,-2.6314201356569247,2.078714351268123,4889,700
Xc9457b7f8039,X36ab62e2ad51,votechoice_dichotomized,-1.5630439138581405,1.225350867316627,-1.2755888583006607,0.2021614988246183,-3.9652821993755047,0.8391943716592241,4889,679
Xc9457b7f8039,X4038803eb3ed,votechoice_dichotomized,0.13412885201476504,1.174209274044252,0.1142290858875555,0.9090608861389702,-2.1678489312920837,2.4361066353216136,4889,707
Xc9457b7f8039,X606288003a83,votechoice_dichotomized,-0.2646842316428678,1.2083101805407244,-0.21905321655439533,0.8266177373954978,-2.6335151142061486,2.1041466509204128,4889,698
Xc9457b7f8039,Xa24c8db48110,votechoice_dichotomized,0.17289043443619903,1.168022412492317,0.14801979190389572,0.8823332527428374,-2.116958320293063,2.4627391891654615,4889,735
Xcac4fba0eb39,X1819a1ba8482,votechoice_dichotomized,-0.13115054021724568,1.8173085151283295,-0.07216746035440463,0.9424717033826453,-3.693924939423978,3.431623858989487,4712,436
Xcac4fba0eb39,X290de1e962c3,votechoice_dichotomized,-0.6434562902320525,1.813051230200741,-0.35490243161016966,0.7226785700732254,-4.197884420423989,2.910971839959884,4712,430
Xcac4fba0eb39,X393e4c84f6cb,votechoice_dichotomized,0.21743166053126578,1.855795742690479,0.1171635733014667,0.9067354257510738,-3.4207956999714675,3.8556590210339987,4712,436
Xcac4fba0eb39,X3aa38570275c,votechoice_dichotomized,-2.1416946277852684,1.7849754149037063,-1.1998454487961707,0.23025969303689942,-5.641081032731082,1.3576917771605452,4712,437
Xcac4fba0eb39,X6bad9006e467,votechoice_dichotomized,3.9129227041789494,1.8547561831859665,2.1096695833398504,0.03493942237475973,0.2767333663665288,7.5491120419913695,4712,440
Xcac4fba0eb39,Xa2ce4225d467,votechoice_dichotomized,1.2933143701479772,1.8588540541731788,0.6957589635638423,0.4866141052846552,-2.3509087108197497,4.937537451115704,4712,441
Xcac4fba0eb39,Xad092a4e69e7,votechoice_dichotomized,3.797232430496838,1.7691941461233625,2.14630623711778,0.03189946777032469,0.3287846911268244,7.265680169866851,4712,438
Xcac4fba0eb39,Xbb8932193a91,votechoice_dichotomized,4.124895986228963,1.8901144658387172,2.1823524769430227,0.029132745917996694,0.4193878821275723,7.830404090330354,4712,428
Xcb23f4570599,X59e893cba7cf,votechoice_dichotomized,0.7180071821692726,1.659588590166539,0.4326416718116994,0.6653103557895585,-2.536214694475007,3.9722290588135523,2647,565
Xcb23f4570599,Xb9932c0b51c8,votechoice_dichotomized,-0.4780634179270552,1.730272602562733,-0.2762936991656622,0.7823440648456127,-3.8708867894427885,2.914759953588678,2647,559
Xcb23f4570599,Xf15e95a9ae66,votechoice_dichotomized,0.8015295306291917,1.5582529009677226,0.5143770501767829,0.6070313427984338,-2.253987185814799,3.8570462470731823,2647,565
Xcbca87b096bc,X889201caef2f,votechoice_dichotomized,12.301587301587304,5.275624361950899,2.3317784697313515,0.021626504635188757,1.840662269685824,22.762512333488786,104.71105432276623,109
Xcbca87b096bc,Xdf7d7e32301b,votechoice_dichotomized,9.021119067848025,5.558580309912064,1.6229178252154708,0.107005642150215,-1.9748471930761333,20.017085328772183,131.29656279419513,115
Xcbca87b096bc,Xf2ff768695d6,votechoice_dichotomized,6.684670469717213,5.617794507734195,1.1899101080529408,0.23610571666725397,-4.42249426146118,17.791835200895605,139.3048395238695,114
Xcd1c7907cdb8,X7717c01fc34b,votechoice_dichotomized,6.578947368421025,4.041716601306955,1.627760681264395,0.10505845153990585,-1.3880781342584534,14.545972871100503,212.3483107706909,227
Xcd1c7907cdb8,X79fbd39b6550,votechoice_dichotomized,-1.0136452241715384,4.25339268028049,-0.23831451746061066,0.8118808868573928,-9.400838423911447,7.3735479755683695,200.21868605440164,224
Xcde61df57a05,X0248f5c80d91,votechoice_dichotomized,3.2365493677309787,4.410101539517315,0.7338945234547181,0.46332689351839307,-5.426223498558084,11.89932223402004,548,118
Xcde61df57a05,Xa7d3d550a572,votechoice_dichotomized,6.383545794393349,4.238685219357749,1.5060202548753059,0.13263815506489005,-1.9425135894936876,14.709605178280386,548,122
Xcde61df57a05,Xd36f3fbec8a9,votechoice_dichotomized,-2.3185474645178274,4.330699523239621,-0.5353748169495297,0.5926078918987894,-10.825350762765076,6.188255833729421,548,116
Xd0500f1294c1,X12324c1961f3,votechoice_dichotomized,2.0690250215703196,3.579755263557051,0.5779794620692638,0.5649335250522922,-5.057086021291345,9.195136064431985,78.44324101279179,261
Xd0500f1294c1,X3700314fa778,votechoice_dichotomized,-2.4019138755980687,3.5041721028023933,-0.6854440378876325,0.49494822132128846,-9.370189621623398,4.56636187042726,84.12789253293566,267
Xd0500f1294c1,Xa0cad43ab204,votechoice_dichotomized,-7.365778462893601,3.628912601402662,-2.029748101413782,0.04725818505218638,-14.639187165815766,-0.0923697599714366,54.69710145509346,264
Xd0500f1294c1,Xe9dac1669d26,votechoice_dichotomized,-4.426360017691262,3.931780501638416,-1.1257902153608903,0.2633130066169021,-12.239867008083628,3.387146972701105,88.06513943825132,262
Xd3b7ef629833,X0d5f6cad79ad,votechoice_dichotomized,1.934174888284672,1.6655913196151722,1.161254183728308,0.24558942201795536,-1.3310495328236018,5.1993993093929465,5448,553
Xd3b7ef629833,X15d7fef9d571,votechoice_dichotomized,1.176027999518035,1.7105565294874965,0.68751191746372,0.4917894602003361,-2.1773461973763513,4.529402196412422,5448,537
Xd3b7ef629833,X2ad3324feb79,votechoice_dichotomized,1.0433446308692074,1.6187866225471856,0.6445226420437602,0.5192637159519071,-2.1301238846401622,4.216813146378577,5448,548
Xd3b7ef629833,X76441c87f253,votechoice_dichotomized,-1.4888899363665764,1.6774265882933252,-0.8876036344943281,0.37479318071720547,-4.777316212493651,1.799536339760498,5448,548
Xd3b7ef629833,X7c043cc15a5d,votechoice_dichotomized,1.9727584769599456,1.664882772714948,1.1849233527372862,0.2360994388484639,-1.2910769091462448,5.236593863066136,5448,538
Xd3b7ef629833,X7c72bc6a26f6,votechoice_dichotomized,2.056742965837227,1.7063739504404167,1.2053295617331592,0.22812845187755654,-1.2884317051068823,5.401917636781336,5448,547
Xd3b7ef629833,X81a217002839,votechoice_dichotomized,1.2211713654445902,1.6608386016302203,0.7352739539205866,0.46220431778857396,-2.0347358296140845,4.477078560503265,5448,535
Xd3b7ef629833,X8e1fbe0af8a1,votechoice_dichotomized,3.020100642817134,1.6920784755260014,1.7848466761438484,0.07434181290561853,-0.29704918598702346,6.337250471621291,5448,555
Xd4b78e57e862,X17f82af5a71f,votechoice_dichotomized,1.072778213101725,2.278439341199836,0.47083904921374614,0.6378175762194112,-3.3961412070624926,5.541697633265943,1659,357
Xd4b78e57e862,X540aed828d4b,votechoice_dichotomized,0.2086702592084319,2.172908784257529,0.09603268242101261,0.9235062142494699,-4.053262059384817,4.470602577801682,1659,355
Xd4b78e57e862,X5f1a9e8583dd,votechoice_dichotomized,-2.3871227701815836,2.2837027322827046,-1.0452861208409134,0.2960430267253178,-6.866365779041283,2.0921202386781155,1659,359
Xd503139dae5a,Xcda5e7619a80,votechoice_dichotomized,-3.4532359627416263,3.777775747971889,-0.9140923636336823,0.36174440376733064,-10.901603670812925,3.9951317453296733,204.57527105351613,207
Xd503139dae5a,Xeee34d4c1884,votechoice_dichotomized,-0.46719521074346876,4.190927378158814,-0.11147776341300385,0.9113514504766991,-8.732240014382615,7.797849592895677,196.21337760688937,206
Xd54a3e61a37c,X0ce075837de4,votechoice_dichotomized,-0.6561296381322163,3.503706860864455,-0.18726727554209033,0.8514797501000818,-7.529547548107962,6.217288271843529,1325,226
Xd54a3e61a37c,X64a1712a1e8c,votechoice_dichotomized,0.6408246013415471,3.5493255585954464,0.18054827340074625,0.8567497704307554,-6.322086062013858,7.603735264696953,1325,227
Xd54a3e61a37c,X9239ef22e0c0,votechoice_dichotomized,2.145284382629701,3.612139162500388,0.5939096712831785,0.5526739085664316,-4.940851244233018,9.23142000949242,1325,228
Xd54a3e61a37c,Xd547b2c2c45f,votechoice_dichotomized,-1.6567407284526103,3.486481213018086,-0.4751899199303146,0.6347299307280232,-8.496366120640792,5.182884663735571,1325,223
Xd5f0eea45635,X3a450d21d7f3,votechoice_dichotomized,11.19829158262381,4.784559913528958,2.340506083111051,0.019555438230604637,1.8034455803723421,20.59313758487528,658,137
Xd5f0eea45635,X3a53ea3f455c,votechoice_dichotomized,12.138332962251605,4.650814943577639,2.609936776567204,0.009261925575335998,3.0061053447580424,21.270560579745165,658,152
Xd5f0eea45635,X66192ad9c068,votechoice_dichotomized,-4.173907579424957,4.682659361219029,-0.8913540912227214,0.37306505498698883,-13.368664124380853,5.0208489655309405,658,139
Xd76747117c7f,X17f3201afbd3,votechoice_dichotomized,0.6487618045523786,2.5976282525397196,0.2497515970262795,0.8028102253573224,-4.446195283412946,5.743718892517704,1667,274
Xd76747117c7f,X56d11c9e9e55,votechoice_dichotomized,0.2920059143427961,2.441661733381791,0.11959310757528939,0.9048198904082285,-4.4970403022374335,5.081052130923025,1667,283
Xd76747117c7f,Xa27d939b685d,votechoice_dichotomized,4.842790859528003,2.57713810151256,1.8791351758315549,0.0604003750531622,-0.2119770904776308,9.897558809533638,1667,286
Xd76747117c7f,Xde297963ca58,votechoice_dichotomized,1.0158603353290552,2.573633448887063,0.3947183449019719,0.69310125733810235,-4.032033630796217,6.063754301454328,1667,279
Xd7ffbf77d995,X534de6dcbdc7,votechoice_dichotomized,-12.070882692124746,4.992236360255664,-2.417930927354283,0.0159089025964386,-21.87546376391784,-2.266301620331653,594,91
Xd7ffbf77d995,X889ab3500e1a,votechoice_dichotomized,0.894788092492464,5.288662342386628,0.16918986968048158,0.8657048968612558,-9.491963446373646,11.281539631358573,594,87
Xd7ffbf77d995,Xa32032a21e39,votechoice_dichotomized,-1.2506530748513822,5.341372628791667,-0.2341445096172417,0.8149534708914132,-11.740925809246217,9.239619659543454,594,90
Xd7ffbf77d995,Xf0124ce50c86,votechoice_dichotomized,-15.43825002439084,5.73666615870838,-2.6911536417288726,0.0073210456721042195,-26.704865700413784,-4.171634348367897,594,81
Xd7ffbf77d995,Xf61da01f8659,votechoice_dichotomized,-12.730975516726598,5.022727082810796,-2.534673954373437,0.011510786350585943,-22.59543932236005,-2.866511711093146,594,88
Xd9ad8abc5d35,X2caaa3a79113,votechoice_dichotomized,4.402856970137566,1.6842642153423106,2.6141129936924576,0.0089709221600549,1.1010155558946417,7.70469838438049,5370,547
Xd9ad8abc5d35,X3969ce561820,votechoice_dichotomized,2.796949584983096,1.652213733621389,1.6928497373355134,0.09054207765000252,-0.44205987752174103,6.035959047487933,5370,534
Xd9ad8abc5d35,X48299613c0d6,votechoice_dichotomized,3.513507946363446,1.5893467959504626,2.2106616097352716,0.027101274989329995,0.39774319599915975,6.629272696727732,5370,547
Xd9ad8abc5d35,X65c07e519d13,votechoice_dichotomized,2.6078833269842145,1.6954759342774293,1.5381423435512407,0.12407273187601034,-0.7159376066046703,5.931704260573099,5370,539
Xd9ad8abc5d35,X6ec41fcfd385,votechoice_dichotomized,3.983155982825355,1.6579222343377424,2.4024986819821668,0.01631722718298907,0.732955542143344,7.233356423507366,5370,539
Xd9ad8abc5d35,X97ef692be3d0,votechoice_dichotomized,3.3838692730479867,1.6768496942356252,2.0179920029090557,0.04364172879714729,0.09656332932911971,6.671175216766853,5370,534
Xd9ad8abc5d35,Xb320d695e9e7,votechoice_dichotomized,1.6453266388372065,1.672773341807803,0.9835920968581827,0.3253604249552221,-1.6339879997511302,4.924641277425543,5370,542
Xd9ad8abc5d35,Xb8311484394b,votechoice_dichotomized,3.3872374743328173,1.6634830228432185,2.036232067185973,0.04177602696290132,0.12613563135538586,6.648339317310249,5370,537
Xda509e35d532,X787d07286492,votechoice_dichotomized,1.8210294296815708,1.1090062699750285,1.6420370912083075,0.1007198619132787,-0.35373437631759796,3.9957932356807397,2286,485
Xda509e35d532,X8ff23e512168,votechoice_dichotomized,1.0460010264598716,1.1190345471507974,0.9347352404115866,0.35002348564554375,-1.148428253783082,3.2404303067028253,2286,488
Xda509e35d532,Xe05f0611c3f7,votechoice_dichotomized,1.8295664191649903,1.151075074397507,1.5894414359746412,0.11209904602124547,-0.4276944075423874,4.086827245872368,2286,481
Xdc7b0fd9df64,X6b36713172be,votechoice_dichotomized,1.0215451562901032,2.924531556601507,0.3493021485728826,0.7269551020838987,-4.719182235339866,6.762272547920072,794,230
Xdc7b0fd9df64,X92cacf23e580,votechoice_dichotomized,1.2796199777976265,2.8783834631046608,0.4445620238581458,0.6567574457756753,-4.370520726945399,6.9297606825406515,794,244
Xde82367108c3,X58deb96e73d6,votechoice_dichotomized,0.5762140373983513,1.3295911262143114,0.4333768675479816,0.6647621609419243,-2.0304508082693435,3.182878883066046,4418,882
Xde82367108c3,Xb942ab23dccc,votechoice_dichotomized,2.7798361070963873,1.3308791049044641,2.0887217305105525,0.03678987898148338,0.17064617780907687,5.389026036383697,4418,886
Xde82367108c3,Xebe603eb4b8e,votechoice_dichotomized,2.2436404300770976,1.365919502430386,1.6425861305040153,0.10053975752957471,-0.43424623658172834,4.9215270967359235,4418,887
Xe486b803c7c4,X0491a46866ad,votechoice_dichotomized,0.3279592000436465,2.321259624145166,0.14128501466716448,0.8876564123857809,-4.223876607302754,4.8797950073900465,2448,405
Xe486b803c7c4,X29336dd046f1,votechoice_dichotomized,0.5159802576042937,2.3160515429302277,0.22278444500914885,0.8237218610522165,-4.025642848708953,5.05760336391754,2448,414
Xe486b803c7c4,X3a48315970ea,votechoice_dichotomized,-0.5309627878507673,2.2687216748626633,-0.23403610664710958,0.814976518002368,-4.979775169337721,3.917849593636186,2448,414
Xe486b803c7c4,Xd8d3ce07f0ee,votechoice_dichotomized,-0.3777262655754378,2.270977158580414,-0.16632763748780027,0.8679128532187956,-4.830961500690031,4.075508969539155,2448,409
Xe4ab4974f4be,X159322ca5c8a,votechoice_dichotomized,0.40626685976094096,1.197050509587311,0.33938990586203704,0.7343265646440316,-1.9403291788291492,2.7528628983510313,6760,694
Xe4ab4974f4be,X1f20a415e6ab,votechoice_dichotomized,1.7332078002496327,1.2127585868481234,1.4291449419905746,0.15300878532841156,-0.6441810174077311,4.110596617906997,6760,691
Xe4ab4974f4be,X2fdd7222ee6a,votechoice_dichotomized,-0.9000410078378674,1.150188176354294,-0.7825163102360275,0.43393861332285033,-3.1547721128742365,1.3546900971985014,6760,692
Xe4ab4974f4be,X5216468e4e57,votechoice_dichotomized,3.3152660959562823,1.2309620647678952,2.693231733815773,0.007093765152898891,0.9021927279537327,5.728339463958832,6760,695
Xe4ab4974f4be,X5aa177331f1e,votechoice_dichotomized,2.2411943142404187,1.1939017415808566,1.8772016458178813,0.06053349170650152,-0.09922914727693621,4.581617775757774,6760,700
Xe4ab4974f4be,X80314c4dd79d,votechoice_dichotomized,-1.348140594902172,1.286658296996143,-1.0477844801914904,0.2947753745402642,-3.8703961209376843,1.1741149311333403,6760,685
Xe4ab4974f4be,Xf8da822347e5,votechoice_dichotomized,0.08592640265839888,1.17873967533237,0.07289684436401969,0.9418903617580028,-2.2247746333551186,2.396627438671916,6760,691
Xe5fca9167903,X1d9f7515e05e,votechoice_dichotomized,0.9657904471485586,1.1144335100405567,0.8666200705983897,0.3861759843818675,-1.2187868260462171,3.1503677203433345,8068,746
Xe5fca9167903,X41dc9d9a1732,votechoice_dichotomized,-0.08180378197219755,1.0745967085972012,-0.07612510006566627,0.9393214586105942,-2.188290643952795,2.0246830800084,8068,758
Xe5fca9167903,X6485e3969d76,votechoice_dichotomized,1.738094901430522,1.0799727685165916,1.6093877105974637,0.10757071440841141,-0.3789304253516286,3.8551202282126726,8068,751
Xe5fca9167903,X97b62265efa3,votechoice_dichotomized,2.1246373079177148,1.1164398383676772,1.903046841309516,0.05706999256900989,-0.0638728865563527,4.313147502391782,8068,737
Xe5fca9167903,X9c485d0a3260,votechoice_dichotomized,-0.1528026836246784,1.0898951235412921,-0.14019943783966224,0.8885059158238415,-2.2892783868431423,1.9836730195937855,8068,744
Xe5fca9167903,Xa57d78336b9a,votechoice_dichotomized,1.9027788757330282,1.0694131323040925,1.7792739010352496,0.07523250439881561,-0.19354683902633707,3.9991045904923936,8068,736
Xe5fca9167903,Xa586a1d3b143,votechoice_dichotomized,-0.24126124743284438,1.03994815279004,-0.23199353427915914,0.816548919586525,-2.279827998537926,1.7973055036722372,8068,753
Xe5fca9167903,Xfe8a26638f23,votechoice_dichotomized,0.9791604350728795,1.0797266745273613,0.9068595397085067,0.3645081629394312,-1.1373824839827453,3.0957033541285046,8068,740
Xe7db07728484,X48c85b5b9185,votechoice_dichotomized,1.6912251430017808,2.509743141109879,0.6738638370195419,0.5004753675076512,-3.2307448634674256,6.613195149470988,2010,354
Xe7db07728484,X7270771e2d61,votechoice_dichotomized,2.1322342112896955,2.7046344980952957,0.7883631643356225,0.43057727705600346,-3.1719459894777593,7.43641441205715,2010,299
Xe7db07728484,Xab57bc863f6a,votechoice_dichotomized,-0.3826051242369221,2.568014664707984,-0.14898868355194117,0.8815775085025431,-5.4188540330699375,4.653643784596094,2010,327
Xe7db07728484,Xf5df7930b5ee,votechoice_dichotomized,0.03249644547546275,2.484916907875087,0.013077477710613373,0.9895672776772734,-4.840785719854264,4.905778610805189,2010,348
Xe8542bf44750,X324453b8b6c9,votechoice_dichotomized,1.5754574165053656,0.6618969878544593,2.380215419339216,0.017314938710415513,0.27805846360577036,2.872856369404961,14999,3574
Xe8542bf44750,X733c20994155,votechoice_dichotomized,0.7848927878838986,0.6522873613709278,1.2032929570094242,0.22888196540135664,-0.49367012320516757,2.0634556989729647,14999,3541
Xe9ef1f1fb8ef,X1201e3e3f7a2,votechoice_dichotomized,4.50891400535434,4.228066701380981,1.0664245206636944,0.2867383395415982,-3.7977351120129175,12.815563122721597,508,145
Xe9ef1f1fb8ef,X9c66eb8058e2,votechoice_dichotomized,-5.672783888935134,4.268319647976871,-1.3290438291387012,0.18443011059395764,-14.058515747169032,2.7129479692987637,508,149
Xf0130cfec75e,Xbd20deb05c44,votechoice_dichotomized,-5.332242637805247,3.6001004136595105,-1.4811371976108327,0.14203420618516047,-12.483675851061786,1.8191905754512918,90.74005955730803,319
Xf0130cfec75e,Xe19ab7283c95,votechoice_dichotomized,4.402130458332232,3.5598172086178415,1.2366169947364891,0.2195806066591615,-2.6740946945495265,11.478355611213992,86.39130189760314,307
Xf0130cfec75e,Xfa8f34d9f4de,votechoice_dichotomized,2.710978902109767,2.9836996710819585,0.9085964409838553,0.3662212095688716,-3.224393098897222,8.646350903116756,82.14524495770453,320
Xf337919542ab,X26f0598343f4,votechoice_dichotomized,-2.790081549861345,2.6657370818136337,-1.0466454358518784,0.2962038440055859,-8.038472773227863,2.458309673505172,268.66606872052614,538
Xf337919542ab,X91cdbf7fc9bd,votechoice_dichotomized,4.03246664519457,2.564964288894112,1.5721336404777682,0.11704831829441967,-1.0165849816207722,9.081518272009912,280.1283080122075,541
Xf337919542ab,Xf4ea690c269d,votechoice_dichotomized,1.216595587651378,2.5387525914674236,0.4792099835723551,0.6321593721875509,-3.7806412869342747,6.213832462237031,282.9714475556585,563
Xf76ffe03051e,X228d7f5b9b43,votechoice_dichotomized,-1.4366536251325617,2.006030979210058,-0.7161672177656461,0.473946593188872,-5.370067304589599,2.4967600543244757,2859,464
Xf76ffe03051e,X248d0ff11784,votechoice_dichotomized,-1.9809282885489439,2.0730031294391162,-0.9555838389327059,0.3393633198469058,-6.045660564071413,2.083803986973526,2859,479
Xf76ffe03051e,X3feccf666710,votechoice_dichotomized,1.161732362582931,1.9478177863945911,0.5964276385078588,0.550936801129165,-2.657537232700793,4.9810019578666545,2859,505
Xf76ffe03051e,Xacd2330d8473,votechoice_dichotomized,3.283304043619716,1.9769129152088116,1.6608238118940695,0.09685848718873724,-0.5930151081611288,7.159623195400561,2859,479
Xfb6f85b84f14,X00219b8ba6a6,votechoice_dichotomized,6.522491990592677,3.118271324830205,2.091701238008157,0.03661158929249185,0.40648871787149066,12.638495263313864,1720,283
Xfb6f85b84f14,X0686cc444463,votechoice_dichotomized,3.664031726992158,3.123756425823348,1.1729569234984147,0.24097549451359024,-2.462729716564946,9.790793170549263,1720,299
Xfb6f85b84f14,X2f9894c42f5e,votechoice_dichotomized,0.30368038514531687,3.0462108640824868,0.09969118970914867,0.9206011128094658,-5.67098752324838,6.278348293539013,1720,297
Xfb6f85b84f14,Xc41f17216508,votechoice_dichotomized,-0.1293498227527026,3.0602484275172577,-0.0422677523790585,0.9662901580494625,-6.131550224301967,5.8728505787965615,1720,292
Xfe8b4566d11e,X08660b8619f7,votechoice_dichotomized,-0.8694470504191475,1.2685935840427098,-0.685362957337703,0.4931432307493885,-3.3563813434554133,1.617487242617118,5610,708
Xfe8b4566d11e,X328ab23bd8d8,votechoice_dichotomized,-0.5657607034890471,1.2810771138833004,-0.4416289209742178,0.6587747736220012,-3.077167545377224,1.94564613839913,5610,691
Xfe8b4566d11e,X7d527e41b4e6,votechoice_dichotomized,1.2454006394981751,1.2662417749546784,0.9835409509710346,0.3253836854125114,-1.23692319771893,3.72772447671528,5610,682
Xfe8b4566d11e,X8bc23b11330c,votechoice_dichotomized,1.0108349981321074,1.3526747975935847,0.747286043866854,0.4549222344687607,-1.6409310077632202,3.662601004027435,5610,716
Xfe8b4566d11e,Xc5c45c385810,votechoice_dichotomized,1.988165961009255,1.3205203213584555,1.5055928552193534,0.1322280228972845,-0.6005648296448534,4.576896751663363,5610,707
Xfe8b4566d11e,Xcfd91d215f7e,votechoice_dichotomized,-1.5783151895594423,1.2997848610799116,-1.2142895619265153,0.22468828211910863,-4.1263964547096705,0.9697660755907864,5610,703
