study_id,content_id,outcome,dataset,days_until_election,estimate,conf.low,conf.high
X033ad160abd7,Xaa302fc2c9b7,favorability,2020 Downballot,30,0.6742073589570354,-3.577758089880972,4.9261728077950435
X033ad160abd7,Xab5b00bb4063,favorability,2020 Downballot,30,6.608748398697788,2.347267466459524,10.870229330936052
X033ad160abd7,Xc1e324e2d086,favorability,2020 Downballot,30,4.444634004190254,0.1538498530780119,8.735418155302497
X033ad160abd7,Xdb1635e19a5a,favorability,2020 Downballot,30,-0.3508300964410381,-4.840767385647884,4.139107192765807
X0359e72b4036,X3743f26600b3,favorability,2018,5,0.8433572104338368,-4.864512105703396,6.551226526571069
X0359e72b4036,X5cc2404c0663,favorability,2018,5,4.4061791383219955,-1.0536121539373875,9.865970430581378
X03cc29d0f06b,X029473d3c7df,favorability,2020 Presidential,82,1.236454851189001,-0.01378214694677737,2.4866918493247794
X03cc29d0f06b,Xa154386c442d,favorability,2020 Presidential,82,0.8988083632797245,-0.28098272937705626,2.078599455936505
X03cc29d0f06b,Xc0e105a8f255,favorability,2020 Presidential,82,2.1513126592821705,0.6842408848207049,3.618384433743637
X08b80ae785a7,X325118596747,favorability,2018,31,4.677325581395349,-1.798129208691412,11.15278037148211
X08b80ae785a7,X5eb8d4868044,favorability,2018,31,0.5245478036175791,-7.707114432666182,8.75621003990134
X08b80ae785a7,Xa0831f61a548,favorability,2018,31,8.890560875512996,2.220844860015749,15.560276891010243
X0c2b064a71c5,X031f89e21d56,favorability,2018,105,6.434322641656187,4.623900727340246,8.244744555972128
X0c2b064a71c5,X22f692d2c703,favorability,2018,105,5.907634803606778,3.979705541731989,7.835564065481568
X0ca4a39fd242,X2a6e762a5f51,favorability,2018,42,0.6725944306590074,-1.376286804233664,2.7214756655516785
X0ca4a39fd242,X53cc3cde3a58,favorability,2018,42,0.465839958198073,-2.0774061895470206,3.009086105943167
X0ca4a39fd242,X7d85c9731540,favorability,2018,42,-0.21981587986258025,-1.7680631325633007,1.3284313728381405
X0ca4a39fd242,X80bea2f6d40a,favorability,2018,42,1.3278120221040632,-0.5172268206804367,3.172850864888563
X0ca4a39fd242,Xa43bcb74de89,favorability,2018,42,1.6101820884430078,-0.8570720496414828,4.077436226527499
X0ca4a39fd242,Xffa9e5b5e054,favorability,2018,42,0.5128905702676415,-1.785648323885496,2.811429464420779
X17dfb74370ef,X7b926d77a44c,favorability,2020 Presidential,125,-1.862077246277411,-3.3628127804585937,-0.3613417120962277
X17dfb74370ef,X968253da79bd,favorability,2020 Presidential,125,-1.7540182534382398,-3.22690513439211,-0.2811313724843698
X17dfb74370ef,Xa97c62bda78a,favorability,2020 Presidential,125,-0.8950045808567896,-2.3631703927409724,0.5731612310273934
X17dfb74370ef,Xb71d39c4f827,favorability,2020 Presidential,125,0.8628298255544542,-0.6197864139217262,2.3454460650306346
X17dfb74370ef,Xd3509df8596f,favorability,2020 Presidential,125,-0.07430597056671569,-1.5612984044246074,1.412686463291176
X17dfb74370ef,Xffb3dc1c217c,favorability,2020 Presidential,125,-1.3361775671293394,-2.787607530806084,0.11525239654740482
X1ba0c452ca90,X491c60209953,favorability,2020 Downballot,70,5.07717913203585,2.3277224559057186,7.826635808165982
X1ba0c452ca90,X65690938244d,favorability,2020 Downballot,70,3.5788533266742486,0.6573723672788105,6.500334286069687
X1ba0c452ca90,Xce253e0bf4dc,favorability,2020 Downballot,70,3.314430269461101,0.45485275310059814,6.174007785821605
X1bd946eb3686,X1f20b4c872ea,favorability,2020 Presidential,13,0.9425565066475602,-0.34155170896063314,2.2266647222557534
X1bd946eb3686,X40515a282355,favorability,2020 Presidential,13,2.0459124998950315,0.741518849700948,3.350306150089115
X1bd946eb3686,Xbf1734e955f0,favorability,2020 Presidential,13,1.3417265025312457,0.09533019443711031,2.5881228106253813
X1bd946eb3686,Xe2e9710a72fc,favorability,2020 Presidential,13,0.732108735363094,-0.5313921693433237,1.9956096400695116
X1bd946eb3686,Xed7236d2618e,favorability,2020 Presidential,13,0.8731755287192127,-0.377569529111236,2.1239205865496613
X1bd946eb3686,Xfd2f0c6f25f6,favorability,2020 Presidential,13,-0.10018783108560672,-1.320636288261111,1.1202606260898973
X201e65ae9067,Xf451f63bed87,favorability,2018,5,0.3063778063778148,-5.044986701470771,5.6577423142264
X2381dc490ceb,X0584c15b82a3,favorability,2020 Presidential,132,0.4991017971009673,-0.9392520493976906,1.937455643599625
X2381dc490ceb,X8cde1e9f6b85,favorability,2020 Presidential,132,1.2047988743137503,-0.21845873882236264,2.6280564874498635
X284250c935ca,X36db75f60f0a,favorability,2020 Presidential,16,0.18612797132282083,-1.1299958050332293,1.5022517476788708
X284250c935ca,X3b425a52abd1,favorability,2020 Presidential,16,1.508485987972972,0.16341720597631348,2.85355476996963
X284250c935ca,X89f18a4a5370,favorability,2020 Presidential,16,0.792803447474534,-0.45758123979605503,2.0431881347451233
X284250c935ca,Xb643920fcd38,favorability,2020 Presidential,16,-0.34605304419051913,-1.6164561216946192,0.9243500333135808
X284250c935ca,Xbc10a65e7f64,favorability,2020 Presidential,16,0.5771981279510608,-0.6809417063148137,1.8353379622169357
X284250c935ca,Xd25172158c50,favorability,2020 Presidential,16,0.4650575820567799,-0.8708254148240029,1.8009405789375628
X284250c935ca,Xd3d6df25f558,favorability,2020 Presidential,16,0.3151382961222688,-1.008467697244383,1.6387442894889206
X284250c935ca,Xd6c5c1bfc52e,favorability,2020 Presidential,16,0.7743183725771904,-0.5817926174805116,2.130429362634892
X284250c935ca,Xf03b398e0e48,favorability,2020 Presidential,16,0.7325858498781765,-0.5578194921321027,2.0229911918884556
X29e0b3e3d212,X8794e2426b14,favorability,2020 Presidential,79,-0.2960513514155214,-1.507284827633067,0.9151821248020242
X29e0b3e3d212,X963d143ad76a,favorability,2020 Presidential,79,-0.47800253399438825,-1.7074630206635162,0.7514579526747396
X29e0b3e3d212,Xf7891c4c5461,favorability,2020 Presidential,79,0.6417785560786172,-0.5811069833207688,1.8646640954780032
X2ac92f4fab06,X051f3b1b6b15,favorability,2020 Presidential,98,1.6519757956851204,0.44782443906849423,2.856127152301746
X2ac92f4fab06,X055e8e978256,favorability,2020 Presidential,98,1.4389390502181338,0.07781109699452693,2.8000670034417405
X2ac92f4fab06,X07cdea74e0b9,favorability,2020 Presidential,98,0.546100427977833,-0.6879543026064638,1.7801551585621298
X2ac92f4fab06,X5a11255c5b41,favorability,2020 Presidential,98,0.24737557499365695,-0.9427776657025708,1.4375288156898849
X2ac92f4fab06,Xacaed760e9cc,favorability,2020 Presidential,98,0.5585455396014625,-0.6440490095733777,1.761140088776303
X2c27b3c82c5e,X446cad8eade9,favorability,2020 Downballot,44,1.7346599063686292,-0.9380739080164866,4.4073937207537455
X2c27b3c82c5e,Xe0f72c5e254a,favorability,2020 Downballot,44,0.6859470450795584,-1.7011720081462824,3.0730660983053992
X2fe2886d447c,X10b72d85a87b,favorability,2020 Downballot,34,0.2620016138244155,-2.305140443672819,2.82914367132165
X2fe2886d447c,X23380411a8a8,favorability,2020 Downballot,34,1.1406601887944543,-1.29941257508026,3.5807329526691687
X2fe2886d447c,X33defd73178b,favorability,2020 Downballot,34,-0.8799042108345491,-3.2990139384909463,1.539205516821848
X2fe2886d447c,X706b7ec45580,favorability,2020 Downballot,34,1.7436006146192928,-0.6357575485310469,4.122958777769632
X2fe2886d447c,X824a6af69ba7,favorability,2020 Downballot,34,2.0742757707322417,-0.4234296442341092,4.571981185698593
X2fe2886d447c,Xa78156dd2d0a,favorability,2020 Downballot,34,-0.45284037416908984,-3.069693737992761,2.164012989654581
X2fe2886d447c,Xc01cb412bd39,favorability,2020 Downballot,34,-0.22193569808168845,-2.659691919342918,2.2158205231795405
X2fe2886d447c,Xfd0b41a8a119,favorability,2020 Downballot,34,-0.24737724362029256,-2.5537794282074873,2.059024940966902
X3051b9505c0c,X83c51f55ecd2,favorability,2020 Downballot,43,0.4968904774289963,-3.1993272607516756,4.193108215609668
X3051b9505c0c,X939298573905,favorability,2020 Downballot,43,-1.6856666392014026,-5.313907976166295,1.9425746977634897
X3051b9505c0c,Xf20edc548acf,favorability,2020 Downballot,43,-0.1061846098032186,-3.9089279573535394,3.6965587377471025
X371271f59848,X0a4cf7b11152,favorability,2020 Presidential,76,1.4586689869032212,-0.2680113222648479,3.1853492960712906
X371271f59848,X0db56e2f9135,favorability,2020 Presidential,76,1.403114373929781,-0.3383126665525511,3.144541414412113
X371271f59848,X2e9c3090719f,favorability,2020 Presidential,76,1.356510389466205,-0.2876718645189549,3.000692643451365
X371271f59848,X62da557f1d63,favorability,2020 Presidential,76,3.815166189845682,2.150819090183296,5.479513289508068
X371271f59848,Xd040d7558b57,favorability,2020 Presidential,76,1.8173863089301507,0.12729084647467115,3.5074817713856303
X371271f59848,Xf87c88acc3dc,favorability,2020 Presidential,76,2.5046397891676775,0.8362897754004479,4.172989802934907
X37ed37edc29e,X6a72c4caec1f,favorability,2020 Presidential,26,2.0762707855172207,0.6893010161412036,3.463240554893238
X37ed37edc29e,X7d2c57138af6,favorability,2020 Presidential,26,1.5800437663916225,0.16942936478287465,2.9906581680003703
X37ed37edc29e,X7efb741b6efe,favorability,2020 Presidential,26,0.9104138677217982,-0.4744256003704205,2.295253335814017
X37ed37edc29e,Xb2bedaf5603d,favorability,2020 Presidential,26,1.056575877707338,-0.3278822520780751,2.441034007492751
X37ed37edc29e,Xc68c41f26c4e,favorability,2020 Presidential,26,1.9992627658905813,0.6092366728584298,3.389288858922733
X37ed37edc29e,Xe8fa1978184e,favorability,2020 Presidential,26,0.4181832995856606,-0.9949182558581646,1.8312848550294856
X39f5116e55a1,X0d8f4f9a5869,favorability,2020 Presidential,229,1.6890660169533445,0.27596948750113826,3.102162546405551
X39f5116e55a1,Xaab684527f66,favorability,2020 Presidential,229,1.142857139019693,-0.21358585542134545,2.4993001334607317
X39f5116e55a1,Xbf5c459a23ec,favorability,2020 Presidential,229,1.3203065729916197,-0.1926309048748549,2.833244050858094
X39f5116e55a1,Xe30dc16ebbc6,favorability,2020 Presidential,229,1.0436120478848483,-0.4032871442427184,2.4905112400124154
X3bab95a16d3f,X0444af5aa348,favorability,2020 Presidential,116,0.3691109864882971,-0.9885745127292758,1.72679648570587
X3bab95a16d3f,X110f9885e8b2,favorability,2020 Presidential,116,1.0111673120553204,-0.32055310385288505,2.342887727963526
X3bab95a16d3f,X2a69ffa01534,favorability,2020 Presidential,116,1.699715764396167,0.36706374379053175,3.0323677850018016
X3bab95a16d3f,X33d4582911e7,favorability,2020 Presidential,116,2.0738578473575267,0.7013182908362647,3.4463974038787883
X3bab95a16d3f,X3bc372fc90a0,favorability,2020 Presidential,116,0.7882594859346699,-0.5426066308427635,2.1191256027121033
X3bab95a16d3f,X42130beb4d54,favorability,2020 Presidential,116,1.9065070092806544,0.5432371544098424,3.269776864151467
X3bab95a16d3f,X91382a3ba0d7,favorability,2020 Presidential,116,0.18986375082861695,-1.1656442160313922,1.545371717688626
X3bab95a16d3f,Xb786c51fb2c8,favorability,2020 Presidential,116,0.1157148992037897,-1.248938739831065,1.4803685382386444
X3bab95a16d3f,Xc1c4c926f6c9,favorability,2020 Presidential,116,0.852124572603693,-0.48066142106739207,2.184910566274778
X3bab95a16d3f,Xd428a51413e2,favorability,2020 Presidential,116,2.0025594175288335,0.6898959239197777,3.315222911137889
X3bab95a16d3f,Xe771430b3e08,favorability,2020 Presidential,116,1.3727487296427887,0.01858593127217633,2.7269115280134013
X3c2f80c20258,X412d6c0a63fd,favorability,2018,129,-3.8193021120293817,-7.660241996643421,0.02163777258465815
X3f0cfe830de9,X2eb34ccf6b81,favorability,2018,67,6.854742455184974,4.824026403608918,8.88545850676103
X3f0cfe830de9,X4fe2d8492dc6,favorability,2018,67,6.916882338844979,4.681820325394126,9.151944352295832
X3f0cfe830de9,Xaa755e907cd0,favorability,2018,67,8.53842823842825,6.155888635031399,10.9209678418251
X3f0cfe830de9,Xbc068834c6d9,favorability,2018,67,8.586858974358963,6.6156124220239905,10.558105526693934
X3f36c1eb8e50,X0de918a86b92,favorability,2020 Presidential,10,1.4710493960143471,0.1393906018154012,2.802708190213293
X3f36c1eb8e50,X6d7c9df159a5,favorability,2020 Presidential,10,0.958933721568046,-0.3937271633878337,2.3115946065239257
X3f36c1eb8e50,X99545b67b825,favorability,2020 Presidential,10,1.1198176954973391,-0.1476481278671955,2.3872835188618735
X3f36c1eb8e50,Xe44231a8a480,favorability,2020 Presidential,10,0.08046213932943987,-1.229381128830343,1.3903054074892225
X3f36c1eb8e50,Xf5b2b5e33cf8,favorability,2020 Presidential,10,0.7379600165374327,-0.5704200215795991,2.046340054654465
X4035b3649f55,X70a3c329472e,favorability,2020 Presidential,91,1.9099842989828035,0.6643576672806464,3.1556109306849605
X4035b3649f55,X81ee68ff4ee2,favorability,2020 Presidential,91,1.8422585079245624,0.5544640858061507,3.1300529300429742
X4035b3649f55,Xb9a423a4ac5a,favorability,2020 Presidential,91,1.1073314427919811,-0.17844475543431115,2.3931076410182737
X4035b3649f55,Xdf0b586196b8,favorability,2020 Presidential,91,1.7014502031161425,0.411724796337108,2.9911756098951763
X43915f01925b,X43e31934e628,favorability,2018,44,2.2322206428538705,-1.5695401450607631,6.033981430768504
X43915f01925b,Xa48879ab0952,favorability,2018,44,0.9150348787654392,-2.7943338709033494,4.624403628434228
X43915f01925b,Xa4fc595f777d,favorability,2018,44,3.3738715297418422,-0.5996840505544592,7.347427110038144
X467e42562cc3,X27b4a270e874,favorability,2020 Downballot,52,0.8538930890231737,-0.972671857492027,2.6804580355383747
X467e42562cc3,X9935ef672e9f,favorability,2020 Downballot,52,-0.0950254993241886,-1.9497307176560492,1.759679719007672
X467e42562cc3,Xad681b6b1939,favorability,2020 Downballot,52,0.5423961291808387,-1.2238074382621602,2.308599696623838
X467e42562cc3,Xb8b43893a78d,favorability,2020 Downballot,52,1.45551268203007,-0.4035773847033768,3.314602748763517
X467e42562cc3,Xca4233d90edd,favorability,2020 Downballot,52,0.9693992559935262,-0.8933526608897996,2.832151172876852
X48c00dcea613,X05d6966964d6,favorability,2020 Downballot,15,-3.1445381734302864,-11.27425609523606,4.985179748375488
X48c00dcea613,X7541a65175c3,favorability,2020 Downballot,15,-2.3301656938160464,-10.730464231867067,6.070132844234974
X48c00dcea613,X96efd7e48df3,favorability,2020 Downballot,15,-1.5734862925710609,-10.368704326259351,7.221731741117231
X493ad50c4528,X25e76cbdfd98,favorability,2020 Presidential,206,1.0160425313038186,-0.4566587107981883,2.4887437734058255
X493ad50c4528,X7681baac932d,favorability,2020 Presidential,206,0.01698793796136354,-1.4195648024322147,1.4535406783549418
X493ad50c4528,X85b69da973a3,favorability,2020 Presidential,206,1.6240971403163271,0.08013160890080884,3.168062671731846
X493ad50c4528,Xc142ee380243,favorability,2020 Presidential,206,1.1742201368300118,-0.27693068534761545,2.625370959007639
X495cbb4fe018,X05df5365013f,favorability,2018,211,17.761437908496724,-0.10569722643224112,35.62857304342569
X495cbb4fe018,X3b9cca90c36e,favorability,2018,211,1.984126984126981,-16.12447674692362,20.09273071517758
X495cbb4fe018,X968edf32f1b4,favorability,2018,211,8.769841269841267,-9.14531936675211,26.685001906434643
X495cbb4fe018,Xdbe1138cec23,favorability,2018,211,6.984126984126979,-11.786702719482792,25.75495668773675
X4a7bc869dba3,X68447f0be1db,favorability,2020 Downballot,31,-0.13804072638863887,-3.316979524547545,3.0408980717702674
X4ac7e3ed36b6,X6042168b9a77,favorability,2020 Downballot,263,6.416572769519504,3.358593512078153,9.474552026960854
X4ac7e3ed36b6,X6f846751db99,favorability,2020 Downballot,263,7.537164100239895,4.203431824050915,10.870896376428876
X4ac7e3ed36b6,Xc17870115f64,favorability,2020 Downballot,263,5.648497894355584,2.6546529157807877,8.642342872930382
X4d1542866d9e,X051da39bd0a4,favorability,2018,17,5.549781318337814,3.4518091928562065,7.647753443819422
X4d1542866d9e,X08d2ba9b042e,favorability,2018,17,5.386030603644,3.1183662205520597,7.653694986735941
X4d1542866d9e,X2358ae1f1e40,favorability,2018,17,3.658783100869408,1.4975915977330754,5.819974604005741
X4d1542866d9e,X2cadfa365469,favorability,2018,17,3.4939905337802535,0.1952806518212178,6.792700415739289
X4d1542866d9e,X370f9475fe80,favorability,2018,17,3.0667296965930175,0.7526616380945068,5.380797755091528
X4d1542866d9e,X5007dca20851,favorability,2018,17,2.4439016258911654,-0.1971838082310322,5.084987060013363
X4d1542866d9e,X55a07e4583dd,favorability,2018,17,4.761249511162103,2.569855293686732,6.952643728637474
X4d1542866d9e,X84fce520d96a,favorability,2018,17,4.854548641127932,2.5675708899691685,7.141526392286696
X4d1542866d9e,Xa6acd45d2c74,favorability,2018,17,3.785799730305796,1.708657783152015,5.862941677459576
X4e7bf05595bf,X0b8d1e51b436,favorability,2020 Presidential,97,0.11725055534589109,-1.6153111749362383,1.8498122856280208
X4e7bf05595bf,X18c7d39425b3,favorability,2020 Presidential,97,-0.3296287286541749,-2.046856489264091,1.3875990319557414
X4e7bf05595bf,X3423e4fc56cf,favorability,2020 Presidential,97,2.3180061864657273,0.5321495131012259,4.103862859830229
X4e7bf05595bf,Xc7b0c0c902d2,favorability,2020 Presidential,97,0.2681956052896083,-1.5091527988399491,2.045544009419166
X4e7bf05595bf,Xe889f073f1a9,favorability,2020 Presidential,97,0.09119128675245168,-1.6920661003725577,1.8744486738774608
X4f0673c63216,X1c256360162b,favorability,2020 Downballot,37,0.654343543342572,-1.3183574185045064,2.6270445051896507
X4f0673c63216,X4d77de856633,favorability,2020 Downballot,37,1.5331850261038276,-0.4082411194808089,3.474611171688464
X4f0673c63216,Xd7bba4ed892b,favorability,2020 Downballot,37,3.133367565838611,1.247374718537235,5.019360413139987
X51f97f3cb7a9,X2d8edf2b8001,favorability,2020 Presidential,41,1.208311711109456,-0.19657420654807933,2.613197628766991
X51f97f3cb7a9,X45bed2bf2ba3,favorability,2020 Presidential,41,2.237394403292402,0.7957346951421622,3.6790541114426416
X51f97f3cb7a9,X83b268b58b67,favorability,2020 Presidential,41,1.6371651361021846,0.17320385716430753,3.1011264150400617
X51f97f3cb7a9,X9054906fd822,favorability,2020 Presidential,41,1.4705370155532291,0.04411470233528525,2.896959328771173
X51f97f3cb7a9,Xfe094c0d7c50,favorability,2020 Presidential,41,0.5679447518179872,-0.8766805670558635,2.012570070691838
X52ae33d7915c,Xa772b87fac00,favorability,2018,13,2.7876077516365294,-3.312375218071211,8.88759072134427
X52ae33d7915c,Xd4f9f20b3a42,favorability,2018,13,4.423152387181152,-1.522567075412839,10.368871849775145
X5a248af8c0f1,X2c7275cc573f,favorability,2018,65,7.457364477847148,3.5588480148021944,11.3558809408921
X5a248af8c0f1,X54de1a636144,favorability,2018,65,3.568559514808115,-0.08701003342533076,7.224129063041561
X5a248af8c0f1,Xa0ca2f6dd0e3,favorability,2018,65,3.264578408195417,-0.2380588478499348,6.767215664240768
X5bee0c849477,X3348c18ba9a8,favorability,2018,5,0.5867741223228112,-3.1464782842515877,4.32002652889721
X5bee0c849477,Xbd20deb05c44,favorability,2018,5,2.825919780586101,-0.693061416288205,6.344900977460407
X5bee0c849477,Xd03be6103785,favorability,2018,5,-1.0578913387983613,-4.412953855498391,2.297171177901669
X5c1c1e604f1e,X5ed9f3818ef8,favorability,2018,31,1.724118605436677,-0.08526140933051107,3.533498620203865
X5c1c1e604f1e,X71ab72cb709f,favorability,2018,31,0.5555191186132348,-1.5516760434381176,2.662714280664587
X5c1c1e604f1e,X9e6284831c63,favorability,2018,31,3.124061057411138,1.3030906281637171,4.945031486658557
X5c1c1e604f1e,Xa885ad46f671,favorability,2018,31,3.891148930282206,2.200743110983515,5.581554749580898
X5c1c1e604f1e,Xb827dd77b842,favorability,2018,31,1.2506486907420642,-0.7316178066795809,3.2329151881637093
X5c1c1e604f1e,Xc13bb4b63aa9,favorability,2018,31,2.51464099906398,0.6267416658213605,4.402540332306599
X5c1c1e604f1e,Xc306ecc0efd8,favorability,2018,31,4.030700929094877,2.140395574868136,5.921006283321618
X5c1c1e604f1e,Xe419a189faf1,favorability,2018,31,0.9684007476378832,-0.9017225208411144,2.8385240161168808
X603bfe4656f5,X0806df042874,favorability,2020 Presidential,18,-0.10773179142888364,-1.5319531771854211,1.316489594327654
X603bfe4656f5,X2ab81a21a297,favorability,2020 Presidential,18,-0.5485328718056683,-1.894623509436409,0.7975577658250723
X61d643d0e3b4,X1b8df3420965,favorability,2020 Downballot,261,6.320343095185523,2.400501631687307,10.24018455868374
X61d643d0e3b4,X76ec5511d134,favorability,2020 Downballot,261,7.158647028363282,3.0667887273577508,11.250505329368814
X61d643d0e3b4,X8f4c9a46ce25,favorability,2020 Downballot,261,6.793668554972695,2.8760999412756103,10.71123716866978
X620ceeae31bd,X549acdb08c68,favorability,2020 Downballot,78,2.3660041274244574,-0.4342987996637939,5.166307054512709
X620ceeae31bd,X7e98722746b1,favorability,2020 Downballot,78,1.4071224724318865,-1.5045125131307944,4.3187574579945665
X620ceeae31bd,Xca07736f9f8e,favorability,2020 Downballot,78,-1.1726199874698475,-4.042140995566778,1.6969010206270834
X6725be1de97c,X4f894ea806fb,favorability,2018,4,6.001322751322748,-0.06050183009023957,12.063147332735737
X6725be1de97c,X58b51c511ffb,favorability,2018,4,9.307614142051232,3.5530107764750696,15.062217507627397
X6b8d710d7a12,X0af56b592905,favorability,2020 Presidential,19,0.27811344323273224,-1.1386617550850908,1.694888641550555
X6b8d710d7a12,X5a2ed35195e3,favorability,2020 Presidential,19,1.0972791550233931,-0.2515003408511136,2.4460586508979
X6b8d710d7a12,X691dd810acd3,favorability,2020 Presidential,19,0.30562434531948746,-1.0623160623521022,1.673564752991077
X6b8d710d7a12,Xded4dbcb84f9,favorability,2020 Presidential,19,2.2509070906149296,0.8782621926585719,3.623551988571287
X6d9559cf9fca,X1ead2481a845,favorability,2020 Downballot,58,3.3390015113856495,0.6266989878786733,6.051304034892626
X6d9559cf9fca,X9c96f01feca7,favorability,2020 Downballot,58,0.488585536561101,-2.3818052518306048,3.358976324952806
X6d9559cf9fca,X9cac434b7114,favorability,2020 Downballot,58,4.256621324749328,1.372432682382509,7.140809967116146
X6d9559cf9fca,Xad306905e714,favorability,2020 Downballot,58,1.0790969868468294,-1.571384488693257,3.729578462386916
X6dc1b2269d4d,X01568197a85d,favorability,2018,37,3.8505060164156486,-1.7632270430228942,9.464239075854191
X6dc1b2269d4d,X8bf61d2ae868,favorability,2018,37,4.485815602836881,-1.6166670395322829,10.588298245206046
X6dc1b2269d4d,Xd932ec0274ee,favorability,2018,37,2.2153788727136954,-3.799137605920425,8.229895351347816
X70744a27252a,X3d38c5f826a4,favorability,2020 Downballot,59,1.3477838725567548,-1.1662220189200394,3.861789764033549
X70744a27252a,X681f97fac8bf,favorability,2020 Downballot,59,1.0314549547035166,-1.3102435324600823,3.3731534418671156
X70744a27252a,Xb5937df3e318,favorability,2020 Downballot,59,1.7906314430632058,-0.7298088002002203,4.311071686326632
X769f1c9a0c8c,X22ae0bfd41ee,favorability,2020 Presidential,14,0.6295041082386162,-0.7034535955704925,1.9624618120477249
X769f1c9a0c8c,X2c03e9ea05f4,favorability,2020 Presidential,14,2.2124396183378163,0.8447433177941122,3.5801359188815205
X769f1c9a0c8c,X40f47bab1f8d,favorability,2020 Presidential,14,1.686970975501617,0.3033941112817453,3.0705478397214883
X769f1c9a0c8c,X743a0ddb3853,favorability,2020 Presidential,14,0.973313467039425,-0.32955486927918876,2.276181803358039
X769f1c9a0c8c,X86d7e7115acd,favorability,2020 Presidential,14,1.4333664390135932,0.06548069310496207,2.801252184922224
X769f1c9a0c8c,Xb9ca583e4282,favorability,2020 Presidential,14,0.7952882193183869,-0.5090783760615315,2.0996548146983054
X769f1c9a0c8c,Xda6d75744ad4,favorability,2020 Presidential,14,0.5589006759373131,-0.7346654250354822,1.8524667769101084
X77de84900dcf,X4814db59d6a4,favorability,2020 Presidential,123,1.0522928197146932,-0.2888776352964577,2.3934632747258444
X77de84900dcf,X926016828019,favorability,2020 Presidential,123,1.6891354312249944,0.30592669644600745,3.0723441660039814
X77de84900dcf,Xbae4a0107d6f,favorability,2020 Presidential,123,2.279048133125129,0.8644264076337091,3.6936698586165497
X7f3b23100683,X89db94aeb7ee,favorability,2020 Downballot,57,1.5901622890321094,-0.7346311875056399,3.914955765569859
X7f3b23100683,X8e350c345466,favorability,2020 Downballot,57,2.750848698377492,0.446529497000796,5.0551678997541885
X7f3b23100683,Xca17169f4a82,favorability,2020 Downballot,57,2.156919760071834,-0.35258779274813934,4.666427312891807
X818b70255128,X05a88555e44d,favorability,2020 Downballot,20,-1.6056241284585733,-4.2573737849870525,1.0461255280699064
X818b70255128,X23ad1b7ea512,favorability,2020 Downballot,20,-0.7833351026903428,-3.4169107238471037,1.8502405184664183
X818b70255128,X283f7a66fa15,favorability,2020 Downballot,20,-2.8939781085654697,-5.559152290818295,-0.2288039263126449
X86e782d62c2e,X774940708a69,favorability,2020 Presidential,12,1.9241030236483432,0.7087462381498195,3.1394598091468673
X86e782d62c2e,X78d7d28dfca8,favorability,2020 Presidential,12,1.1795052431845348,-0.08558386880743218,2.444594355176502
X86e782d62c2e,X7a2b14af7588,favorability,2020 Presidential,12,-0.17151754713673373,-1.3898309720046624,1.0467958777311948
X86e782d62c2e,X80bd9aeb6bf2,favorability,2020 Presidential,12,-0.01568312180524236,-1.3005818346205649,1.26921559101008
X86e782d62c2e,Xfff933958978,favorability,2020 Presidential,12,0.00279397503664301,-1.2829703514537785,1.2885583015270643
X877266884b5c,X0792480be753,favorability,2018,4,4.009504987765861,-2.1745936419012724,10.193603617432997
X877266884b5c,X40f8693422f1,favorability,2018,4,6.319278547539435,0.06537650690498964,12.57318058817388
X877266884b5c,X6620dc5f838a,favorability,2018,4,1.6014201148922351,-5.568308083777692,8.771148313562163
X877266884b5c,X7f34cb49ca61,favorability,2018,4,-0.05113032286947319,-5.552386245831115,5.450125600092169
X877266884b5c,X89e844996fe7,favorability,2018,4,3.5028285655964684,-3.8762360322620895,10.881893163455024
X877266884b5c,X8dbac0ec8131,favorability,2018,4,4.796842650103544,-1.2876880417369678,10.881373341944055
X877266884b5c,Xb9ba3bf4be34,favorability,2018,4,-3.546278155265594,-10.411625682564576,3.3190693720333866
X877266884b5c,Xbea8f0f9c3f9,favorability,2018,4,-0.3248016451985021,-6.7031991527961665,6.0535958623991615
X877266884b5c,Xd03dbbc08e2b,favorability,2018,4,1.171842650103533,-5.950343829997486,8.294029130204551
X877266884b5c,Xf399c0257a35,favorability,2018,4,8.14620162446251,3.5018259145782755,12.790577334346745
X877266884b5c,Xf5365540d177,favorability,2018,4,1.6385093167701714,-4.944325235000704,8.221343868541048
X877266884b5c,Xffd47908f679,favorability,2018,4,-0.5156573498964766,-7.182077131716297,6.1507624319233445
X87f354ace18b,X30168364d407,favorability,2020 Presidential,12,1.7477746897293134,0.5716883444594105,2.9238610349992165
X87f354ace18b,X528a88abac43,favorability,2020 Presidential,12,1.6163523971661304,0.44214546192426973,2.790559332407991
X87f354ace18b,X752a4ed1e484,favorability,2020 Presidential,12,0.8148617055923083,-0.38459608972075576,2.0143195009053723
X87f354ace18b,Xb311b092b553,favorability,2020 Presidential,12,2.0909158368787906,0.8439103581192082,3.337921315638373
X87f354ace18b,Xc89217ca0d3e,favorability,2020 Presidential,12,1.0704944342573688,-0.0964042559524565,2.237393124467194
X87f354ace18b,Xcd19a4d482f8,favorability,2020 Presidential,12,1.7853501819322797,0.5487659406362444,3.021934423228315
X8eabc6f822c6,X06593cbad5a5,favorability,2020 Downballot,16,1.1915080915431842,-1.5672659944631329,3.950282177549501
X8eabc6f822c6,X27f447bbede1,favorability,2020 Downballot,16,0.7085711254347756,-2.052929667359005,3.470071918228556
X8eabc6f822c6,X32c7cb986ead,favorability,2020 Downballot,16,3.994771851349488,1.1450426832464369,6.84450101945254
X8eabc6f822c6,X52ab0cc6f74d,favorability,2020 Downballot,16,-0.4973488490735811,-3.2529284361976094,2.2582307380504476
X8eabc6f822c6,Xc282b4785f05,favorability,2020 Downballot,16,0.33310261128089325,-2.548464572982717,3.2146697955445034
X8eb97376c894,X486f0331a4ca,favorability,2020 Presidential,98,1.1157992212907657,-0.27890133941503525,2.5104997819965664
X8eb97376c894,X54c10f32009f,favorability,2020 Presidential,98,1.996918923806224,0.597487863934693,3.396349983677755
X8eb97376c894,Xbe0df8ed5756,favorability,2020 Presidential,98,1.9674540649324683,0.5792743594501848,3.3556337704147516
X8eb97376c894,Xbe58df388808,favorability,2020 Presidential,98,1.333736896780663,-0.03287166817046971,2.7003454617317963
X8eb97376c894,Xf181464f2aec,favorability,2020 Presidential,98,0.5770040049339463,-0.774579986426276,1.9285879962941688
X8f444bfb8688,X99b77f1c619b,favorability,2020 Presidential,32,0.6802876310548733,-0.5416428616123332,1.90221812372208
X8f444bfb8688,Xaac379da6a11,favorability,2020 Presidential,32,0.8336144274068851,-0.3825857162793118,2.0498145710930817
X8f444bfb8688,Xb7d445887d50,favorability,2020 Presidential,32,0.23098812623135545,-1.0666472962651132,1.528623548727824
X96102ce6a0a6,X0fc6771d41b4,favorability,2020 Downballot,38,1.735828784444925,-0.24980198995001723,3.721459558839867
X96102ce6a0a6,X5f5b8db03dd0,favorability,2020 Downballot,38,3.467088241680754,1.5986312907024394,5.335545192659069
X96102ce6a0a6,X679bb29dbfa3,favorability,2020 Downballot,38,2.567288317368769,0.6278513633292748,4.506725271408263
X96102ce6a0a6,X936f3076a81b,favorability,2020 Downballot,38,0.29917208093350955,-1.6520414723426478,2.250385634209667
X96c94303546c,X10d6cd10e997,favorability,2018,15,1.7464436441852211,-2.1874328299692607,5.6803201183397025
X96c94303546c,X14d723c18ed4,favorability,2018,15,2.0515938204694084,-1.835550194177571,5.938737835116388
X96c94303546c,X17ec164b6b4a,favorability,2018,15,4.004664147086469,0.5712024282915524,7.438125865881386
X96c94303546c,X1f81a5e76cde,favorability,2018,15,3.776370239329181,0.4770747093624821,7.075665769295879
X96c94303546c,X2becbf79cb17,favorability,2018,15,1.4020450521230297,-2.4092441986222406,5.2133343028683
X96c94303546c,X4decf6788fe1,favorability,2018,15,-0.07517844233755513,-3.612751909198136,3.4623950245230257
X96c94303546c,X635855a462a3,favorability,2018,15,2.3656234996994785,-0.9131230613076436,5.644370060706601
X96c94303546c,X76b882749688,favorability,2018,15,2.453742674269024,-1.0707568936784884,5.978242242216536
X96c94303546c,Xf2cdef9153ef,favorability,2018,15,4.200380332496848,0.560952443185557,7.839808221808139
X96ee7ca4f42d,X467ecb637319,favorability,2020 Downballot,38,0.6382843411552813,-0.8169369849326346,2.093505667243197
X96ee7ca4f42d,X97cb6308b7a1,favorability,2020 Downballot,38,1.423840176974745,0.02335589038209429,2.824324463567396
X96ee7ca4f42d,Xb8b5c2796277,favorability,2020 Downballot,38,3.0563852730411,1.6162957866780836,4.496474759404117
X96ee7ca4f42d,Xc87cfdef40f6,favorability,2020 Downballot,38,1.171523288897173,-0.2703860529385027,2.6134326307328486
X99a1e984b493,X75e3507ff6ec,favorability,2020 Downballot,69,2.264033450427521,-0.12540960571723758,4.65347650657228
X99a1e984b493,X999b156440bb,favorability,2020 Downballot,69,1.0611014882389835,-1.263124966292682,3.3853279427706493
X99a1e984b493,Xa88e7a2ccc4e,favorability,2020 Downballot,69,0.11646422232221514,-2.29118802610909,2.52411647075352
X9b63b51005a1,X380eea1deecb,favorability,2018,47,12.00285830951408,4.3239938001069635,19.681722818921195
X9b63b51005a1,Xcbb4911a0bae,favorability,2018,47,8.134473377380488,1.4510072225736206,14.817939532187356
X9b63b51005a1,Xd9728ad5b0ed,favorability,2018,47,8.044846577498022,0.410054973921155,15.679638181074887
X9d09b5273603,Xb8d45c56f683,favorability,2020 Downballot,292,1.2668804343615845,-0.36027905221925915,2.8940399209424283
X9d09b5273603,Xcec8066b12a3,favorability,2020 Downballot,292,0.4246716433131793,-1.2137708149275714,2.06311410155393
X9d09b5273603,Xd0b6ddb191ff,favorability,2020 Downballot,292,1.458811711860364,-0.17516006137062234,3.0927834850913505
X9ed122541d0f,X170f595a60b2,favorability,2020 Presidential,160,1.0167921133972513,-0.22161610479629057,2.255200331590794
X9ed122541d0f,X1dd33686e42a,favorability,2020 Presidential,160,-1.0046594439468466,-2.1859443430446266,0.17662545515093342
X9ed122541d0f,X4a63b01ae969,favorability,2020 Presidential,160,1.190752118163659,-0.03945431765798513,2.4209585539853027
X9ed122541d0f,X4b67189d8063,favorability,2020 Presidential,160,1.4609719077380283,0.2458534586893637,2.676090356786693
X9ed122541d0f,X71642066d275,favorability,2020 Presidential,160,0.2168854795211173,-0.95235233248398,1.3861232915262145
X9ed122541d0f,X9d4b3822351c,favorability,2020 Presidential,160,1.210714241606461,-0.00911864677359952,2.4305471299865213
X9ed122541d0f,Xe28594a051d8,favorability,2020 Presidential,160,1.0993531059875477,-0.11412444800959531,2.312830659984691
Xa0f9bbb62446,X9da419c379b8,favorability,2020 Presidential,40,0.5279170346525446,-0.7249860652850091,1.7808201345900982
Xa8754cc70176,X088ec8f8ef46,favorability,2020 Downballot,66,0.7435046127171148,-2.106097565550769,3.593106790984999
Xa8754cc70176,X364e86e199b8,favorability,2020 Downballot,66,5.791889575519278,3.0946833791002453,8.48909577193831
Xa8754cc70176,X7b330d2d1cd1,favorability,2020 Downballot,66,3.522608629900976,0.7579627204841852,6.287254539317766
Xa8754cc70176,Xa90973e5a7b0,favorability,2020 Downballot,66,5.210322401761157,2.3555947765630263,8.065050026959288
Xa8754cc70176,Xc8e2e6058bd2,favorability,2020 Downballot,66,3.948301505293067,0.8428071376880912,7.053795872898043
Xa91760aedac7,X035d65a0d3c0,favorability,2020 Presidential,94,1.475961026246753,0.1939608593984916,2.7579611930950145
Xa91760aedac7,X3ea83074e094,favorability,2020 Presidential,94,0.7400800314301117,-0.45919413074436455,1.939354193604588
Xa91760aedac7,X75a3d9926aa1,favorability,2020 Presidential,94,1.003286780369838,-0.15547752346318533,2.1620510842028615
Xa91760aedac7,Xd519e80503db,favorability,2020 Presidential,94,0.4643065794173539,-0.6737037630437592,1.6023169218784672
Xa91760aedac7,Xd83ed930be06,favorability,2020 Presidential,94,0.4215769247690973,-0.6792270420320126,1.522380891570207
Xac749d823e04,X08d9b37b9e71,favorability,2020 Downballot,45,1.4387531711399604,-1.7237587790794098,4.60126512135933
Xac749d823e04,X84c4256909bf,favorability,2020 Downballot,45,-0.34604186635781886,-3.3556276526874504,2.6635439199718127
Xac749d823e04,X9d6fc674783a,favorability,2020 Downballot,45,2.3056716075743813,-0.8593885157036736,5.470731730852436
Xb08b17d9cc64,X457cbf90bb18,favorability,2020 Presidential,159,1.4720374507421463,0.15722955751559642,2.786845343968696
Xb08b17d9cc64,X5333f114d9dc,favorability,2020 Presidential,159,-0.39303443059278986,-1.6594700491850127,0.8734011879994331
Xb08b17d9cc64,Xb3e4e5f09a53,favorability,2020 Presidential,159,1.1738455426706431,-0.21442037630895383,2.5621114616502405
Xb207ac778630,X96c3bc8ee2f1,favorability,2020 Downballot,46,-0.7678120230685412,-3.530581463377323,1.99495741724024
Xb207ac778630,X98a717683e89,favorability,2020 Downballot,46,-0.12533015377409587,-2.7259748601851483,2.475314552636956
Xb207ac778630,X999298aa7548,favorability,2020 Downballot,46,-0.15151793632595234,-2.752000347483161,2.448964474831256
Xb207ac778630,Xe2cfeedc4972,favorability,2020 Downballot,46,-0.7860292188055211,-3.672905383798601,2.100846946187559
Xb218652f3e19,X9bec462f54d1,favorability,2018,7,1.4073725682657792,-2.7051295498710797,5.519874686402638
Xb218652f3e19,X9fbff889a3fd,favorability,2018,7,-1.371150605709689,-5.2110631567746015,2.468761945355223
Xb218652f3e19,Xc9cda8855da1,favorability,2018,7,1.8107258287619017,-1.9271184432228907,5.548570100746694
Xb21b000d7960,X9e4a2383093f,favorability,2020 Downballot,29,5.702071498190636,-0.36417891184331896,11.768321908224593
Xb21b000d7960,Xea401b6f81f8,favorability,2020 Downballot,29,4.913168823115272,-1.1352471054858482,10.96158475171639
Xb4a2ade86f66,Xdc0f3f8c3e95,favorability,2020 Downballot,29,0.3556122434771319,-3.990046654183685,4.701271141137949
Xb87a6fcc9dd0,X1116b33e488a,favorability,2020 Downballot,30,1.7492322931522537,-0.666019105192436,4.164483691496944
Xb87a6fcc9dd0,X5360e79015d5,favorability,2020 Downballot,30,2.263953507897578,-0.02744420186067486,4.555351217655831
Xbb1e5503bebf,X1907d4878fa1,favorability,2018,13,3.747094831452156,1.557119629497337,5.937070033406974
Xbb1e5503bebf,X1d69bfa7eae5,favorability,2018,13,2.812525879277417,0.1684313897645335,5.4566203687903005
Xbb1e5503bebf,X530c4809e59e,favorability,2018,13,3.569687493027776,1.7314677407011168,5.407907245354435
Xbb1e5503bebf,X62278782cb2c,favorability,2018,13,0.910556369913592,-1.4891121022567355,3.3102248420839193
Xbb1e5503bebf,X65db249dc181,favorability,2018,13,1.877043241251101,-0.9430684434976316,4.6971549259998335
Xbb1e5503bebf,X71bfef5b89a1,favorability,2018,13,0.1486017403847005,-2.0583857408308512,2.355589221600252
Xbb1e5503bebf,X8d899ab0d21d,favorability,2018,13,1.8240568213035344,-0.2218645496524907,3.869978192259559
Xbb1e5503bebf,X8f83d39594a0,favorability,2018,13,-1.0397244944734385,-3.2315311700604425,1.152082181113566
Xbb1e5503bebf,X954a2d2cbc41,favorability,2018,13,1.5689812783384771,-0.9986227933837176,4.136585350060672
Xbb1e5503bebf,Xa083475cfa82,favorability,2018,13,-0.09146991871490538,-2.752491654321957,2.569551816892146
Xbb1e5503bebf,Xf6cbe186c08c,favorability,2018,13,-0.0784546190974097,-2.296477434436144,2.1395681962413247
Xbce30ccbb53c,X47c7077f1e80,favorability,2020 Downballot,75,1.3714557068227016,-1.616352576471075,4.359263990116478
Xbce30ccbb53c,X521443531749,favorability,2020 Downballot,75,3.410268510857815,0.4479247997996354,6.372612221915995
Xbce30ccbb53c,Xdce9e12f869d,favorability,2020 Downballot,75,0.9481374243515748,-2.0066699648827684,3.902944813585918
Xbd63ac3c6221,X8f11d2948938,favorability,2020 Downballot,45,0.17801132543449544,-2.382139429820022,2.7381620806890123
Xbd63ac3c6221,Xdfec50dac825,favorability,2020 Downballot,45,1.6887099100595258,-0.8426326734318637,4.220052493550915
Xbd63ac3c6221,Xff8a2778660c,favorability,2020 Downballot,45,0.5085253081048349,-1.932055568882548,2.9491061850922176
Xbf62992cbc10,X523eafcf88ec,favorability,2020 Downballot,93,4.150174815082997,0.2752537715637602,8.025095858602235
Xbf62992cbc10,X7a46bd8420bd,favorability,2020 Downballot,93,1.585245697703388,-1.8305397726137749,5.001031168020551
Xbf86b7c37550,X3707855cf259,favorability,2018,27,4.027739474168058,0.6597656550324769,7.39571329330364
Xbf86b7c37550,X3c061dc71d31,favorability,2018,27,3.2401667131048546,-3.5347145937913993e-4,6.480686897669088
Xbf86b7c37550,X8f794bd8e51a,favorability,2018,27,3.0464107724746015,-0.3502125054071574,6.44303405035636
Xbf86b7c37550,Xa108e60c1571,favorability,2018,27,3.4873657904479813,0.1318168155114674,6.842914765384496
Xbf86b7c37550,Xc419878d09bd,favorability,2018,27,-0.3268316225633479,-4.180600303953422,3.526937058826726
Xc03c2d306034,X8c0f0edc72e8,favorability,2018,13,4.651322690408583,-0.6556616486270981,9.958307029444263
Xc03c2d306034,Xf2a4d9f42481,favorability,2018,13,3.115558537070178,-1.7568671893184171,7.987984263458774
Xc24349f28ce7,X0337b0cbdde6,favorability,2020 Downballot,10,0.5417450980686804,-1.915719539865091,2.999209736002452
Xc24349f28ce7,X27aae5846370,favorability,2020 Downballot,10,0.3188039031485429,-2.098386500005305,2.735994306302391
Xc24349f28ce7,X33830bb4fb89,favorability,2020 Downballot,10,3.3300697205350547,0.7633106600618573,5.896828781008252
Xc24349f28ce7,X879584cc448a,favorability,2020 Downballot,10,-1.301309584502068,-3.861257615575413,1.2586384465712763
Xc6c602d094ef,X37bac17ff224,favorability,2020 Presidential,104,0.5059972514743575,-0.8305981558527026,1.8425926588014176
Xc6c602d094ef,X82bd1ec58c71,favorability,2020 Presidential,104,0.7165999273764718,-0.6332212530563543,2.066421107809298
Xc6c602d094ef,Xb0fe3e8d7431,favorability,2020 Presidential,104,0.4049463780293496,-0.9144628705463652,1.7243556266050644
Xc6c602d094ef,Xca31ca0c091f,favorability,2020 Presidential,104,0.6713154725473134,-0.7135614045598961,2.056192349654523
Xc743e344bff5,X8081e513da88,favorability,2018,20,1.1015719142595968,-1.2289666866062552,3.4321105151254487
Xc743e344bff5,X87e3a136e698,favorability,2018,20,-0.36626343361900326,-2.5322584074300383,1.7997315401920315
Xc743e344bff5,X8ea470ea2a65,favorability,2018,20,3.488946318538678,1.3248180664052178,5.653074570672138
Xc743e344bff5,Xa0d96ac0e739,favorability,2018,20,0.90467706216336,-1.677752010461909,3.4871061347886294
Xc743e344bff5,Xab7145ad8eaf,favorability,2018,20,1.3641110384631374,-0.709332942927865,3.43755501985414
Xc743e344bff5,Xb88cebb0b484,favorability,2018,20,5.417641758410737,3.103211148967703,7.73207236785377
Xc743e344bff5,Xbc3a64862434,favorability,2018,20,4.652913254065489,2.696808592973043,6.609017915157936
Xc743e344bff5,Xcafb183f79b2,favorability,2018,20,1.2861297219938723,-0.959744718173108,3.5320041621608524
Xc743e344bff5,Xd14e130667e4,favorability,2018,20,2.735624379215177,0.3935747314388025,5.077674026991552
Xc743e344bff5,Xf990d59b1a68,favorability,2018,20,2.8069210725117273,0.6054800272018226,5.0083621178216315
Xc9457b7f8039,X1a27b55e9d0c,favorability,2020 Presidential,18,0.4589168176269973,-0.5139128718629341,1.4317465071169289
Xc9457b7f8039,X36ab62e2ad51,favorability,2020 Presidential,18,0.3502316808168791,-0.6171309528264144,1.3175943144601727
Xc9457b7f8039,X4038803eb3ed,favorability,2020 Presidential,18,1.148035403302878,0.12455265846925734,2.1715181481364985
Xc9457b7f8039,X606288003a83,favorability,2020 Presidential,18,1.0761788994561217,0.0712548293705424,2.0811029695417007
Xc9457b7f8039,Xa24c8db48110,favorability,2020 Presidential,18,0.4758414372554294,-0.44010848616932274,1.3917913606801815
Xcbca87b096bc,X889201caef2f,favorability,2018,31,4.589112343966716,-2.470090333259285,11.648315021192715
Xcbca87b096bc,Xdf7d7e32301b,favorability,2018,31,5.2201803051317555,-1.829156748920864,12.269517359184375
Xcbca87b096bc,Xf2ff768695d6,favorability,2018,31,1.0969387755102051,-5.975088991030185,8.168966542050596
Xcd1c7907cdb8,X7717c01fc34b,favorability,2018,5,3.3748093590745047,-1.5278717286023098,8.277490446751319
Xcd1c7907cdb8,X79fbd39b6550,favorability,2018,5,-2.3603128991060003,-7.14718637232099,2.4265605741089886
Xcde61df57a05,X0248f5c80d91,favorability,2020 Downballot,31,2.5064608233140366,-1.975003199556237,6.98792484618431
Xcde61df57a05,Xa7d3d550a572,favorability,2020 Downballot,31,2.4733469621101425,-1.7352348666227653,6.681928790843051
Xcde61df57a05,Xd36f3fbec8a9,favorability,2020 Downballot,31,0.5501021966890327,-3.605321498755025,4.705525892133091
Xd0500f1294c1,X12324c1961f3,favorability,2018,3,0.00730535486994876,-4.593713317737435,4.608324027477333
Xd0500f1294c1,X3700314fa778,favorability,2018,3,-5.268680669453131,-9.702665979891156,-0.8346953590151074
Xd0500f1294c1,Xa0cad43ab204,favorability,2018,3,-5.445001807664522,-9.869208169029092,-1.0207954462999504
Xd0500f1294c1,Xe9dac1669d26,favorability,2018,3,-1.8462699236065276,-6.198994156428072,2.506454309215017
Xd4b78e57e862,X17f82af5a71f,favorability,2020 Downballot,20,-0.5143264003152729,-3.1669467928119484,2.1382939921814024
Xd4b78e57e862,X540aed828d4b,favorability,2020 Downballot,20,0.20849342925853495,-2.253964467858374,2.6709513263754445
Xd4b78e57e862,X5f1a9e8583dd,favorability,2020 Downballot,20,-0.45974127028972783,-3.0525085843660813,2.133026043786626
Xd503139dae5a,Xcda5e7619a80,favorability,2018,15,3.0473856209150294,-1.8485852987972664,7.943356540627326
Xd503139dae5a,Xeee34d4c1884,favorability,2018,15,1.148989898989895,-3.5316100027665014,5.829589800746292
Xd54a3e61a37c,X0ce075837de4,favorability,2020 Downballot,99,1.352804184029334,-1.4570509973130177,4.1626593653716855
Xd54a3e61a37c,X64a1712a1e8c,favorability,2020 Downballot,99,-1.2196488594455268,-3.959539918344441,1.520242199453387
Xd54a3e61a37c,X9239ef22e0c0,favorability,2020 Downballot,99,4.043781708695266,1.0943330405735971,6.9932303768169355
Xd54a3e61a37c,Xd547b2c2c45f,favorability,2020 Downballot,99,-0.8082473179449474,-3.709429399721265,2.0929347638313702
Xd5f0eea45635,X3a450d21d7f3,favorability,2020 Downballot,39,2.615344739043266,-0.20115369847306308,5.431843176559595
Xd5f0eea45635,X3a53ea3f455c,favorability,2020 Downballot,39,4.6747917493858004,1.6984883787548388,7.651095120016763
Xd5f0eea45635,X66192ad9c068,favorability,2020 Downballot,39,3.5029467974668655,0.34806152445115623,6.657832070482575
Xd783f4c0b772,X5f0c46970605,favorability,2018,12,0.578947368421049,-5.345317849456371,6.503212586298468
Xd783f4c0b772,Xd6116e44fc19,favorability,2018,12,2.2178217821782185,-3.9152262976598102,8.350869862016248
Xd7ffbf77d995,X534de6dcbdc7,favorability,2020 Downballot,29,-1.770026261797561,-6.273168040050004,2.733115516454882
Xd7ffbf77d995,X889ab3500e1a,favorability,2020 Downballot,29,1.5740722886301757,-2.9712314457555937,6.1193760230159455
Xd7ffbf77d995,Xa32032a21e39,favorability,2020 Downballot,29,3.26692880795284,-1.0224258941365232,7.556283510042203
Xd7ffbf77d995,Xf0124ce50c86,favorability,2020 Downballot,29,1.0112522624086204,-3.5872054286344572,5.6097099534516985
Xd7ffbf77d995,Xf61da01f8659,favorability,2020 Downballot,29,-0.4917806079268947,-4.750715310162937,3.767154094309147
Xdc7b0fd9df64,X6b36713172be,favorability,2020 Downballot,54,-1.310467085109445,-4.4100811935072075,1.7891470232883175
Xdc7b0fd9df64,X92cacf23e580,favorability,2020 Downballot,54,0.8303785609300446,-1.952138098505604,3.612895220365693
Xde82367108c3,X58deb96e73d6,favorability,2020 Presidential,84,0.9986608034153982,-0.4022081496341169,2.399529756464913
Xde82367108c3,Xb942ab23dccc,favorability,2020 Presidential,84,1.9568791449756096,0.5054965596343939,3.4082617303168257
Xde82367108c3,Xebe603eb4b8e,favorability,2020 Presidential,84,3.512341968548159,2.019733420481902,5.004950516614416
Xe10e3997a090,X1a253598a412,favorability,2020 Downballot,332,-0.3151643174579166,-2.6850780549597264,2.054749420043893
Xe10e3997a090,X1cf9f9abdc61,favorability,2020 Downballot,332,1.3102805187224646,-1.0376246494973578,3.658185686942287
Xe10e3997a090,X52b095e739fa,favorability,2020 Downballot,332,-0.8224010985800496,-3.204076484656426,1.559274287496326
Xe1243115280f,X89513bb63711,favorability,2018,16,5.44871794871794,0.6650203988511647,10.232415498584714
Xe1243115280f,X99735fc8aa6f,favorability,2018,16,5.853564284415335,1.276244980566254,10.430883588264416
Xe4ab4974f4be,X159322ca5c8a,favorability,2020 Presidential,250,1.9089702615387945,0.4210328487772699,3.3969076743003193
Xe4ab4974f4be,X1f20a415e6ab,favorability,2020 Presidential,250,2.059951398102913,0.4885693509301576,3.631333445275669
Xe4ab4974f4be,X2fdd7222ee6a,favorability,2020 Presidential,250,0.2514883224539297,-1.2143981961329042,1.7173748410407637
Xe4ab4974f4be,X5216468e4e57,favorability,2020 Presidential,250,2.253617920038437,0.7848215058893029,3.722414334187571
Xe4ab4974f4be,X5aa177331f1e,favorability,2020 Presidential,250,1.905537959626742,0.37255385708302025,3.438522062170464
Xe4ab4974f4be,X80314c4dd79d,favorability,2020 Presidential,250,0.5352444658386295,-1.10549780086945,2.175986732546709
Xe4ab4974f4be,Xf8da822347e5,favorability,2020 Presidential,250,0.9046754801099772,-0.6210894661099198,2.4304404263298744
Xe5fca9167903,X1d9f7515e05e,favorability,2020 Presidential,264,1.8034630345394456,0.4438491656980079,3.163076903380883
Xe5fca9167903,X41dc9d9a1732,favorability,2020 Presidential,264,0.5253690313335011,-0.765675537233603,1.8164135999006052
Xe5fca9167903,X6485e3969d76,favorability,2020 Presidential,264,2.7576681511412953,1.447113188005338,4.068223114277252
Xe5fca9167903,X97b62265efa3,favorability,2020 Presidential,264,2.703777530432352,1.3359866837765355,4.071568377088168
Xe5fca9167903,X9c485d0a3260,favorability,2020 Presidential,264,0.322635373617547,-0.9873034875922942,1.6325742348273882
Xe5fca9167903,Xa57d78336b9a,favorability,2020 Presidential,264,2.553368200424966,1.1833006432012003,3.9234357576487304
Xe5fca9167903,Xa586a1d3b143,favorability,2020 Presidential,264,0.6313666419451773,-0.6469256977956843,1.909658981686039
Xe5fca9167903,Xfe8a26638f23,favorability,2020 Presidential,264,1.422716988490642,0.09428640852959692,2.751147568451687
Xe8542bf44750,X324453b8b6c9,favorability,2020 Presidential,184,1.6733635791076955,0.9055063487548703,2.441220809460521
Xe8542bf44750,X733c20994155,favorability,2020 Presidential,184,1.2133698278661924,0.4715122771739412,1.9552273785584435
Xe9ef1f1fb8ef,X1201e3e3f7a2,favorability,2020 Downballot,26,1.9616811596909185,-1.9506121232803255,5.8739744426621625
Xe9ef1f1fb8ef,X9c66eb8058e2,favorability,2020 Downballot,26,2.6305794983909965,-1.1578330716205247,6.418992068402518
Xf0130cfec75e,Xbd20deb05c44,favorability,2018,5,-4.764267911187968,-9.042472795295094,-0.48606302708084126
Xf0130cfec75e,Xe19ab7283c95,favorability,2018,5,2.0795801625511214,-2.4546240122603735,6.613784337362617
Xf0130cfec75e,Xfa8f34d9f4de,favorability,2018,5,1.9668386609614852,-1.4978102074996222,5.431487529422593
Xf337919542ab,X26f0598343f4,favorability,2018,16,-0.09160154967496932,-3.397493069414612,3.2142899700646734
Xf337919542ab,X91cdbf7fc9bd,favorability,2018,16,4.377255838641188,1.124476247437019,7.630035429845358
Xf337919542ab,Xf4ea690c269d,favorability,2018,16,0.7915000246877105,-2.208799552171553,3.791799601546974
Xfb6f85b84f14,X00219b8ba6a6,favorability,2020 Downballot,52,1.3393342333516172,-1.2755121162427718,3.954180582946006
Xfb6f85b84f14,X0686cc444463,favorability,2020 Downballot,52,2.889678765010347,0.2944945036358151,5.484863026384879
Xfb6f85b84f14,X2f9894c42f5e,favorability,2020 Downballot,52,-0.9842730488971716,-3.5443606236492537,1.5758145258549106
Xfb6f85b84f14,Xc41f17216508,favorability,2020 Downballot,52,-0.4033640158784266,-2.981769455817282,2.175041424060429
Xfe8b4566d11e,X08660b8619f7,favorability,2020 Presidential,14,0.30546821390554874,-1.0839708888757429,1.69490731668684
Xfe8b4566d11e,X328ab23bd8d8,favorability,2020 Presidential,14,-0.563732361159695,-1.9593565277592304,0.8318918054398402
Xfe8b4566d11e,X7d527e41b4e6,favorability,2020 Presidential,14,0.1578095658692541,-1.2672505034093282,1.5828696351478362
Xfe8b4566d11e,X8bc23b11330c,favorability,2020 Presidential,14,1.4084678740455332,-0.0134213086464594,2.830357056737526
Xfe8b4566d11e,Xc5c45c385810,favorability,2020 Presidential,14,0.28010376108236595,-1.0685402107907784,1.6287477329555105
Xfe8b4566d11e,Xcfd91d215f7e,favorability,2020 Presidential,14,-1.0379956552192926,-2.35264155877645,0.27665024833786545
X00f59679c283,X8e9e8d9fbcbb,votechoice,2020 Presidential,45,-2.521552022618135,-5.081427093736213,0.03832304849994328
X00f59679c283,Xa91f3a9b6388,votechoice,2020 Presidential,45,1.1068192142932682,-1.477579840916234,3.6912182695027704
X00f59679c283,Xeabe7ca75d77,votechoice,2020 Presidential,45,1.9924341137421284,-0.458192033989039,4.4430602614732955
X033ad160abd7,Xaa302fc2c9b7,votechoice,2020 Downballot,30,2.349656712188712,-3.8607519256199705,8.560065349997394
X033ad160abd7,Xab5b00bb4063,votechoice,2020 Downballot,30,5.002004149752591,-0.27378347642721046,10.277791775932393
X033ad160abd7,Xc1e324e2d086,votechoice,2020 Downballot,30,5.648160482363462,-0.0721008360028037,11.368421800729728
X033ad160abd7,Xdb1635e19a5a,votechoice,2020 Downballot,30,1.0778931801855225,-4.338246160032304,6.494032520403348
X0359e72b4036,X3743f26600b3,votechoice,2018,5,1.384269514331991,-6.778776285049321,9.547315313713302
X0359e72b4036,X5cc2404c0663,votechoice,2018,5,5.071867197516701,-2.659918432607541,12.803652827640942
X03cc29d0f06b,X029473d3c7df,votechoice,2020 Presidential,82,1.3169228962156263,-0.5153458305347425,3.1491916229659953
X03cc29d0f06b,Xa154386c442d,votechoice,2020 Presidential,82,0.4666902452564016,-1.3075201209933316,2.2409006115061345
X03cc29d0f06b,Xc0e105a8f255,votechoice,2020 Presidential,82,0.9352639231401574,-0.9114699205035544,2.781997766783869
X0b29d31bb747,X88625f8e7c09,votechoice,2020 Downballot,30,-0.5728074920778381,-2.757181201963853,1.6115662178081769
X0b29d31bb747,X8928b0ac21f4,votechoice,2020 Downballot,30,-1.054076229833651,-3.2199621311397393,1.1118096714724373
X0b29d31bb747,Xa370433c6c71,votechoice,2020 Downballot,30,-1.0800497542346168,-3.136652667417929,0.9765531589486957
X0b29d31bb747,Xe90947cef2bd,votechoice,2020 Downballot,30,0.3863362620789407,-1.6966803193365363,2.469352843494418
X0ca4a39fd242,X2a6e762a5f51,votechoice,2018,42,2.5307779608485133,6.153609340002753e-4,5.060940560763026
X0ca4a39fd242,X53cc3cde3a58,votechoice,2018,42,1.7652930148590518,-1.8190889351011277,5.349674964819231
X0ca4a39fd242,X7d85c9731540,votechoice,2018,42,-0.13277200062084468,-2.576862637344676,2.3113186361029863
X0ca4a39fd242,X80bea2f6d40a,votechoice,2018,42,1.6697793813778088,-0.5104623437479969,3.8500211065036143
X0ca4a39fd242,Xa43bcb74de89,votechoice,2018,42,2.519633242486318,-0.741781949896342,5.781048434868978
X0ca4a39fd242,Xffa9e5b5e054,votechoice,2018,42,0.9239707854813332,-2.3241100126789576,4.172051583641624
X0d38ddbcda23,X30f1a567e5fe,votechoice,2020 Downballot,20,1.1700669739624487,-1.1052026513549218,3.4453365992798193
X0d38ddbcda23,X4a84f3ea1631,votechoice,2020 Downballot,20,0.15132746998792415,-2.0843686997684037,2.3870236397442524
X0d38ddbcda23,X5245e7912661,votechoice,2020 Downballot,20,0.3854096896127907,-1.879323331208821,2.650142710434402
X0d38ddbcda23,Xb982da11a4f0,votechoice,2020 Downballot,20,0.4050725212510954,-1.845459180294354,2.6556042227965446
X0f0abe8145e8,X2ea06ec479f2,votechoice,2020 Presidential,20,-0.09413242904927938,-1.5967682055211807,1.408503347422622
X0f0abe8145e8,X446e10e72eab,votechoice,2020 Presidential,20,0.04934111481270943,-1.5531422423380432,1.651824471963462
X0f0abe8145e8,X65840d8d39b3,votechoice,2020 Presidential,20,-0.3009863050082623,-1.871292973635605,1.2693203636190806
X0f0abe8145e8,X82739bc52aee,votechoice,2020 Presidential,20,0.2860980706476946,-1.3043200445360397,1.8765161858314288
X0f0abe8145e8,Xb5b295c0f263,votechoice,2020 Presidential,20,-0.565242731774789,-2.131829422764021,1.0013439592144426
X0f0abe8145e8,Xdc31dd630566,votechoice,2020 Presidential,20,-0.5662187015676926,-2.147417010254521,1.0149796071191357
X113182778c3f,X719943ebde4b,votechoice,2020 Downballot,14,0.7252880960044898,-1.7538221258557394,3.204398317864719
X113182778c3f,Xb0946f3698e9,votechoice,2020 Downballot,14,1.1628443711312153,-1.2184075453311536,3.544096287593584
X14c85a139dd6,X24e813bd4e2b,votechoice,2020 Presidential,18,-0.0421180364244183,-1.4862920549234533,1.4020559820746168
X14c85a139dd6,X39834bfb3d8d,votechoice,2020 Presidential,18,1.9069037541463485,0.4105293168319566,3.40327819146074
X14c85a139dd6,X41d607d4b4d6,votechoice,2020 Presidential,18,0.9040594062426122,-0.5462609024355836,2.3543797149208077
X14c85a139dd6,X8de49f249155,votechoice,2020 Presidential,18,2.444213654531435,0.9574641413900802,3.9309631676727896
X14c85a139dd6,Xcf7a742882b8,votechoice,2020 Presidential,18,0.728449054112287,-0.7806711851192383,2.237569293343812
X14c85a139dd6,Xf33fc1df368e,votechoice,2020 Presidential,18,0.3797656780723014,-1.131585100109772,1.8911164562543747
X14c85a139dd6,Xf4206a66673d,votechoice,2020 Presidential,18,0.30205094942831073,-1.2105877649052512,1.8146896637618728
X17dfb74370ef,X7b926d77a44c,votechoice,2020 Presidential,125,-2.2067153499683143,-3.865275225926316,-0.5481554740103125
X17dfb74370ef,X968253da79bd,votechoice,2020 Presidential,125,-1.685897535581078,-3.365747217855916,-0.0060478533062398
X17dfb74370ef,Xa97c62bda78a,votechoice,2020 Presidential,125,-1.1296114944270628,-2.7964726521274024,0.5372496632732771
X17dfb74370ef,Xb71d39c4f827,votechoice,2020 Presidential,125,0.19401334961981553,-1.4833434903031957,1.8713701895428267
X17dfb74370ef,Xd3509df8596f,votechoice,2020 Presidential,125,-0.7369616208693295,-2.412774991463838,0.9388517497251788
X17dfb74370ef,Xffb3dc1c217c,votechoice,2020 Presidential,125,-1.5684594245351366,-3.243811143671426,0.1068922946011528
X1ba0c452ca90,X491c60209953,votechoice,2020 Downballot,70,1.9495584026886168,-1.9663680833278991,5.865484888705132
X1ba0c452ca90,X65690938244d,votechoice,2020 Downballot,70,2.0078683602079277,-1.7504827545530293,5.766219474968885
X1ba0c452ca90,Xce253e0bf4dc,votechoice,2020 Downballot,70,-0.1573921117244786,-4.23901145010507,3.924227226656113
X1bd946eb3686,X1f20b4c872ea,votechoice,2020 Presidential,13,0.8611385874226857,-0.5649187101669427,2.287195885012314
X1bd946eb3686,X40515a282355,votechoice,2020 Presidential,13,1.8861324923173837,0.41374367748594176,3.3585213071488256
X1bd946eb3686,Xbf1734e955f0,votechoice,2020 Presidential,13,0.511164333390755,-0.9289095143419648,1.9512381811234747
X1bd946eb3686,Xe2e9710a72fc,votechoice,2020 Presidential,13,1.2854504302268714,-0.1918535388383118,2.7627543992920547
X1bd946eb3686,Xed7236d2618e,votechoice,2020 Presidential,13,1.0024924129300086,-0.48698542335497064,2.4919702492149876
X1bd946eb3686,Xfd2f0c6f25f6,votechoice,2020 Presidential,13,0.43576347347210653,-0.9373986523342556,1.8089255992784687
X201e65ae9067,Xf451f63bed87,votechoice,2018,5,5.457375957375958,-1.634691486590877,12.549443401342792
X2381dc490ceb,X0584c15b82a3,votechoice,2020 Presidential,132,0.3738734481065965,-1.2353592788393986,1.9831061750525911
X2381dc490ceb,X8cde1e9f6b85,votechoice,2020 Presidential,132,1.0788952693064344,-0.5282346747428326,2.6860252133557014
X284250c935ca,X36db75f60f0a,votechoice,2020 Presidential,16,0.5457956341011858,-0.9360021484826836,2.027593416685055
X284250c935ca,X3b425a52abd1,votechoice,2020 Presidential,16,1.613999322227977,0.13376149326553932,3.0942371511904145
X284250c935ca,X89f18a4a5370,votechoice,2020 Presidential,16,0.7124122188872389,-0.7211295960709135,2.1459540338453915
X284250c935ca,Xb643920fcd38,votechoice,2020 Presidential,16,-0.6375621469263343,-2.0946128087890235,0.819488514936355
X284250c935ca,Xbc10a65e7f64,votechoice,2020 Presidential,16,0.876655884807313,-0.5391023844466333,2.2924141540612593
X284250c935ca,Xd25172158c50,votechoice,2020 Presidential,16,-0.21412202633139885,-1.638371752473566,1.2101276998107684
X284250c935ca,Xd3d6df25f558,votechoice,2020 Presidential,16,-0.20027169402944428,-1.6849958275150454,1.284452439456157
X284250c935ca,Xd6c5c1bfc52e,votechoice,2020 Presidential,16,1.3778485478618143,-0.13741324953184253,2.8931103452554714
X284250c935ca,Xf03b398e0e48,votechoice,2020 Presidential,16,0.7041002621179311,-0.7524968367817368,2.160697361017599
X29e0b3e3d212,X8794e2426b14,votechoice,2020 Presidential,79,-0.2263525573805996,-2.1110646207088473,1.658359505947648
X29e0b3e3d212,X963d143ad76a,votechoice,2020 Presidential,79,-0.19824970540437933,-2.2524289344523987,1.85592952364364
X29e0b3e3d212,Xf7891c4c5461,votechoice,2020 Presidential,79,-0.16614596799520592,-1.9816353398686315,1.6493434038782198
X2ac92f4fab06,X051f3b1b6b15,votechoice,2020 Presidential,98,0.9420149290174304,-0.7084271596214771,2.592457017656338
X2ac92f4fab06,X055e8e978256,votechoice,2020 Presidential,98,0.8244469448738369,-0.8027583159669,2.4516522057145735
X2ac92f4fab06,X07cdea74e0b9,votechoice,2020 Presidential,98,1.385164900098525,-0.2487769622861571,3.019106762483207
X2ac92f4fab06,X5a11255c5b41,votechoice,2020 Presidential,98,0.21313225293233765,-1.342516335041335,1.7687808409060102
X2ac92f4fab06,Xacaed760e9cc,votechoice,2020 Presidential,98,1.1913865988135344,-0.40093622209550217,2.783709419722571
X2c27b3c82c5e,X446cad8eade9,votechoice,2020 Downballot,44,2.510992720889063,-1.007008319755765,6.028993761533892
X2c27b3c82c5e,Xe0f72c5e254a,votechoice,2020 Downballot,44,2.484582911032166,-1.005904915706573,5.975070737770905
X2fe2886d447c,X10b72d85a87b,votechoice,2020 Downballot,34,3.0334240369234324,0.00389533007419684,6.062952743772668
X2fe2886d447c,X23380411a8a8,votechoice,2020 Downballot,34,0.3059534722830229,-2.504527610312061,3.116434554878107
X2fe2886d447c,X33defd73178b,votechoice,2020 Downballot,34,0.20090261327246983,-2.702210452055556,3.104015678600496
X2fe2886d447c,X706b7ec45580,votechoice,2020 Downballot,34,1.3941116712094923,-1.4259835965382714,4.214206938957256
X2fe2886d447c,X824a6af69ba7,votechoice,2020 Downballot,34,1.295496268606627,-1.6952860334146933,4.286278570627947
X2fe2886d447c,Xa78156dd2d0a,votechoice,2020 Downballot,34,0.3013493813463151,-2.6842589627236624,3.2869577254162925
X2fe2886d447c,Xc01cb412bd39,votechoice,2020 Downballot,34,-2.3468206620248324,-5.309756071526207,0.616114747476542
X2fe2886d447c,Xfd0b41a8a119,votechoice,2020 Downballot,34,1.2275816352469593,-1.7845879979378465,4.239751268431765
X3051b9505c0c,X83c51f55ecd2,votechoice,2020 Downballot,43,0.8300101685346931,-4.540666040478936,6.2006863775483225
X3051b9505c0c,X939298573905,votechoice,2020 Downballot,43,-0.14927135579258935,-5.254208909028422,4.955666197443242
X3051b9505c0c,Xf20edc548acf,votechoice,2020 Downballot,43,2.524044682361892,-2.3755850426117253,7.423674407335509
X371271f59848,X0a4cf7b11152,votechoice,2020 Presidential,76,0.20417035004820427,-1.7069786295857563,2.1153193296821646
X371271f59848,X0db56e2f9135,votechoice,2020 Presidential,76,1.2991537104126598,-0.673632204856629,3.2719396256819486
X371271f59848,X2e9c3090719f,votechoice,2020 Presidential,76,1.1229596781594,-0.7698793031217641,3.015798659440564
X371271f59848,X62da557f1d63,votechoice,2020 Presidential,76,3.282839646623408,1.3703386196977263,5.19534067354909
X371271f59848,Xd040d7558b57,votechoice,2020 Presidential,76,2.6223530777135027,0.7414401718237542,4.503265983603251
X371271f59848,Xf87c88acc3dc,votechoice,2020 Presidential,76,3.108497339168991,1.199293703740372,5.01770097459761
X37ed37edc29e,X6a72c4caec1f,votechoice,2020 Presidential,26,2.368841125153315,0.7028746303739966,4.034807619932634
X37ed37edc29e,X7d2c57138af6,votechoice,2020 Presidential,26,1.7958307605283088,0.1826190849720286,3.4090424360845892
X37ed37edc29e,X7efb741b6efe,votechoice,2020 Presidential,26,0.7852218092354469,-0.828871201661875,2.3993148201327688
X37ed37edc29e,Xb2bedaf5603d,votechoice,2020 Presidential,26,1.8138905907238216,0.19694544444481044,3.430835737002833
X37ed37edc29e,Xc68c41f26c4e,votechoice,2020 Presidential,26,1.967045629528937,0.3444319203825541,3.58965933867532
X37ed37edc29e,Xe8fa1978184e,votechoice,2020 Presidential,26,1.5699033915301426,-0.0698148571358006,3.2096216401960858
X38974a4c2046,X41aaccd5c73a,votechoice,2020 Downballot,11,2.124159588710447,-0.798234225004169,5.046553402425063
X38974a4c2046,X8e4df9d1014b,votechoice,2020 Downballot,11,1.6157944020403645,-1.4710217392743434,4.702610543355072
X39f5116e55a1,X0d8f4f9a5869,votechoice,2020 Presidential,229,1.1587786585819209,-0.40304438585778257,2.7206017030216243
X39f5116e55a1,Xaab684527f66,votechoice,2020 Presidential,229,1.143299835028085,-0.3906352716354234,2.6772349416915935
X39f5116e55a1,Xbf5c459a23ec,votechoice,2020 Presidential,229,0.1730160756971728,-1.3913283680694306,1.7373605194637762
X39f5116e55a1,Xe30dc16ebbc6,votechoice,2020 Presidential,229,0.0476769791103855,-1.4719067635432452,1.5672607217640162
X3b305caa5847,X0e327cfa811d,votechoice,2020 Downballot,33,-0.12657805489440185,-2.8257775291907548,2.572621419401951
X3b305caa5847,X4e5fd01d8068,votechoice,2020 Downballot,33,3.366531930641425,0.8040698310253216,5.928994030257528
X3b305caa5847,X52ee9653d668,votechoice,2020 Downballot,33,0.9734814588328572,-1.7770318714883957,3.7239947891541103
X3b305caa5847,X780858c51a8d,votechoice,2020 Downballot,33,2.4048486383870675,-0.11484599224565928,4.924543269019795
X3b305caa5847,X8861f8b15364,votechoice,2020 Downballot,33,2.4411673188164396,-0.48427938736202947,5.366614024994909
X3b305caa5847,Xb0dfa6293d12,votechoice,2020 Downballot,33,2.9154885310725565,0.12752983211070168,5.703447230034412
X3bab95a16d3f,X0444af5aa348,votechoice,2020 Presidential,116,0.1888156766862278,-1.3023050784222423,1.679936431794698
X3bab95a16d3f,X110f9885e8b2,votechoice,2020 Presidential,116,-0.05795921584480258,-1.6055460651349829,1.4896276334453775
X3bab95a16d3f,X2a69ffa01534,votechoice,2020 Presidential,116,1.515026102948284,-0.04457368393997352,3.0746258898365415
X3bab95a16d3f,X33d4582911e7,votechoice,2020 Presidential,116,0.1142404409058328,-1.4247359307204404,1.653216812532106
X3bab95a16d3f,X3bc372fc90a0,votechoice,2020 Presidential,116,-0.6651456539537304,-2.2131946847312793,0.8829033768238184
X3bab95a16d3f,X42130beb4d54,votechoice,2020 Presidential,116,1.3042242815172511,-0.2849226852439086,2.893371248278411
X3bab95a16d3f,X91382a3ba0d7,votechoice,2020 Presidential,116,-0.7293755344025011,-2.309820681526457,0.8510696127214546
X3bab95a16d3f,Xb786c51fb2c8,votechoice,2020 Presidential,116,0.21835513617494676,-1.3377133632159692,1.7744236355658627
X3bab95a16d3f,Xc1c4c926f6c9,votechoice,2020 Presidential,116,0.26385411052042995,-1.2516995026672413,1.7794077237081012
X3bab95a16d3f,Xd428a51413e2,votechoice,2020 Presidential,116,0.9165311041198834,-0.5940332002343975,2.4270954084741643
X3bab95a16d3f,Xe771430b3e08,votechoice,2020 Presidential,116,1.6697085653689108,0.13514150973201966,3.204275621005802
X3f36c1eb8e50,X0de918a86b92,votechoice,2020 Presidential,10,0.09788483000204336,-1.4470552937257308,1.6428249537298176
X3f36c1eb8e50,X6d7c9df159a5,votechoice,2020 Presidential,10,0.4410630798366749,-1.1039816885146885,1.986107848188038
X3f36c1eb8e50,X99545b67b825,votechoice,2020 Presidential,10,1.318933963079509,-0.12296729144821872,2.7608352176072364
X3f36c1eb8e50,Xe44231a8a480,votechoice,2020 Presidential,10,0.3485609111786803,-1.136172466880051,1.8332942892374116
X3f36c1eb8e50,Xf5b2b5e33cf8,votechoice,2020 Presidential,10,-0.09533929609907894,-1.5834980504779157,1.3928194582797575
X4035b3649f55,X70a3c329472e,votechoice,2020 Presidential,91,1.5413033939892449,0.05168187291805259,3.030924915060437
X4035b3649f55,X81ee68ff4ee2,votechoice,2020 Presidential,91,1.134741143736543,-0.3660799504346699,2.635562237907756
X4035b3649f55,Xb9a423a4ac5a,votechoice,2020 Presidential,91,0.3594660434113439,-1.105378056188176,1.8243101430108637
X4035b3649f55,Xdf0b586196b8,votechoice,2020 Presidential,91,1.9182345782710208,0.4071867709686161,3.429282385573426
X43915f01925b,X43e31934e628,votechoice,2018,44,1.6446336286452603,-3.7406019379619297,7.02986919525245
X43915f01925b,Xa48879ab0952,votechoice,2018,44,1.6358576823693038,-3.571477107332237,6.843192472070845
X43915f01925b,Xa4fc595f777d,votechoice,2018,44,3.1349286597011643,-2.1796397649346604,8.44949708433699
X467e42562cc3,X27b4a270e874,votechoice,2020 Downballot,52,0.6438843471096772,-1.93464526966895,3.2224139638883047
X467e42562cc3,X9935ef672e9f,votechoice,2020 Downballot,52,0.10593148775256368,-2.4056211119597672,2.6174840874648946
X467e42562cc3,Xad681b6b1939,votechoice,2020 Downballot,52,1.2052022823737265,-1.2703150725807733,3.6807196373282256
X467e42562cc3,Xb8b43893a78d,votechoice,2020 Downballot,52,2.5907569033459765,0.07422266374956799,5.107291142942385
X467e42562cc3,Xca4233d90edd,votechoice,2020 Downballot,52,1.7027959145592435,-0.7207266202934488,4.1263184494119365
X46cbfb66b14a,X69053152fa27,votechoice,2020 Presidential,46,2.853654057244582,-0.6622897557379139,6.369597870227079
X48c00dcea613,X05d6966964d6,votechoice,2020 Downballot,15,-2.1422464267889936,-8.0602312995964,3.775738446018411
X48c00dcea613,X7541a65175c3,votechoice,2020 Downballot,15,3.748873916066875,-3.462316321340865,10.960064153474615
X48c00dcea613,X96efd7e48df3,votechoice,2020 Downballot,15,1.7129351709465608,-4.7109403700697134,8.136810711962834
X493ad50c4528,X25e76cbdfd98,votechoice,2020 Presidential,206,0.13899303200001478,-1.4673365229588955,1.745322586958925
X493ad50c4528,X7681baac932d,votechoice,2020 Presidential,206,0.5820028425571345,-1.113906691774067,2.277912376888336
X493ad50c4528,X85b69da973a3,votechoice,2020 Presidential,206,1.290005476552663,-0.3518694881033866,2.9318804412087127
X493ad50c4528,Xc142ee380243,votechoice,2020 Presidential,206,0.35336504815348346,-1.3581596031142014,2.0648896994211685
X4a7bc869dba3,X68447f0be1db,votechoice,2020 Downballot,31,2.1376312139595073,-2.55319874973001,6.828461177649025
X4ac7e3ed36b6,X6042168b9a77,votechoice,2020 Downballot,263,4.491714404498917,0.6788415586480832,8.304587250349751
X4ac7e3ed36b6,X6f846751db99,votechoice,2020 Downballot,263,5.602207440052613,1.7437734011926191,9.460641478912606
X4ac7e3ed36b6,Xc17870115f64,votechoice,2020 Downballot,263,4.573352462001506,0.9012675300111894,8.245437393991823
X4cd2c9923737,X872d5689bc1d,votechoice,2018,199,-2.0083890254018404,-5.1385006482966915,1.1217225974930112
X4cd2c9923737,X895a5fb04f84,votechoice,2018,199,-0.09707410230817848,-3.4637506786167096,3.2696024740003526
X4cd2c9923737,X9946ecc8c78d,votechoice,2018,199,-2.5162920642893227,-6.037877100170025,1.00529297159138
X4cd2c9923737,Xda82ac8e8655,votechoice,2018,199,0.31280650568005125,-3.0532924114515874,3.67890542281169
X4cd2c9923737,Xe1a159322b42,votechoice,2018,199,0.15376235312424624,-3.2683744132933312,3.5758991195418237
X4d1542866d9e,X051da39bd0a4,votechoice,2018,17,7.7090632362073555,4.8359572574563305,10.58216921495838
X4d1542866d9e,X08d2ba9b042e,votechoice,2018,17,7.914288750730488,4.556543273338004,11.27203422812297
X4d1542866d9e,X2358ae1f1e40,votechoice,2018,17,4.01470089010845,1.0097628423589415,7.019638937857959
X4d1542866d9e,X2cadfa365469,votechoice,2018,17,4.218860446783131,-0.49371855755976934,8.931439451126032
X4d1542866d9e,X370f9475fe80,votechoice,2018,17,3.6596702147485143,0.35145202798779795,6.967888401509231
X4d1542866d9e,X5007dca20851,votechoice,2018,17,4.083213912418446,0.502535131909033,7.66389269292786
X4d1542866d9e,X55a07e4583dd,votechoice,2018,17,4.830371118433005,1.932959706457185,7.727782530408826
X4d1542866d9e,X84fce520d96a,votechoice,2018,17,7.836110382609076,4.967438360332322,10.70478240488583
X4d1542866d9e,Xa6acd45d2c74,votechoice,2018,17,5.134349683470288,2.03186606348685,8.236833303453725
X4e7bf05595bf,X0b8d1e51b436,votechoice,2020 Presidential,97,1.3010361413405838,-0.7471625167430329,3.3492347994242007
X4e7bf05595bf,X18c7d39425b3,votechoice,2020 Presidential,97,0.6403019599569668,-1.32870963576367,2.6093135556776037
X4e7bf05595bf,X3423e4fc56cf,votechoice,2020 Presidential,97,1.9586219864067285,-0.03603452460554157,3.9532784974189985
X4e7bf05595bf,Xc7b0c0c902d2,votechoice,2020 Presidential,97,0.0522859437384867,-2.094784314856828,2.1993562023338016
X4e7bf05595bf,Xe889f073f1a9,votechoice,2020 Presidential,97,-0.3776353217929584,-2.502747444524587,1.7474768009386703
X4f0673c63216,X1c256360162b,votechoice,2020 Downballot,37,3.0793173461465333,0.02421676383949966,6.134417928453567
X4f0673c63216,X4d77de856633,votechoice,2020 Downballot,37,0.4234773519947293,-2.666974510924535,3.513929214913994
X4f0673c63216,Xd7bba4ed892b,votechoice,2020 Downballot,37,2.3471091893682083,-0.5707126603417803,5.264931039078197
X51f97f3cb7a9,X2d8edf2b8001,votechoice,2020 Presidential,41,1.0141777628057156,-0.575391276916718,2.603746802528149
X51f97f3cb7a9,X45bed2bf2ba3,votechoice,2020 Presidential,41,2.1607421155924325,0.568508478563853,3.752975752621012
X51f97f3cb7a9,X83b268b58b67,votechoice,2020 Presidential,41,1.85625777304474,0.17679489388225478,3.5357206522072246
X51f97f3cb7a9,X9054906fd822,votechoice,2020 Presidential,41,1.9119781912786584,0.273860388194233,3.550095994363084
X51f97f3cb7a9,Xfe094c0d7c50,votechoice,2020 Presidential,41,0.5412393832419407,-1.0845124281756024,2.1669911946594835
X56c1e861bf4a,X0c0ca0f5126d,votechoice,2020 Downballot,39,4.414525453065377,1.965418339958238,6.863632566172515
X56c1e861bf4a,X11aee9c6b2fb,votechoice,2020 Downballot,39,1.676443940975659,-0.6958083933532198,4.048696275304538
X56c1e861bf4a,Xc3ceef3b5506,votechoice,2020 Downballot,39,4.464451318421606,2.139498771027374,6.789403865815838
X56c1e861bf4a,Xd26666ab03eb,votechoice,2020 Downballot,39,3.2733664217401617,0.8101099939080307,5.736622849572292
X5a248af8c0f1,X2c7275cc573f,votechoice,2018,65,7.553838581763114,2.389131894668963,12.718545268857266
X5a248af8c0f1,X54de1a636144,votechoice,2018,65,2.601532682799144,-2.9623955403532403,8.165460905951528
X5a248af8c0f1,Xa0ca2f6dd0e3,votechoice,2018,65,5.299392229426173,0.1091371185614749,10.489647340290873
X5bee0c849477,X3348c18ba9a8,votechoice,2018,5,4.1983085815077965,-0.8448916759967426,9.241508839012337
X5bee0c849477,Xbd20deb05c44,votechoice,2018,5,5.901193122533209,0.18365866154639487,11.618727583520023
X5bee0c849477,Xd03be6103785,votechoice,2018,5,-0.7711702514365785,-5.118703833693455,3.5763633308202976
X5c1c1e604f1e,X5ed9f3818ef8,votechoice,2018,31,3.110277018481537,0.6014789906197389,5.619075046343335
X5c1c1e604f1e,X71ab72cb709f,votechoice,2018,31,2.0934066384261047,-0.7187998017497259,4.905613078601935
X5c1c1e604f1e,X9e6284831c63,votechoice,2018,31,3.486324515989383,1.013253981762563,5.959395050216203
X5c1c1e604f1e,Xa885ad46f671,votechoice,2018,31,3.7387496521355,1.1304740330124146,6.347025271258585
X5c1c1e604f1e,Xb827dd77b842,votechoice,2018,31,1.3507574900160615,-1.4072610074158598,4.108775987447983
X5c1c1e604f1e,Xc13bb4b63aa9,votechoice,2018,31,2.8706050781085626,-0.05355894065374844,5.794769096870874
X5c1c1e604f1e,Xc306ecc0efd8,votechoice,2018,31,5.254173899189094,2.6448189664048267,7.86352883197336
X5c1c1e604f1e,Xe419a189faf1,votechoice,2018,31,3.198209111594824,0.7846907427451644,5.611727480444483
X5f44bd39b5ef,X445b2a1eb751,votechoice,2020 Presidential,87,3.139560589007529,0.9805582847391228,5.298562893275935
X5f44bd39b5ef,X50cafea1217a,votechoice,2020 Presidential,87,0.5814708508951825,-1.5889605931458288,2.751902294936194
X5f44bd39b5ef,X56210d60a246,votechoice,2020 Presidential,87,3.2548980052881262,1.0217671477233496,5.488028862852903
X5f44bd39b5ef,X6fede5413b55,votechoice,2020 Presidential,87,3.167182266300012,0.8637782937462744,5.47058623885375
X5f44bd39b5ef,Xab8b7d7cc4c1,votechoice,2020 Presidential,87,2.378419607542163,0.12481312955046198,4.632026085533864
X5f44bd39b5ef,Xc741eae28005,votechoice,2020 Presidential,87,2.782300986440004,0.5321329601673774,5.032469012712631
X5f44bd39b5ef,Xd4e9b525c4b7,votechoice,2020 Presidential,87,1.974143909533678,-0.18291701186789733,4.131204830935253
X5f44bd39b5ef,Xd5f22d3dd952,votechoice,2020 Presidential,87,3.5705448896184304,1.342879475446802,5.798210303790059
X603bfe4656f5,X0806df042874,votechoice,2020 Presidential,18,1.353990362189399,-0.2498203576502558,2.9578010820290537
X603bfe4656f5,X2ab81a21a297,votechoice,2020 Presidential,18,0.4069518007469424,-1.1409759731602886,1.9548795746541736
X6165ecebc935,X013fa84421ad,votechoice,2020 Presidential,40,-0.5907693533956437,-2.5472846681431736,1.365745961351886
X6165ecebc935,X0ce3891c0267,votechoice,2020 Presidential,40,0.5659242145988774,-1.3693363915348429,2.5011848207325977
X6165ecebc935,X981bf9062a4b,votechoice,2020 Presidential,40,0.4531192660752105,-1.4038627872554548,2.310101319405876
X6165ecebc935,Xa62b5f3bc2cb,votechoice,2020 Presidential,40,0.17812442756264948,-1.677445206638472,2.033694061763771
X6165ecebc935,Xee25ad29c0f2,votechoice,2020 Presidential,40,0.486105768861924,-1.454421678890013,2.426633216613861
X61d643d0e3b4,X1b8df3420965,votechoice,2020 Downballot,261,2.009768544784408,-1.9865339006136291,6.006070990182446
X61d643d0e3b4,X76ec5511d134,votechoice,2020 Downballot,261,0.763343108470592,-3.5827078333261757,5.10939405026736
X61d643d0e3b4,X8f4c9a46ce25,votechoice,2020 Downballot,261,-1.2862926991290975,-5.602710483856657,3.0301250855984625
X620ceeae31bd,X549acdb08c68,votechoice,2020 Downballot,78,-4.594900587815881,-8.880765257323631,-0.3090359183081306
X620ceeae31bd,X7e98722746b1,votechoice,2020 Downballot,78,-3.7057550676116544,-8.539706841837782,1.128196706614474
X620ceeae31bd,Xca07736f9f8e,votechoice,2020 Downballot,78,-3.916960275465348,-8.08503805778176,0.2511175068510645
X6725be1de97c,X4f894ea806fb,votechoice,2018,4,4.226723525230997,-4.522922114652784,12.97636916511478
X6725be1de97c,X58b51c511ffb,votechoice,2018,4,9.035616618892304,0.7521973353218083,17.3190359024628
X67bc71554412,X0784b4db4086,votechoice,2020 Presidential,51,1.211778442464902,-0.6337049314469663,3.05726181637677
X67bc71554412,X9cd5637cae36,votechoice,2020 Presidential,51,-0.04361205567600384,-1.9012329114291144,1.8140088000771064
X67bc71554412,Xfcaece3ecc59,votechoice,2020 Presidential,51,0.5020738619115108,-1.306473872946193,2.3106215967692147
X6b8d710d7a12,X0af56b592905,votechoice,2020 Presidential,19,0.9285940542420296,-0.6130521471251432,2.4702402556092022
X6b8d710d7a12,X5a2ed35195e3,votechoice,2020 Presidential,19,1.0936169355975278,-0.420795594780623,2.608029465975678
X6b8d710d7a12,X691dd810acd3,votechoice,2020 Presidential,19,0.6722403070332412,-0.9082726803622824,2.2527532944287647
X6b8d710d7a12,Xded4dbcb84f9,votechoice,2020 Presidential,19,2.581777358772668,1.0674960691246658,4.096058648420671
X6d9559cf9fca,X1ead2481a845,votechoice,2020 Downballot,58,2.0839230155500137,-2.2394529772325744,6.407299008332602
X6d9559cf9fca,X9c96f01feca7,votechoice,2020 Downballot,58,-1.7912700989594297,-5.556376961962323,1.973836764043464
X6d9559cf9fca,X9cac434b7114,votechoice,2020 Downballot,58,4.50542814510547,0.5723353905714359,8.438520899639505
X6d9559cf9fca,Xad306905e714,votechoice,2020 Downballot,58,-1.1116588162165937,-4.797268269366379,2.573950636933192
X70744a27252a,X3d38c5f826a4,votechoice,2020 Downballot,59,-0.3236250907024088,-3.7794850254883903,3.1322348440835723
X70744a27252a,X681f97fac8bf,votechoice,2020 Downballot,59,-2.879710442155552,-6.27527479664661,0.5158539123355057
X70744a27252a,Xb5937df3e318,votechoice,2020 Downballot,59,-3.0872591197879187,-6.441944568614597,0.2674263290387593
X7572bae2e47c,X1284d1c4a4c5,votechoice,2020 Downballot,26,-0.4612421170584207,-2.6079633727220117,1.6854791386051704
X7572bae2e47c,X86ccfa05502e,votechoice,2020 Downballot,26,0.2341030134346555,-2.0032256650609574,2.471431691930268
X769f1c9a0c8c,X22ae0bfd41ee,votechoice,2020 Presidential,14,1.0006402552105806,-0.4756736144826532,2.4769541249038145
X769f1c9a0c8c,X2c03e9ea05f4,votechoice,2020 Presidential,14,2.0143490614919313,0.4803039138079459,3.5483942091759166
X769f1c9a0c8c,X40f47bab1f8d,votechoice,2020 Presidential,14,1.5002287116760789,-0.06594198183727928,3.066399405189437
X769f1c9a0c8c,X743a0ddb3853,votechoice,2020 Presidential,14,0.3380186622636254,-1.1524391577531985,1.8284764822804491
X769f1c9a0c8c,X86d7e7115acd,votechoice,2020 Presidential,14,1.548198408957102,0.01322111893678235,3.0831756989774215
X769f1c9a0c8c,Xb9ca583e4282,votechoice,2020 Presidential,14,1.5679872526971164,0.07623274464303931,3.0597417607511934
X769f1c9a0c8c,Xda6d75744ad4,votechoice,2020 Presidential,14,-0.05089796879190388,-1.4795241454957824,1.3777282079119748
X77de84900dcf,X4814db59d6a4,votechoice,2020 Presidential,123,0.2417098283637684,-1.413968761573979,1.897388418301516
X77de84900dcf,X926016828019,votechoice,2020 Presidential,123,0.46696616748624625,-1.185366178614501,2.119298513586994
X77de84900dcf,Xbae4a0107d6f,votechoice,2020 Presidential,123,1.9194796945571733,0.23050339832063949,3.608455990793707
X7b2202c3d630,X33457d76f8f5,votechoice,2020 Presidential,26,-0.08119157520839683,-2.1710299442063103,2.0086467937895165
X7b2202c3d630,X3697e5139817,votechoice,2020 Presidential,26,0.7710263719351221,-1.3708703646936655,2.91292310856391
X7b2202c3d630,X501f635381b9,votechoice,2020 Presidential,26,0.931989642372178,-1.1200246920466412,2.984003976790997
X7b2202c3d630,X7e48bf119fc3,votechoice,2020 Presidential,26,0.4060189423981351,-1.68772904537152,2.49976693016779
X7b2202c3d630,X8b7a3cd82470,votechoice,2020 Presidential,26,1.0655245412477767,-1.0733567179227523,3.204405800418306
X7f3b23100683,X89db94aeb7ee,votechoice,2020 Downballot,57,2.685362392441798,0.4245617913383781,4.946162993545219
X7f3b23100683,X8e350c345466,votechoice,2020 Downballot,57,2.627696720809753,0.3865058448680392,4.868887596751467
X7f3b23100683,Xca17169f4a82,votechoice,2020 Downballot,57,2.725662584734905,0.4194840928352157,5.031841076634595
X805dc7d17075,X11476ae1b443,votechoice,2020 Downballot,28,1.027487256675826,-2.2852127137692735,4.340187227120926
X805dc7d17075,X506958ef8953,votechoice,2020 Downballot,28,1.1762323911831083,-2.125036982464448,4.477501764830666
X805dc7d17075,Xbc78989baaaf,votechoice,2020 Downballot,28,2.8678094089755466,-0.5387195759020718,6.274338393853165
X805dc7d17075,Xc97be333ed11,votechoice,2020 Downballot,28,1.904697677779977,-1.456833224906409,5.266228580466363
X80c2e207179a,X0a01f9a9405a,votechoice,2020 Presidential,24,0.8351525583604181,-1.2041632293983664,2.874468346119203
X80c2e207179a,X313993338e1b,votechoice,2020 Presidential,24,1.0378131982780647,-0.8857321437261756,2.961358540282305
X80c2e207179a,X5daf982de1e7,votechoice,2020 Presidential,24,0.723837687992649,-1.2490900302396506,2.696765406224949
X80c2e207179a,X5f54ee9de08a,votechoice,2020 Presidential,24,2.213404757494813,0.2670143501393327,4.159795164850292
X80c2e207179a,Xae20956b659b,votechoice,2020 Presidential,24,0.25723102165680833,-1.6847191687674996,2.1991812120811165
X80c2e207179a,Xb210fbbd82cf,votechoice,2020 Presidential,24,1.0155229278052356,-0.9685119553144216,2.999557810924893
X80c2e207179a,Xb6e569bf2afb,votechoice,2020 Presidential,24,0.426016030988755,-1.5023018402310315,2.3543339022085417
X80c2e207179a,Xce131e018186,votechoice,2020 Presidential,24,-0.40553430310226457,-2.299156529325584,1.488087923121055
X80c2e207179a,Xe1d012265c89,votechoice,2020 Presidential,24,-0.8524383194453498,-2.793444481138906,1.0885678422482066
X80c2e207179a,Xf85583428bff,votechoice,2020 Presidential,24,0.7673602566241827,-1.2559929007714494,2.790713414019815
X80e36e0e4fe3,X07c3076faa59,votechoice,2020 Downballot,28,2.6825850029805816,0.34943169846383304,5.01573830749733
X80e36e0e4fe3,X72544e34ad2e,votechoice,2020 Downballot,28,1.1598927756688222,-1.2448825265425496,3.564668077880194
X818b70255128,X05a88555e44d,votechoice,2020 Downballot,20,-0.03968257698519177,-2.5946735125975664,2.515308358627183
X818b70255128,X23ad1b7ea512,votechoice,2020 Downballot,20,1.3825837683856346,-1.06352807536439,3.8286956121356592
X818b70255128,X283f7a66fa15,votechoice,2020 Downballot,20,1.272118931037464,-1.3117657258916289,3.8560035879665566
X84eebdcf94ef,X10c00f43fcc9,votechoice,2020 Presidential,67,0.62337706783549,-1.5174549262921695,2.7642090619631494
X84eebdcf94ef,X380c07eee37d,votechoice,2020 Presidential,67,1.0295763115707277,-1.1840095884680129,3.2431622116094685
X84eebdcf94ef,X8519c31186da,votechoice,2020 Presidential,67,0.16069027038763956,-1.8456785572523908,2.16705909802767
X84eebdcf94ef,X9085659022af,votechoice,2020 Presidential,67,0.9266954863191238,-1.0610527898878326,2.91444376252608
X84eebdcf94ef,X9742d1f6ede6,votechoice,2020 Presidential,67,0.16969242532270398,-1.9453760781687397,2.2847609288141477
X84eebdcf94ef,X9aaeed75ce82,votechoice,2020 Presidential,67,1.2068385300052384,-0.8534262964465709,3.2671033564570475
X84eebdcf94ef,Xee13aaefab57,votechoice,2020 Presidential,67,2.2517652335658003,0.04976066338181528,4.453769803749785
X84eebdcf94ef,Xfc2d0334353c,votechoice,2020 Presidential,67,0.7734433161867497,-1.4096695686297078,2.956556201003207
X86e782d62c2e,X774940708a69,votechoice,2020 Presidential,12,2.351924986937337,0.9781508500326987,3.725699123841975
X86e782d62c2e,X78d7d28dfca8,votechoice,2020 Presidential,12,1.7359234362079097,0.32944957093213567,3.1423973014836837
X86e782d62c2e,X7a2b14af7588,votechoice,2020 Presidential,12,0.01663309108981881,-1.3835241138867336,1.4167902960663714
X86e782d62c2e,X80bd9aeb6bf2,votechoice,2020 Presidential,12,-0.0383123908770084,-1.5049057292948915,1.4282809475408749
X86e782d62c2e,Xfff933958978,votechoice,2020 Presidential,12,0.1374696964878225,-1.302584405227822,1.577523798203467
X877266884b5c,X0792480be753,votechoice,2018,4,3.1487820934826236,-4.746431689924359,11.043995876889609
X877266884b5c,X40f8693422f1,votechoice,2018,4,5.129468347848697,-1.78247576614665,12.041412461844043
X877266884b5c,X6620dc5f838a,votechoice,2018,4,-0.381431445817741,-9.421512031653986,8.658649140018504
X877266884b5c,X7f34cb49ca61,votechoice,2018,4,-2.394744199049471,-8.88098130702134,4.091492908922399
X877266884b5c,X89e844996fe7,votechoice,2018,4,3.838132513279311,-5.317054374987553,12.993319401546174
X877266884b5c,X8dbac0ec8131,votechoice,2018,4,2.9569773855488117,-4.901163285002909,10.815118056100532
X877266884b5c,Xb9ba3bf4be34,votechoice,2018,4,-4.167346938775556,-12.782821919000703,4.44812804144959
X877266884b5c,Xbea8f0f9c3f9,votechoice,2018,4,-5.394192576359374,-13.441399848955516,2.6530146962367693
X877266884b5c,Xd03dbbc08e2b,votechoice,2018,4,-0.33508887425936795,-8.756910207014702,8.086732458495966
X877266884b5c,Xf399c0257a35,votechoice,2018,4,3.926770708283295,-2.565829474203917,10.419370890770509
X877266884b5c,Xf5365540d177,votechoice,2018,4,-1.434914506343051,-9.785413385933,6.915584373246898
X877266884b5c,Xffd47908f679,votechoice,2018,4,-0.6241036955322418,-8.802506408785227,7.554299017720744
X87f354ace18b,X30168364d407,votechoice,2020 Presidential,12,1.6600943395415142,0.2865395117742715,3.0336491673087567
X87f354ace18b,X528a88abac43,votechoice,2020 Presidential,12,1.778463640514494,0.4244648431688818,3.1324624378601063
X87f354ace18b,X752a4ed1e484,votechoice,2020 Presidential,12,1.1085885925355528,-0.2293409734593053,2.4465181585304108
X87f354ace18b,Xb311b092b553,votechoice,2020 Presidential,12,1.7410848068803442,0.3380360373704905,3.144133576390198
X87f354ace18b,Xc89217ca0d3e,votechoice,2020 Presidential,12,0.7279098221919791,-0.6357386128752021,2.09155825725916
X87f354ace18b,Xcd19a4d482f8,votechoice,2020 Presidential,12,1.5902550464897978,0.17616470927900152,3.004345383700594
X8eabc6f822c6,X06593cbad5a5,votechoice,2020 Downballot,16,2.7787423065056243,-1.079009995892465,6.636494608903714
X8eabc6f822c6,X27f447bbede1,votechoice,2020 Downballot,16,2.559134143605926,-1.1976596221460605,6.315927909357912
X8eabc6f822c6,X32c7cb986ead,votechoice,2020 Downballot,16,4.683002390961525,0.6511717530323491,8.7148330288907
X8eabc6f822c6,X52ab0cc6f74d,votechoice,2020 Downballot,16,0.5319886993225462,-3.4879312814542804,4.551908680099373
X8eabc6f822c6,Xc282b4785f05,votechoice,2020 Downballot,16,2.332065096987609,-1.567690654005002,6.23182084798022
X8eb97376c894,X486f0331a4ca,votechoice,2020 Presidential,98,0.3975159601049071,-1.176783498933054,1.9718154191428685
X8eb97376c894,X54c10f32009f,votechoice,2020 Presidential,98,1.2115936606459174,-0.37147406439179886,2.794661385683634
X8eb97376c894,Xbe0df8ed5756,votechoice,2020 Presidential,98,1.0288136179264198,-0.5462306685864828,2.603857904439322
X8eb97376c894,Xbe58df388808,votechoice,2020 Presidential,98,1.550085958106501,-0.03773173899845927,3.137903655211461
X8eb97376c894,Xf181464f2aec,votechoice,2020 Presidential,98,0.1960567067439365,-1.3833937829250151,1.775507196412888
X8f444bfb8688,X99b77f1c619b,votechoice,2020 Presidential,32,1.4485114686825826,0.03009462549754005,2.866928311867625
X8f444bfb8688,Xaac379da6a11,votechoice,2020 Presidential,32,0.5862061682391384,-0.789034136228133,1.9614464727064096
X8f444bfb8688,Xb7d445887d50,votechoice,2020 Presidential,32,0.34676151817177747,-1.1035199350329572,1.7970429713765124
X9075c5776f7b,X5f4ff5797a1b,votechoice,2020 Presidential,111,4.260111862927196,2.0809916967952855,6.439232029059106
X9075c5776f7b,X8191ddf5e600,votechoice,2020 Presidential,111,2.1157227095449396,-0.03150538989317741,4.262950808983057
X9075c5776f7b,X875a844cd1ab,votechoice,2020 Presidential,111,2.319872041740651,0.1605886140009627,4.4791554694803395
X9075c5776f7b,X913fe132ed6e,votechoice,2020 Presidential,111,1.382978463814213,-0.7726093811693355,3.538566308797762
X9075c5776f7b,X9396a51a004c,votechoice,2020 Presidential,111,0.5342857617853313,-1.6031423317316675,2.6717138553023303
X9075c5776f7b,X9726f6f68429,votechoice,2020 Presidential,111,0.8641235923387511,-1.140633460272071,2.868880644949573
X9075c5776f7b,Xb6ae81f5f30b,votechoice,2020 Presidential,111,1.1728092281638849,-0.9454102576376352,3.291028713965405
X9075c5776f7b,Xee7b62cf4819,votechoice,2020 Presidential,111,2.102664793567575,-0.12256838795874848,4.327897975093899
X95c594fe1042,X5985104a4257,votechoice,2020 Presidential,35,-0.6241374195401272,-2.314779877326976,1.0665050382467214
X95c594fe1042,X5af4ae312ad6,votechoice,2020 Presidential,35,-0.5113264383624382,-2.187017349412548,1.1643644726876716
X95c594fe1042,X8634331094dc,votechoice,2020 Presidential,35,-0.9701274830497526,-2.665345347747087,0.725090381647582
X95c594fe1042,Xfce05781421d,votechoice,2020 Presidential,35,-0.7341646476472785,-2.4251493312653505,0.9568200359707936
X96102ce6a0a6,X0fc6771d41b4,votechoice,2020 Downballot,38,0.40668402417350513,-2.366579040600774,3.179947088947785
X96102ce6a0a6,X5f5b8db03dd0,votechoice,2020 Downballot,38,3.680266860873496,1.0159639247083878,6.344569797038604
X96102ce6a0a6,X679bb29dbfa3,votechoice,2020 Downballot,38,1.0014201362826969,-1.750946358437788,3.753786631003182
X96102ce6a0a6,X936f3076a81b,votechoice,2020 Downballot,38,-0.4052582256726982,-3.163329558096017,2.3528131067506206
X96ee7ca4f42d,X467ecb637319,votechoice,2020 Downballot,38,2.9425734218451116,0.8321571027261605,5.052989740964063
X96ee7ca4f42d,X97cb6308b7a1,votechoice,2020 Downballot,38,0.8586954673883115,-1.2261908173652365,2.9435817521418595
X96ee7ca4f42d,Xb8b5c2796277,votechoice,2020 Downballot,38,4.0443842264250165,1.956093420823504,6.132675032026529
X96ee7ca4f42d,Xc87cfdef40f6,votechoice,2020 Downballot,38,1.063228644992844,-1.0480261052549311,3.1744833952406193
X99a1e984b493,X75e3507ff6ec,votechoice,2020 Downballot,69,0.5897458705389514,-2.9562621771926,4.1357539182705025
X99a1e984b493,X999b156440bb,votechoice,2020 Downballot,69,-1.2567308137995474,-4.6227269931708275,2.1092653655717326
X99a1e984b493,Xa88e7a2ccc4e,votechoice,2020 Downballot,69,-0.5589325768933444,-4.135671596234142,3.017806442447453
X9ed122541d0f,X170f595a60b2,votechoice,2020 Presidential,160,0.3608576898384093,-0.993411184282549,1.7151265639593676
X9ed122541d0f,X1dd33686e42a,votechoice,2020 Presidential,160,0.8480219732986023,-0.4960148203032557,2.1920587669004603
X9ed122541d0f,X4a63b01ae969,votechoice,2020 Presidential,160,1.2166125271999324,-0.1287770510958186,2.5620021054956834
X9ed122541d0f,X4b67189d8063,votechoice,2020 Presidential,160,1.6001201065778257,0.2610174464445789,2.9392227667110724
X9ed122541d0f,X71642066d275,votechoice,2020 Presidential,160,2.06621301253021,0.7006842745970698,3.4317417504633503
X9ed122541d0f,X9d4b3822351c,votechoice,2020 Presidential,160,2.6217479225598246,1.2727200351631922,3.970775809956457
X9ed122541d0f,Xe28594a051d8,votechoice,2020 Presidential,160,1.3939343412378655,0.07661052337081853,2.7112581591049123
Xa0f9bbb62446,X9da419c379b8,votechoice,2020 Presidential,40,-0.8775281925150178,-2.7551034686491196,1.0000470836190842
Xa5e00cbed344,X0a52aa68daa8,votechoice,2020 Presidential,13,1.7356526451704222,-0.1555371307717759,3.62684242111262
Xa5e00cbed344,X1cfe8d40fe82,votechoice,2020 Presidential,13,1.5298768763835655,-0.2957873882200186,3.35554114098715
Xa5e00cbed344,X480692015363,votechoice,2020 Presidential,13,0.15381930057909857,-1.645848570730376,1.9534871718885731
Xa5e00cbed344,X4e44098fa73b,votechoice,2020 Presidential,13,-0.32638661863418006,-2.1489198247114603,1.4961465874431004
Xa5e00cbed344,X911e33cf2f7f,votechoice,2020 Presidential,13,-0.05733732311447643,-1.8594684348031736,1.7447937885742208
Xa5e00cbed344,Xeab1279362c5,votechoice,2020 Presidential,13,0.36016918456625785,-1.412304303915776,2.1326426730482915
Xa8754cc70176,X088ec8f8ef46,votechoice,2020 Downballot,66,1.6702515784868577,-2.494580559823442,5.835083716797158
Xa8754cc70176,X364e86e199b8,votechoice,2020 Downballot,66,4.469838612454074,0.5892614839268662,8.350415740981283
Xa8754cc70176,X7b330d2d1cd1,votechoice,2020 Downballot,66,2.5805793086438684,-1.502882079423594,6.66404069671133
Xa8754cc70176,Xa90973e5a7b0,votechoice,2020 Downballot,66,4.251048446973597,0.11572489211913783,8.386372001828056
Xa8754cc70176,Xc8e2e6058bd2,votechoice,2020 Downballot,66,4.877450605284394,0.5980452778236209,9.156855932745168
Xa91760aedac7,X035d65a0d3c0,votechoice,2020 Presidential,94,2.4327728802306203,0.8905592062972838,3.974986554163957
Xa91760aedac7,X3ea83074e094,votechoice,2020 Presidential,94,2.1102164800258363,0.5679054951298241,3.6525274649218487
Xa91760aedac7,X75a3d9926aa1,votechoice,2020 Presidential,94,1.2217636320945495,-0.32593133359454596,2.7694585977836454
Xa91760aedac7,Xd519e80503db,votechoice,2020 Presidential,94,1.390847260327442,-0.16199008191362285,2.943684602568507
Xa91760aedac7,Xd83ed930be06,votechoice,2020 Presidential,94,0.829465219168675,-0.6339539695396396,2.2928844078769894
Xa9854ba59c90,X0fdd06064450,votechoice,2020 Downballot,243,3.071265032503638,0.7075143870721918,5.435015677935084
Xa9854ba59c90,X2c6fc148a7de,votechoice,2020 Downballot,243,2.993926481560768,0.5631585077394017,5.424694455382134
Xa9854ba59c90,Xa585a1fa8349,votechoice,2020 Downballot,243,3.0254880467717697,0.6072427829714249,5.443733310572115
Xa9854ba59c90,Xcc739cb84b18,votechoice,2020 Downballot,243,1.2772144548663795,-1.141786317504686,3.6962152272374458
Xa9854ba59c90,Xf82503133451,votechoice,2020 Downballot,243,1.8286720660648772,-0.5884322730672786,4.245776405197033
Xac69a3a198f7,X31e33b698336,votechoice,2020 Presidential,39,-0.5176223442576712,-2.80282695066792,1.767582262152578
Xac749d823e04,X08d9b37b9e71,votechoice,2020 Downballot,45,1.0172763394412896,-3.978441133334074,6.012993812216653
Xac749d823e04,X84c4256909bf,votechoice,2020 Downballot,45,-0.7563668644799704,-5.76895588032071,4.256222151360769
Xac749d823e04,X9d6fc674783a,votechoice,2020 Downballot,45,2.8538905487069464,-1.7758787830889933,7.483659880502886
Xb08b17d9cc64,X457cbf90bb18,votechoice,2020 Presidential,159,0.1386990314392847,-1.288907005923519,1.5663050688020883
Xb08b17d9cc64,X5333f114d9dc,votechoice,2020 Presidential,159,-0.58406155791422,-2.0013928946129975,0.8332697787845574
Xb08b17d9cc64,Xb3e4e5f09a53,votechoice,2020 Presidential,159,0.9115788315604652,-0.5317267483512266,2.354884411472157
Xb12c1f8ccf08,X11c7812aac08,votechoice,2020 Presidential,20,1.5396924446362,0.0567546069964906,3.0226302822759092
Xb12c1f8ccf08,X5ecc5f04a9b0,votechoice,2020 Presidential,20,1.9474905595905203,0.4897050226522019,3.405276096528839
Xb12c1f8ccf08,Xe7be26615140,votechoice,2020 Presidential,20,1.1894121724437787,-0.29771756971797747,2.6765419146055347
Xb207ac778630,X96c3bc8ee2f1,votechoice,2020 Downballot,46,-0.098566704535375,-3.940324061634333,3.7431906525635834
Xb207ac778630,X98a717683e89,votechoice,2020 Downballot,46,-1.4362288710886055,-5.407494185589245,2.5350364434120336
Xb207ac778630,X999298aa7548,votechoice,2020 Downballot,46,-2.156081019383879,-5.875752708619184,1.5635906698514264
Xb207ac778630,Xe2cfeedc4972,votechoice,2020 Downballot,46,0.3185647325455578,-4.129577902897433,4.766707367988548
Xb218652f3e19,X9bec462f54d1,votechoice,2018,7,-4.138886053553836,-9.870373086500914,1.5926009793932412
Xb218652f3e19,X9fbff889a3fd,votechoice,2018,7,-8.46188632704104,-14.010969961970844,-2.912802692111236
Xb218652f3e19,Xc9cda8855da1,votechoice,2018,7,0.7035723842654573,-4.835987883727375,6.243132652258289
Xb4a2ade86f66,Xdc0f3f8c3e95,votechoice,2020 Downballot,29,-0.8899481416118066,-6.983096570157632,5.2032002869340195
Xb87a6fcc9dd0,X1116b33e488a,votechoice,2020 Downballot,30,2.824044671084119,-0.7267709465528531,6.3748602887210915
Xb87a6fcc9dd0,X5360e79015d5,votechoice,2020 Downballot,30,1.7111169036554323,-1.6863426058953612,5.108576413206226
Xbb1e5503bebf,X1907d4878fa1,votechoice,2018,13,5.7944481758653925,2.995385026331885,8.5935113253989
Xbb1e5503bebf,X1d69bfa7eae5,votechoice,2018,13,5.195605671802851,2.185613752655487,8.205597590950216
Xbb1e5503bebf,X530c4809e59e,votechoice,2018,13,3.0532911225431016,0.5995268334736026,5.507055411612601
Xbb1e5503bebf,X62278782cb2c,votechoice,2018,13,2.613747819841984,-0.6693660152396066,5.896861654923574
Xbb1e5503bebf,X65db249dc181,votechoice,2018,13,3.313596328435321,0.03309234941183892,6.594100307458803
Xbb1e5503bebf,X71bfef5b89a1,votechoice,2018,13,1.4679505255413905,-1.2812430974851,4.217144148567881
Xbb1e5503bebf,X8d899ab0d21d,votechoice,2018,13,0.958522952117094,-1.6964942750317653,3.613540179265953
Xbb1e5503bebf,X8f83d39594a0,votechoice,2018,13,0.6770175984962831,-2.152720938979302,3.5067561359718677
Xbb1e5503bebf,X954a2d2cbc41,votechoice,2018,13,2.216234978533481,-0.6121533935059635,5.044623350572925
Xbb1e5503bebf,Xa083475cfa82,votechoice,2018,13,0.5817583082064129,-2.8856922253168205,4.049208841729646
Xbb1e5503bebf,Xf6cbe186c08c,votechoice,2018,13,-0.40286405830844785,-3.754951517176374,2.949223400559478
Xbce30ccbb53c,X47c7077f1e80,votechoice,2020 Downballot,75,-0.7070327287256338,-5.398981729433655,3.9849162719823874
Xbce30ccbb53c,X521443531749,votechoice,2020 Downballot,75,-0.5838629795163243,-4.814686467107837,3.646960508075189
Xbce30ccbb53c,Xdce9e12f869d,votechoice,2020 Downballot,75,-0.7576893730734869,-5.446181863573163,3.9308031174261897
Xbd63ac3c6221,X8f11d2948938,votechoice,2020 Downballot,45,1.6180292849491635,-0.7038320677236551,3.939890637621982
Xbd63ac3c6221,Xdfec50dac825,votechoice,2020 Downballot,45,1.3485145087073471,-0.992318033417532,3.689347050832226
Xbd63ac3c6221,Xff8a2778660c,votechoice,2020 Downballot,45,0.8963077328444131,-1.469555504105376,3.2621709697942025
Xbebc5dbae712,X2878ca8a098a,votechoice,2020 Presidential,167,1.514575549102311,-0.5718738357395101,3.601024933944132
Xbebc5dbae712,X699be842d1b7,votechoice,2020 Presidential,167,2.628278555094613,0.4647241191612519,4.791832991027974
Xbebc5dbae712,X81f26d054bc9,votechoice,2020 Presidential,167,4.338333988613173,2.246590171713851,6.430077805512495
Xbebc5dbae712,X911c90b4cb4c,votechoice,2020 Presidential,167,2.8811174284702363,0.762790095575447,4.999444761365026
Xbebc5dbae712,X94fcd2641219,votechoice,2020 Presidential,167,2.7364768395637777,0.6755035433184489,4.797450135809107
Xbebc5dbae712,X99d95b6adacf,votechoice,2020 Presidential,167,2.979971427188942,0.8060563895426034,5.1538864648352805
Xbf62992cbc10,X523eafcf88ec,votechoice,2020 Downballot,93,-2.4362392270310185,-7.15419429101142,2.281715836949383
Xbf62992cbc10,X7a46bd8420bd,votechoice,2020 Downballot,93,-0.21012022818469991,-4.942387916923377,4.522147460553977
Xbf86b7c37550,X3707855cf259,votechoice,2018,27,4.353974738421719,-0.5327942964412316,9.24074377328467
Xbf86b7c37550,X3c061dc71d31,votechoice,2018,27,1.9969369522674885,-3.303851047725276,7.297724952260253
Xbf86b7c37550,X8f794bd8e51a,votechoice,2018,27,3.291217173368183,-2.3039109431496754,8.8863452898860409
Xbf86b7c37550,Xa108e60c1571,votechoice,2018,27,2.5264238340877654,-2.8314217314085015,7.884269399584032
Xbf86b7c37550,Xc419878d09bd,votechoice,2018,27,-1.907172636773616,-7.181435608474415,3.367090334927183
Xc03c2d306034,X8c0f0edc72e8,votechoice,2018,13,7.968845077278805,0.822906620689559,15.11478353386805
Xc03c2d306034,Xf2a4d9f42481,votechoice,2018,13,7.071255318302906,0.1808147345309843,13.961695902074826
Xc207f6749db7,X1b62a3789fb1,votechoice,2020 Downballot,271,1.7317018803954822,-0.6212682263757252,4.08467198716669
Xc207f6749db7,X66c660a7387f,votechoice,2020 Downballot,271,0.44871192177432007,-1.8542890562417924,2.7517128997904328
Xc207f6749db7,X89267c4c7d9f,votechoice,2020 Downballot,271,1.7775181801234292,-0.5821664064562353,4.137202766703094
Xc24349f28ce7,X0337b0cbdde6,votechoice,2020 Downballot,10,3.121591620604674,-0.16751223989601316,6.4106954811053605
Xc24349f28ce7,X27aae5846370,votechoice,2020 Downballot,10,0.20644877827565164,-2.948599142290838,3.361496698842141
Xc24349f28ce7,X33830bb4fb89,votechoice,2020 Downballot,10,4.568548008873205,1.130864473501631,8.006231544244779
Xc24349f28ce7,X879584cc448a,votechoice,2020 Downballot,10,-0.06908274428940485,-3.576180646636434,3.438015158057625
Xc359093d039f,X9ac2a86b0351,votechoice,2020 Presidential,19,0.5428823210417411,-1.249176112681577,2.334940754765059
Xc359093d039f,Xb4cb09884b39,votechoice,2020 Presidential,19,2.026361335456178,0.3637063365787736,3.6890163343335822
Xc359093d039f,Xdfe62c3d73f0,votechoice,2020 Presidential,19,0.8880097937806879,-0.9089401605069912,2.6849597480683673
Xc359093d039f,Xe2925ecc0925,votechoice,2020 Presidential,19,0.644417621384125,-1.061172193790414,2.3500074365586636
Xc6520141bbcf,X627858950ade,votechoice,2020 Downballot,34,2.959078134008214,-0.16487798879244853,6.083034256808877
Xc6520141bbcf,X62bafd1c11ff,votechoice,2020 Downballot,34,0.2850342200677255,-2.9071494317378788,3.4772178718733295
Xc6520141bbcf,X6e3b28f166fb,votechoice,2020 Downballot,34,1.6717071794031764,-1.480551558889332,4.823965917695684
Xc6520141bbcf,X6f95bcd70269,votechoice,2020 Downballot,34,0.20329592798748536,-2.9548463094545627,3.3614381654295333
Xc6520141bbcf,X7a4f92a469f9,votechoice,2020 Downballot,34,1.4767728699137286,-1.792870847113515,4.746416586940972
Xc6520141bbcf,X87cba160d52d,votechoice,2020 Downballot,34,0.943083815056864,-2.2835610020388,4.169728632152528
Xc6520141bbcf,Xd498ac11cc22,votechoice,2020 Downballot,34,3.0580419627838697,-0.3329583888664094,6.449042314434148
Xc6520141bbcf,Xfb620098f7a4,votechoice,2020 Downballot,34,0.4203026641813036,-2.9154196366211025,3.75602496498371
Xc6c602d094ef,X37bac17ff224,votechoice,2020 Presidential,104,-0.539429845901124,-2.115900364786561,1.0370406729843131
Xc6c602d094ef,X82bd1ec58c71,votechoice,2020 Presidential,104,0.5360137868099675,-1.0344309623748915,2.1064585359948262
Xc6c602d094ef,Xb0fe3e8d7431,votechoice,2020 Presidential,104,0.989385858275901,-0.5665749463323324,2.5453466628841346
Xc6c602d094ef,Xca31ca0c091f,votechoice,2020 Presidential,104,0.46526538374604226,-1.1020384352936063,2.032569202785691
Xc743e344bff5,X8081e513da88,votechoice,2018,20,1.1704817079399017,-2.150057913197852,4.491021329077655
Xc743e344bff5,X87e3a136e698,votechoice,2018,20,-1.3548153074179703,-4.478766953029318,1.7691363381933765
Xc743e344bff5,X8ea470ea2a65,votechoice,2018,20,2.060376011828252,-0.7925392921748653,4.913291315831369
Xc743e344bff5,Xa0d96ac0e739,votechoice,2018,20,1.7421067458607025,-2.2420879468175894,5.726301438538995
Xc743e344bff5,Xab7145ad8eaf,votechoice,2018,20,0.6900026197529265,-2.004434944325048,3.3844401838309013
Xc743e344bff5,Xb88cebb0b484,votechoice,2018,20,3.431868596912977,0.6612718823135482,6.202465311512405
Xc743e344bff5,Xbc3a64862434,votechoice,2018,20,5.828009041833976,3.15679525511544,8.499222828552512
Xc743e344bff5,Xcafb183f79b2,votechoice,2018,20,0.311851359248728,-2.5264319058290408,3.1501346243264967
Xc743e344bff5,Xd14e130667e4,votechoice,2018,20,3.433008535812293,0.3599669458192647,6.506050125805321
Xc743e344bff5,Xf990d59b1a68,votechoice,2018,20,2.796119304653911,-0.4653328904950791,6.057571499802901
Xc9457b7f8039,X1a27b55e9d0c,votechoice,2020 Presidential,18,-0.471960092742751,-1.911447737210093,0.9675275517245914
Xc9457b7f8039,X36ab62e2ad51,votechoice,2020 Presidential,18,-1.0119954360056702,-2.4576923704170532,0.4337014984057128
Xc9457b7f8039,X4038803eb3ed,votechoice,2020 Presidential,18,-0.02609123196432734,-1.4515244925772577,1.399342028648603
Xc9457b7f8039,X606288003a83,votechoice,2020 Presidential,18,0.8132382059537535,-0.6578572090574064,2.2843336209649134
Xc9457b7f8039,Xa24c8db48110,votechoice,2020 Presidential,18,0.7253164139398866,-0.6945566377280247,2.145189465607798
Xcac4fba0eb39,X1819a1ba8482,votechoice,2020 Presidential,125,1.9849229502175247,-0.13047954348917434,4.100325443924223
Xcac4fba0eb39,X290de1e962c3,votechoice,2020 Presidential,125,-0.6467730491606171,-2.741112692253411,1.447566593932177
Xcac4fba0eb39,X393e4c84f6cb,votechoice,2020 Presidential,125,0.7332541357970433,-1.356969168359378,2.823477439953465
Xcac4fba0eb39,X3aa38570275c,votechoice,2020 Presidential,125,-0.332787706938538,-2.369432896580889,1.7038574827038129
Xcac4fba0eb39,X6bad9006e467,votechoice,2020 Presidential,125,2.141380362464793,0.10738861760299834,4.175372107326588
Xcac4fba0eb39,Xa2ce4225d467,votechoice,2020 Presidential,125,1.5314974130684265,-0.5812696401853006,3.6442644663221535
Xcac4fba0eb39,Xad092a4e69e7,votechoice,2020 Presidential,125,3.69767687747112,1.5799518126662653,5.815401942275975
Xcac4fba0eb39,Xbb8932193a91,votechoice,2020 Presidential,125,2.9824417957167073,0.7030234539822202,5.261860137451194
Xcb23f4570599,X59e893cba7cf,votechoice,2020 Presidential,28,0.9642131668667414,-0.9052237378342712,2.833650071567754
Xcb23f4570599,Xb9932c0b51c8,votechoice,2020 Presidential,28,0.26703649112527905,-1.595388521133351,2.1294615033839093
Xcb23f4570599,Xf15e95a9ae66,votechoice,2020 Presidential,28,-0.03133181222772074,-1.844094258785533,1.7814306343300914
Xcbca87b096bc,X889201caef2f,votechoice,2018,31,8.564213564213576,-0.2891678026022433,17.417594931029395
Xcbca87b096bc,Xdf7d7e32301b,votechoice,2018,31,4.815511591212525,-4.5381601604150905,14.16918334284014
Xcbca87b096bc,Xf2ff768695d6,votechoice,2018,31,4.628595703362046,-4.454913168950294,13.712104575674385
Xcd1c7907cdb8,X7717c01fc34b,votechoice,2018,5,3.3433583959899735,-3.337930855236448,10.024647647216394
Xcd1c7907cdb8,X79fbd39b6550,votechoice,2018,5,-2.0799220272904457,-8.842390210605412,4.68254615602452
Xcde61df57a05,X0248f5c80d91,votechoice,2020 Downballot,31,0.40916398591574726,-5.003238945452152,5.821566917283647
Xcde61df57a05,Xa7d3d550a572,votechoice,2020 Downballot,31,2.559707502496614,-2.516927753233769,7.636342758226997
Xcde61df57a05,Xd36f3fbec8a9,votechoice,2020 Downballot,31,-1.558688119068489,-6.883661227147067,3.76628498901009
Xd0500f1294c1,X12324c1961f3,votechoice,2018,3,0.10742018981881946,-5.826070776131279,6.040911155768918
Xd0500f1294c1,X3700314fa778,votechoice,2018,3,-2.7698999565028286,-8.694038960686793,3.154239047681137
Xd0500f1294c1,Xa0cad43ab204,votechoice,2018,3,-5.648975996476547,-11.555651206544738,0.2576992135916445
Xd0500f1294c1,Xe9dac1669d26,votechoice,2018,3,-2.787262273330384,-9.269618816670771,3.695094270010003
Xd3b7ef629833,X0d5f6cad79ad,votechoice,2020 Presidential,48,0.9114532215225238,-1.054154242480521,2.877060685525569
Xd3b7ef629833,X15d7fef9d571,votechoice,2020 Presidential,48,0.34305050563232886,-1.6224904795196156,2.308591490784273
Xd3b7ef629833,X2ad3324feb79,votechoice,2020 Presidential,48,1.311756498508818,-0.6072316850198733,3.230744682037509
Xd3b7ef629833,X76441c87f253,votechoice,2020 Presidential,48,-0.3015213110144206,-2.2549652028843026,1.6519225808554614
Xd3b7ef629833,X7c043cc15a5d,votechoice,2020 Presidential,48,1.9590294822789496,0.01472583847260278,3.903333126085296
Xd3b7ef629833,X7c72bc6a26f6,votechoice,2020 Presidential,48,1.8708160709849997,-0.02818068509817739,3.769812827068177
Xd3b7ef629833,X81a217002839,votechoice,2020 Presidential,48,0.9546762046550128,-0.9801298546169198,2.8894822639269457
Xd3b7ef629833,X8e1fbe0af8a1,votechoice,2020 Presidential,48,2.3129842782987233,0.2960250780177569,4.32994347857969
Xd4b78e57e862,X17f82af5a71f,votechoice,2020 Downballot,20,2.3011421572979396,-0.2437621778676875,4.846046492463566
Xd4b78e57e862,X540aed828d4b,votechoice,2020 Downballot,20,-0.552061584708658,-2.9122604263812932,1.808137256963977
Xd4b78e57e862,X5f1a9e8583dd,votechoice,2020 Downballot,20,1.0305670230873338,-1.407431121582745,3.4685651677574127
Xd503139dae5a,Xcda5e7619a80,votechoice,2018,15,-1.7341621904359596,-8.21136965467096,4.743045273799041
Xd503139dae5a,Xeee34d4c1884,votechoice,2018,15,-0.08494458377154639,-6.68965038147432,6.519761213931226
Xd54a3e61a37c,X0ce075837de4,votechoice,2020 Downballot,99,-2.0679864661237692,-6.435067942173108,2.299095009925569
Xd54a3e61a37c,X64a1712a1e8c,votechoice,2020 Downballot,99,-0.8411637053052978,-5.094841333948694,3.412513923338099
Xd54a3e61a37c,X9239ef22e0c0,votechoice,2020 Downballot,99,1.6292297224929215,-2.8392554310246596,6.097714876010503
Xd54a3e61a37c,Xd547b2c2c45f,votechoice,2020 Downballot,99,-2.7088328620811266,-6.9813979089154605,1.5637321847532073
Xd5f0eea45635,X3a450d21d7f3,votechoice,2020 Downballot,39,4.733745029789196,0.18296414952975049,9.28452591004864
Xd5f0eea45635,X3a53ea3f455c,votechoice,2020 Downballot,39,4.607444442108655,0.19875895281553912,9.016129931401773
Xd5f0eea45635,X66192ad9c068,votechoice,2020 Downballot,39,-0.6087090137317056,-5.2747757812255545,4.057357753762143
Xd76747117c7f,X17f3201afbd3,votechoice,2020 Downballot,79,-0.28065811300395704,-3.397484122344694,2.8361678963367796
Xd76747117c7f,X56d11c9e9e55,votechoice,2020 Downballot,79,-0.34984667159685345,-2.9640715196673844,2.2643781764736772
Xd76747117c7f,Xa27d939b685d,votechoice,2020 Downballot,79,2.0925386540253568,-0.741607088924733,4.926684396975446
Xd76747117c7f,Xde297963ca58,votechoice,2020 Downballot,79,0.096050833060009555,-2.7127548848759573,2.904856550995976
Xd7ffbf77d995,X534de6dcbdc7,votechoice,2020 Downballot,29,-4.8289969082499375,-11.246343149201032,1.5883493327011555
Xd7ffbf77d995,X889ab3500e1a,votechoice,2020 Downballot,29,-0.4510362144769381,-7.468906517970489,6.566834089016614
Xd7ffbf77d995,Xa32032a21e39,votechoice,2020 Downballot,29,0.8731408202895433,-5.73763749029092,7.483919130870007
Xd7ffbf77d995,Xf0124ce50c86,votechoice,2020 Downballot,29,-6.61612130742472,-13.58431098960818,0.3520683747587414
Xd7ffbf77d995,Xf61da01f8659,votechoice,2020 Downballot,29,-6.730104263650703,-13.211372832005544,-0.24883569529586147
Xd9ad8abc5d35,X2caaa3a79113,votechoice,2020 Presidential,44,0.906175956515117,-1.026337359152933,2.8386892721831667
Xd9ad8abc5d35,X3969ce561820,votechoice,2020 Presidential,44,1.3776085591351908,-0.5280223439568861,3.2832394622272676
Xd9ad8abc5d35,X48299613c0d6,votechoice,2020 Presidential,44,1.95890932013708,0.0600694084915121,3.857749231782648
Xd9ad8abc5d35,X65c07e519d13,votechoice,2020 Presidential,44,0.8292596308431877,-1.1197639410547036,2.778283202741079
Xd9ad8abc5d35,X6ec41fcfd385,votechoice,2020 Presidential,44,1.3052869950800083,-0.6172378310879751,3.227811821247992
Xd9ad8abc5d35,X97ef692be3d0,votechoice,2020 Presidential,44,1.2883056256374668,-0.6972844738378841,3.2738957251128173
Xd9ad8abc5d35,Xb320d695e9e7,votechoice,2020 Presidential,44,0.18428004371120393,-1.7667020885540383,2.1352621759764463
Xd9ad8abc5d35,Xb8311484394b,votechoice,2020 Presidential,44,2.030714596182511,0.06044886251913461,4.000980329845888
Xda509e35d532,X787d07286492,votechoice,2020 Presidential,27,1.7767092616698137,0.04273327184091657,3.5106852514987104
Xda509e35d532,X8ff23e512168,votechoice,2020 Presidential,27,1.486121784381472,-0.28034952380362754,3.2525930925665714
Xda509e35d532,Xe05f0611c3f7,votechoice,2020 Presidential,27,1.215791225117769,-0.4964715849941703,2.9280540352297084
Xdc7b0fd9df64,X6b36713172be,votechoice,2020 Downballot,54,1.5759870080841578,-1.3597580445909832,4.511732060759298
Xdc7b0fd9df64,X92cacf23e580,votechoice,2020 Downballot,54,-0.6430736767408947,-3.6637496823179103,2.3776023288361214
Xde82367108c3,X58deb96e73d6,votechoice,2020 Presidential,84,0.4109484321019855,-1.1871323461660594,2.0090292103700307
Xde82367108c3,Xb942ab23dccc,votechoice,2020 Presidential,84,2.2789545756152623,0.6309459944560947,3.9269631567744296
Xde82367108c3,Xebe603eb4b8e,votechoice,2020 Presidential,84,2.81780136400788,1.082720165943643,4.552882562072117
Xe486b803c7c4,X0491a46866ad,votechoice,2020 Presidential,44,0.4716040443461946,-1.9837261845377443,2.9269342732301333
Xe486b803c7c4,X29336dd046f1,votechoice,2020 Presidential,44,-1.2031116147209149,-3.604185960531531,1.1979627310897014
Xe486b803c7c4,X3a48315970ea,votechoice,2020 Presidential,44,0.16062601255477846,-2.139405498654065,2.4606575237636217
Xe486b803c7c4,Xd8d3ce07f0ee,votechoice,2020 Presidential,44,0.5303959206148973,-1.7605474543343584,2.8213392955641527
Xe4ab4974f4be,X159322ca5c8a,votechoice,2020 Presidential,250,0.8648865809294418,-0.9053635116721906,2.635136673531074
Xe4ab4974f4be,X1f20a415e6ab,votechoice,2020 Presidential,250,1.28736109357312,-0.5582541067731088,3.1329762939193486
Xe4ab4974f4be,X2fdd7222ee6a,votechoice,2020 Presidential,250,-0.6426811893828902,-2.346675185440891,1.0613128066751103
Xe4ab4974f4be,X5216468e4e57,votechoice,2020 Presidential,250,1.8598225635521115,0.0726171964718394,3.647027930632384
Xe4ab4974f4be,X5aa177331f1e,votechoice,2020 Presidential,250,2.054866351515374,0.2790914790220618,3.830641224008686
Xe4ab4974f4be,X80314c4dd79d,votechoice,2020 Presidential,250,-0.976842288588432,-2.9290870877679636,0.9754025105910992
Xe4ab4974f4be,Xf8da822347e5,votechoice,2020 Presidential,250,-0.1252873938594588,-1.8830679166675657,1.6324931289486482
Xe5fca9167903,X1d9f7515e05e,votechoice,2020 Presidential,264,1.4844731182940774,-0.18306871279794024,3.152014949386095
Xe5fca9167903,X41dc9d9a1732,votechoice,2020 Presidential,264,-0.1361336082523142,-1.6811506948552994,1.4088834783506712
Xe5fca9167903,X6485e3969d76,votechoice,2020 Presidential,264,1.672927780060091,0.07652091600735855,3.2693346441128233
Xe5fca9167903,X97b62265efa3,votechoice,2020 Presidential,264,2.080069390345298,0.4124954829800924,3.7476432977105034
Xe5fca9167903,X9c485d0a3260,votechoice,2020 Presidential,264,0.15531474810437157,-1.3860124962314275,1.6966419924401708
Xe5fca9167903,Xa57d78336b9a,votechoice,2020 Presidential,264,1.9738017638962209,0.3646044162333666,3.582999111559075
Xe5fca9167903,Xa586a1d3b143,votechoice,2020 Presidential,264,0.49944217319164685,-1.010290632883073,2.009174979266367
Xe5fca9167903,Xfe8a26638f23,votechoice,2020 Presidential,264,1.1793589112161855,-0.4249789879421726,2.7836968103745434
Xe7db07728484,X48c85b5b9185,votechoice,2020 Downballot,27,1.3251551205057903,-1.933376461534213,4.583686702545794
Xe7db07728484,X7270771e2d61,votechoice,2020 Downballot,27,0.8323648745334589,-2.8373713521073443,4.502101101174262
Xe7db07728484,Xab57bc863f6a,votechoice,2020 Downballot,27,-1.0534277786600288,-4.367634932340574,2.260779375020517
Xe7db07728484,Xf5df7930b5ee,votechoice,2020 Downballot,27,0.8037367425990034,-2.50675723465886,4.114230719856867
Xe8542bf44750,X324453b8b6c9,votechoice,2020 Presidential,184,1.0650338627076354,0.046184554966469,2.083883170448802
Xe8542bf44750,X733c20994155,votechoice,2020 Presidential,184,0.6883851288514378,-0.3120051107867554,1.688775368489631
Xe9ef1f1fb8ef,X1201e3e3f7a2,votechoice,2020 Downballot,26,3.1373380038947047,-1.8663485820324712,8.141024589821882
Xe9ef1f1fb8ef,X9c66eb8058e2,votechoice,2020 Downballot,26,0.681786249060358,-4.618534187626345,5.982106685747061
Xf0130cfec75e,Xbd20deb05c44,votechoice,2018,5,-5.790838157563579,-12.028932854727874,0.4472565396007164
Xf0130cfec75e,Xe19ab7283c95,votechoice,2018,5,3.4619947899203027,-2.4597510571159886,9.383740636956594
Xf0130cfec75e,Xfa8f34d9f4de,votechoice,2018,5,2.464003599639991,-2.606458195403367,7.534465394683349
Xf337919542ab,X26f0598343f4,votechoice,2018,16,-3.073643250403593,-7.475394619978106,1.32810811917092
Xf337919542ab,X91cdbf7fc9bd,votechoice,2018,16,4.334831493573047,0.16677438488018925,8.502888602265905
Xf337919542ab,Xf4ea690c269d,votechoice,2018,16,0.26417570919419464,-3.8595704884771544,4.387921906865544
Xf76ffe03051e,X228d7f5b9b43,votechoice,2020 Downballot,48,-1.5382563105944926,-3.981295148508048,0.9047825273190628
Xf76ffe03051e,X248d0ff11784,votechoice,2020 Downballot,48,-0.18222519427811973,-2.595819676783025,2.2313692882267855
Xf76ffe03051e,X3feccf666710,votechoice,2020 Downballot,48,0.7668793121901267,-1.6630493785230402,3.1968080029032935
Xf76ffe03051e,Xacd2330d8473,votechoice,2020 Downballot,48,1.4328166943617595,-0.9375034479902216,3.8031368367137417
Xfb6f85b84f14,X00219b8ba6a6,votechoice,2020 Downballot,52,4.045714021957076,0.09763345116155042,7.993794592752602
Xfb6f85b84f14,X0686cc444463,votechoice,2020 Downballot,52,2.109529250059496,-1.9444398088466075,6.1634983089655995
Xfb6f85b84f14,X2f9894c42f5e,votechoice,2020 Downballot,52,-0.29362328559136297,-4.048328456805639,3.4610818856229137
Xfb6f85b84f14,Xc41f17216508,votechoice,2020 Downballot,52,1.2671668443458912,-2.490130841524877,5.024464530216659
Xfe8b4566d11e,X08660b8619f7,votechoice,2020 Presidential,14,0.6912488626016715,-0.8755519852836895,2.2580497104870325
Xfe8b4566d11e,X328ab23bd8d8,votechoice,2020 Presidential,14,-0.5203883457809956,-2.080607393396078,1.0398307018340869
Xfe8b4566d11e,X7d527e41b4e6,votechoice,2020 Presidential,14,0.7793391899558277,-0.7801393256056768,2.3388177055173323
Xfe8b4566d11e,X8bc23b11330c,votechoice,2020 Presidential,14,0.9847396060901104,-0.5863948953665841,2.555874107546805
Xfe8b4566d11e,Xc5c45c385810,votechoice,2020 Presidential,14,0.3822422982689047,-1.1666801462617231,1.9311647427995329
Xfe8b4566d11e,Xcfd91d215f7e,votechoice,2020 Presidential,14,-0.9840853611492332,-2.49492268347754,0.5267519611790732
