metareg_group,metareg_name,specification,outcome,outcome_name,term,term_name,tested,estimate,std.error,contrast,statistic,significant
new,Issue: BLM/Race,standard,favorability,Favorability,intercept,Intercept,FALSE,-0.7676060966898213,0.2378769237345489,2020P-2020D,-3.2269044203144586,TRUE
new,Issue: BLM/Race,standard,favorability,Favorability,intercept,Intercept,FALSE,1.1055237656640635,0.08145764556568318,Combined,13.57176183999361,TRUE
new,Issue: BLM/Race,standard,favorability,Favorability,issue_blm_race,Issue: BLM/Race,TRUE,-0.3484147712455264,1.3157222422119665,2020P-2020D,-0.26480875679336263,FALSE
new,Issue: BLM/Race,standard,favorability,Favorability,issue_blm_race,Issue: BLM/Race,TRUE,-0.3101046543816486,0.17036921432633267,Combined,-1.8201918439775189,FALSE
new,Issue: BLM/Race,standard,favorability,Favorability,race_levelOther,Race: Other,FALSE,-1.1817191168293648,0.5799858029229085,Combined,-2.037496626424214,TRUE
new,Issue: BLM/Race,standard,favorability,Favorability,race_levelStateLeg,Race: StateLeg,FALSE,-0.9491985397479415,0.44537956966809666,Combined,-2.1312125755011575,TRUE
new,Issue: BLM/Race,standard,votechoice,Vote choice,intercept,Intercept,FALSE,-0.851389223151821,0.27556753020960373,2020P-2020D,-3.089584692740224,TRUE
new,Issue: BLM/Race,standard,votechoice,Vote choice,intercept,Intercept,FALSE,0.938527408115781,0.07885646654149923,Combined,11.901717757311237,TRUE
new,Issue: BLM/Race,standard,votechoice,Vote choice,issue_blm_race,Issue: BLM/Race,TRUE,-0.19308623888241255,0.5962463045736324,2020P-2020D,-0.32383636997211396,FALSE
new,Issue: BLM/Race,standard,votechoice,Vote choice,issue_blm_race,Issue: BLM/Race,TRUE,-0.07911003321758422,0.1422432543842036,Combined,-0.5561601747658661,FALSE
new,Issue: BLM/Race,standard,votechoice,Vote choice,race_levelOther,Race: Other,FALSE,-0.4038528079530523,0.529881995597669,Combined,-0.7621561240206608,FALSE
new,Issue: BLM/Race,standard,votechoice,Vote choice,race_levelRunoff,Race: GA Runoff,FALSE,-0.7035427183658921,0.3971998272182389,Combined,-1.7712563555052483,FALSE
new,Issue: BLM/Race,standard,votechoice,Vote choice,race_levelStateLeg,Race: StateLeg,FALSE,-1.753379958084374,0.5089979048015953,Combined,-3.444768517795436,TRUE
new,Issue: BLM/Race,standard,votechoice_dichotomized,Vote choice (dichotomized),intercept,Intercept,FALSE,-1.0454484573875142,0.44326222167773,2020P-2020D,-2.3585327290706912,TRUE
new,Issue: BLM/Race,standard,votechoice_dichotomized,Vote choice (dichotomized),intercept,Intercept,FALSE,1.1981510100872825,0.12900285878332038,Combined,9.287786498590366,TRUE
new,Issue: BLM/Race,standard,votechoice_dichotomized,Vote choice (dichotomized),issue_blm_race,Issue: BLM/Race,TRUE,-0.305732827292097,0.902426870269892,2020P-2020D,-0.3387895876822245,FALSE
new,Issue: BLM/Race,standard,votechoice_dichotomized,Vote choice (dichotomized),issue_blm_race,Issue: BLM/Race,TRUE,-0.1933286843531482,0.23010035772813175,Combined,-0.8401928891460915,FALSE
new,Issue: BLM/Race,standard,votechoice_dichotomized,Vote choice (dichotomized),race_levelOther,Race: Other,FALSE,-0.06879691143966295,0.781416159976928,Combined,-0.08804132159449356,FALSE
new,Issue: BLM/Race,standard,votechoice_dichotomized,Vote choice (dichotomized),race_levelRunoff,Race: GA Runoff,FALSE,-0.9769257257379429,0.6430167789122953,Combined,-1.5192849670120216,FALSE
new,Issue: BLM/Race,standard,votechoice_dichotomized,Vote choice (dichotomized),race_levelStateLeg,Race: StateLeg,FALSE,-2.68414088788031,0.8739992121689338,Combined,-3.07110218236844,TRUE
new,Issue: COVID-19,standard,favorability,Favorability,intercept,Intercept,FALSE,-1.0778499234841115,0.25607115990236073,2020P-2020D,-4.209181244366186,TRUE
new,Issue: COVID-19,standard,favorability,Favorability,intercept,Intercept,FALSE,1.0582368422487844,0.09056183336513841,Combined,11.685240933474194,TRUE
new,Issue: COVID-19,standard,favorability,Favorability,issue_covid,Issue: COVID-19,TRUE,0.9984182583171312,0.38368940082157593,2020P-2020D,2.6021523038667875,TRUE
new,Issue: COVID-19,standard,favorability,Favorability,issue_covid,Issue: COVID-19,TRUE,0.01700128452457648,0.13706558566265303,Combined,0.12403758713306917,FALSE
new,Issue: COVID-19,standard,favorability,Favorability,race_levelOther,Race: Other,FALSE,-1.1951379605953465,0.5504406528893881,Combined,-2.171238541924176,TRUE
new,Issue: COVID-19,standard,favorability,Favorability,race_levelStateLeg,Race: StateLeg,FALSE,-0.8986479688261061,0.4436749906011958,Combined,-2.0254645582082627,TRUE
new,Issue: COVID-19,standard,votechoice,Vote choice,intercept,Intercept,FALSE,-0.8635394243865842,0.2841944182042073,2020P-2020D,-3.038551671222795,TRUE
new,Issue: COVID-19,standard,votechoice,Vote choice,intercept,Intercept,FALSE,0.9472978344794847,0.083591531108432,Combined,11.3324618166245,TRUE
new,Issue: COVID-19,standard,votechoice,Vote choice,issue_covid,Issue: COVID-19,TRUE,-7.816100231671924e-4,0.32669207655486243,2020P-2020D,-0.0023924976430701227,FALSE
new,Issue: COVID-19,standard,votechoice,Vote choice,issue_covid,Issue: COVID-19,TRUE,-0.060863409373074,0.12146218948083874,Combined,-0.5010893483249411,FALSE
new,Issue: COVID-19,standard,votechoice,Vote choice,race_levelOther,Race: Other,FALSE,-0.3916652692295742,0.5285073788121497,Combined,-0.7410781474988374,FALSE
new,Issue: COVID-19,standard,votechoice,Vote choice,race_levelRunoff,Race: GA Runoff,FALSE,-0.6691254092330072,0.4100698967094699,Combined,-1.6317350154261028,FALSE
new,Issue: COVID-19,standard,votechoice,Vote choice,race_levelStateLeg,Race: StateLeg,FALSE,-1.7429884623371494,0.5117020056234177,Combined,-3.4062568510233384,TRUE
new,Issue: COVID-19,standard,votechoice_dichotomized,Vote choice (dichotomized),intercept,Intercept,FALSE,-0.9857570702530303,0.458456074174656,2020P-2020D,-2.1501668879132154,TRUE
new,Issue: COVID-19,standard,votechoice_dichotomized,Vote choice (dichotomized),intercept,Intercept,FALSE,1.1790142131241164,0.13706230298715788,Combined,8.602031247312288,TRUE
new,Issue: COVID-19,standard,votechoice_dichotomized,Vote choice (dichotomized),issue_covid,Issue: COVID-19,TRUE,-0.41059960887252334,0.5264373755108135,2020P-2020D,-0.7799590758048092,FALSE
new,Issue: COVID-19,standard,votechoice_dichotomized,Vote choice (dichotomized),issue_covid,Issue: COVID-19,TRUE,0.019379778737538333,0.19717604383793094,Combined,0.09828668006681157,FALSE
new,Issue: COVID-19,standard,votechoice_dichotomized,Vote choice (dichotomized),race_levelOther,Race: Other,FALSE,-0.05964221058601102,0.7768772194576365,Combined,-0.07677173315449924,FALSE
new,Issue: COVID-19,standard,votechoice_dichotomized,Vote choice (dichotomized),race_levelRunoff,Race: GA Runoff,FALSE,-1.0997352150815651,0.6587423139225038,Combined,-1.6694467500245338,FALSE
new,Issue: COVID-19,standard,votechoice_dichotomized,Vote choice (dichotomized),race_levelStateLeg,Race: StateLeg,FALSE,-2.7515087626006403,0.8784873520625572,Combined,-3.1320983234881052,TRUE
new,Issue: Decency,standard,favorability,Favorability,intercept,Intercept,FALSE,-0.5674187246869185,0.23740733953464271,2020P-2020D,-2.390063954211155,TRUE
new,Issue: Decency,standard,favorability,Favorability,intercept,Intercept,FALSE,1.1645146820447057,0.08924277166923732,Combined,13.048840373994379,TRUE
new,Issue: Decency,standard,favorability,Favorability,issue_decency,Issue: Decency,TRUE,-2.2142403432908733,0.5209699477805152,2020P-2020D,-4.250226625785588,TRUE
new,Issue: Decency,standard,favorability,Favorability,issue_decency,Issue: Decency,TRUE,-0.15210687833717437,0.13722505001295984,Combined,-1.108448335947475,FALSE
new,Issue: Decency,standard,favorability,Favorability,race_levelOther,Race: Other,FALSE,-1.4266470686142716,0.5397484060233539,Combined,-2.643170508135865,TRUE
new,Issue: Decency,standard,favorability,Favorability,race_levelStateLeg,Race: StateLeg,FALSE,-1.3435800579791923,0.44719180256582414,Combined,-3.0044827527477427,TRUE
new,Issue: Decency,standard,votechoice,Vote choice,intercept,Intercept,FALSE,-0.8566762552491896,0.2786416795831456,2020P-2020D,-3.0744727656350515,TRUE
new,Issue: Decency,standard,votechoice,Vote choice,intercept,Intercept,FALSE,0.9148451013293395,0.08631446693160384,Combined,10.598977597281216,TRUE
new,Issue: Decency,standard,votechoice,Vote choice,issue_decency,Issue: Decency,TRUE,-0.5329274073615059,0.45404135922839156,2020P-2020D,-1.173741987441794,FALSE
new,Issue: Decency,standard,votechoice,Vote choice,issue_decency,Issue: Decency,TRUE,0.11213512458619032,0.12363558754986896,Combined,0.9069809656621733,FALSE
new,Issue: Decency,standard,votechoice,Vote choice,race_levelOther,Race: Other,FALSE,-0.48333996456230804,0.5300621704133709,Combined,-0.9118552342367191,FALSE
new,Issue: Decency,standard,votechoice,Vote choice,race_levelRunoff,Race: GA Runoff,FALSE,-0.7474993630106241,0.3930331111934521,Combined,-1.9018737651411326,FALSE
new,Issue: Decency,standard,votechoice,Vote choice,race_levelStateLeg,Race: StateLeg,FALSE,-1.866251148095022,0.5140189482372856,Combined,-3.6307049662175257,TRUE
new,Issue: Decency,standard,votechoice_dichotomized,Vote choice (dichotomized),intercept,Intercept,FALSE,-1.0610951563150808,0.4498533437439987,2020P-2020D,-2.3587579620591326,TRUE
new,Issue: Decency,standard,votechoice_dichotomized,Vote choice (dichotomized),intercept,Intercept,FALSE,1.1811553878280026,0.14130419765033517,Combined,8.358954705300652,TRUE
new,Issue: Decency,standard,votechoice_dichotomized,Vote choice (dichotomized),issue_decency,Issue: Decency,TRUE,-0.3399715632838121,0.7250066504525755,2020P-2020D,-0.46892199274529345,FALSE
new,Issue: Decency,standard,votechoice_dichotomized,Vote choice (dichotomized),issue_decency,Issue: Decency,TRUE,0.038080541822046385,0.2003762365040215,Combined,0.19004519940308448,FALSE
new,Issue: Decency,standard,votechoice_dichotomized,Vote choice (dichotomized),race_levelOther,Race: Other,FALSE,-0.10928282369559303,0.7827198296837864,Combined,-0.1396193370234948,FALSE
new,Issue: Decency,standard,votechoice_dichotomized,Vote choice (dichotomized),race_levelRunoff,Race: GA Runoff,FALSE,-0.9981358270041719,0.6372716599380577,Combined,-1.5662642633460115,FALSE
new,Issue: Decency,standard,votechoice_dichotomized,Vote choice (dichotomized),race_levelStateLeg,Race: StateLeg,FALSE,-2.7412799470636533,0.8810957284755851,Combined,-3.111216929636509,TRUE
new,Messenger: Everyday people,standard,favorability,Favorability,intercept,Intercept,FALSE,-0.7773912034648834,0.2830079578866806,2020P-2020D,-2.7468881414852624,TRUE
new,Messenger: Everyday people,standard,favorability,Favorability,intercept,Intercept,FALSE,0.9609803823839576,0.0977866398399996,Combined,9.827317759934612,TRUE
new,Messenger: Everyday people,standard,favorability,Favorability,messenger_every_people,Messenger: Everyday people,TRUE,-0.13493265871742008,0.39474604045526723,2020P-2020D,-0.34182143679465404,FALSE
new,Messenger: Everyday people,standard,favorability,Favorability,messenger_every_people,Messenger: Everyday people,TRUE,0.2373774873344349,0.12762947634957866,Combined,1.859895489065983,FALSE
new,Messenger: Everyday people,standard,favorability,Favorability,race_levelOther,Race: Other,FALSE,-1.2241358748332194,0.55496283664364,Combined,-2.2057979273651394,TRUE
new,Messenger: Everyday people,standard,favorability,Favorability,race_levelStateLeg,Race: StateLeg,FALSE,-0.9467259827158356,0.4445878636044943,Combined,-2.1294463034601496,TRUE
new,Messenger: Everyday people,standard,votechoice,Vote choice,intercept,Intercept,FALSE,-0.9630239966743055,0.30741332507772634,2020P-2020D,-3.132668359222277,TRUE
new,Messenger: Everyday people,standard,votechoice,Vote choice,intercept,Intercept,FALSE,0.8935895790774973,0.08995746558754678,Combined,9.933467703220854,TRUE
new,Messenger: Everyday people,standard,votechoice,Vote choice,messenger_every_people,Messenger: Everyday people,TRUE,0.22152253155065252,0.33205837285711426,2020P-2020D,0.6671192466692425,FALSE
new,Messenger: Everyday people,standard,votechoice,Vote choice,messenger_every_people,Messenger: Everyday people,TRUE,0.07363857511285218,0.10976120091784707,Combined,0.6708980450019714,FALSE
new,Messenger: Everyday people,standard,votechoice,Vote choice,race_levelOther,Race: Other,FALSE,-0.3413380989927637,0.5464665295555482,Combined,-0.6246276405443908,FALSE
new,Messenger: Everyday people,standard,votechoice,Vote choice,race_levelRunoff,Race: GA Runoff,FALSE,-0.6816933267599544,0.39333125318296164,Combined,-1.7331277930331626,FALSE
new,Messenger: Everyday people,standard,votechoice,Vote choice,race_levelStateLeg,Race: StateLeg,FALSE,-1.7435816215581375,0.5091961527371018,Combined,-3.4241845940622206,TRUE
new,Messenger: Everyday people,standard,votechoice_dichotomized,Vote choice (dichotomized),intercept,Intercept,FALSE,-1.25364442562607,0.49765774841357896,2020P-2020D,-2.5190895341676214,TRUE
new,Messenger: Everyday people,standard,votechoice_dichotomized,Vote choice (dichotomized),intercept,Intercept,FALSE,1.1186183149429185,0.14734336423219002,Combined,7.591915121336252,TRUE
new,Messenger: Everyday people,standard,votechoice_dichotomized,Vote choice (dichotomized),messenger_every_people,Messenger: Everyday people,TRUE,0.398251524922465,0.5341134185760711,2020P-2020D,0.7456310047109294,FALSE
new,Messenger: Everyday people,standard,votechoice_dichotomized,Vote choice (dichotomized),messenger_every_people,Messenger: Everyday people,TRUE,0.1066631168579853,0.17663706664579226,Combined,0.6038546658605654,FALSE
new,Messenger: Everyday people,standard,votechoice_dichotomized,Vote choice (dichotomized),race_levelOther,Race: Other,FALSE,0.050530733046208205,0.8093662552212614,Combined,0.06243246826789722,FALSE
new,Messenger: Everyday people,standard,votechoice_dichotomized,Vote choice (dichotomized),race_levelRunoff,Race: GA Runoff,FALSE,-0.9456001426160221,0.6352802041214564,Combined,-1.48847726795409,FALSE
new,Messenger: Everyday people,standard,votechoice_dichotomized,Vote choice (dichotomized),race_levelStateLeg,Race: StateLeg,FALSE,-2.6677741710332006,0.8742471350205,Combined,-3.0515103386305573,TRUE
new,Messenger: Healthcare worker,standard,favorability,Favorability,intercept,Intercept,FALSE,-0.842950792137717,0.23673708545000596,2020P-2020D,-3.560704443646329,TRUE
new,Messenger: Healthcare worker,standard,favorability,Favorability,intercept,Intercept,FALSE,1.0609071076880756,0.07991180329478782,Combined,13.27597506183761,TRUE
new,Messenger: Healthcare worker,standard,favorability,Favorability,messenger_healthcare,Messenger: Healthcare worker,TRUE,1.2196265777179558,0.8038286699049872,2020P-2020D,1.5172718060206984,FALSE
new,Messenger: Healthcare worker,standard,favorability,Favorability,messenger_healthcare,Messenger: Healthcare worker,TRUE,-0.10545602688842261,0.3387734513568368,Combined,-0.31128775429732153,FALSE
new,Messenger: Healthcare worker,standard,favorability,Favorability,race_levelOther,Race: Other,FALSE,-1.0100766205649885,0.5648039772937625,Combined,-1.7883666921127812,FALSE
new,Messenger: Healthcare worker,standard,favorability,Favorability,race_levelStateLeg,Race: StateLeg,FALSE,-0.9664324069408521,0.4451759119239365,Combined,-2.1709000443536537,TRUE
new,Messenger: Healthcare worker,standard,votechoice,Vote choice,intercept,Intercept,FALSE,-0.8810776609347389,0.274585449128165,2020P-2020D,-3.2087558307705106,TRUE
new,Messenger: Healthcare worker,standard,votechoice,Vote choice,intercept,Intercept,FALSE,0.9082189612103398,0.07627755552245338,Combined,11.906765430402299,TRUE
new,Messenger: Healthcare worker,standard,votechoice,Vote choice,messenger_healthcare,Messenger: Healthcare worker,TRUE,0.47019859230806405,0.611782130662716,2020P-2020D,0.768571961718985,FALSE
new,Messenger: Healthcare worker,standard,votechoice,Vote choice,messenger_healthcare,Messenger: Healthcare worker,TRUE,0.31840221493506626,0.29207493643981963,Combined,1.090138780191676,FALSE
new,Messenger: Healthcare worker,standard,votechoice,Vote choice,race_levelOther,Race: Other,FALSE,-0.3977680558646564,0.5302571682399171,Combined,-0.7501417796669645,FALSE
new,Messenger: Healthcare worker,standard,votechoice,Vote choice,race_levelRunoff,Race: GA Runoff,FALSE,-0.6953349448967185,0.4003271574731601,Combined,-1.7369167490050614,FALSE
new,Messenger: Healthcare worker,standard,votechoice,Vote choice,race_levelStateLeg,Race: StateLeg,FALSE,-1.7538084924719601,0.5087922370455361,Combined,-3.4470032456784456,TRUE
new,Messenger: Healthcare worker,standard,votechoice_dichotomized,Vote choice (dichotomized),intercept,Intercept,FALSE,-1.080161399300575,0.4409821011574671,2020P-2020D,-2.449444992133293,TRUE
new,Messenger: Healthcare worker,standard,votechoice_dichotomized,Vote choice (dichotomized),intercept,Intercept,FALSE,1.1455581530643213,0.12523496244639068,Combined,9.147271102945396,TRUE
new,Messenger: Healthcare worker,standard,votechoice_dichotomized,Vote choice (dichotomized),messenger_healthcare,Messenger: Healthcare worker,TRUE,-0.16735740848329317,0.970698672037631,2020P-2020D,-0.17240922781112575,FALSE
new,Messenger: Healthcare worker,standard,votechoice_dichotomized,Vote choice (dichotomized),messenger_healthcare,Messenger: Healthcare worker,TRUE,0.6449532915017208,0.46457122316602045,Combined,1.388276456527826,FALSE
new,Messenger: Healthcare worker,standard,votechoice_dichotomized,Vote choice (dichotomized),race_levelOther,Race: Other,FALSE,-0.12054596023154766,0.7755312343592993,Combined,-0.15543662832759536,FALSE
new,Messenger: Healthcare worker,standard,votechoice_dichotomized,Vote choice (dichotomized),race_levelRunoff,Race: GA Runoff,FALSE,-1.073240329363728,0.6413576164376299,Combined,-1.6733882967274272,FALSE
new,Messenger: Healthcare worker,standard,votechoice_dichotomized,Vote choice (dichotomized),race_levelStateLeg,Race: StateLeg,FALSE,-2.6841027394465793,0.8717272426064675,Combined,-3.0790625877666766,TRUE
new,Messenger: Republican,standard,favorability,Favorability,intercept,Intercept,FALSE,-0.7545203486311197,0.23736004994703097,2020P-2020D,-3.1788009346960355,TRUE
new,Messenger: Republican,standard,favorability,Favorability,intercept,Intercept,FALSE,1.0754121422817142,0.08311612218249369,Combined,12.938670790252804,TRUE
new,Messenger: Republican,standard,favorability,Favorability,messenger_republican,Messenger: Republican,TRUE,-2.654045406006042,1.362335413140705,2020P-2020D,-1.9481585668300663,FALSE
new,Messenger: Republican,standard,favorability,Favorability,messenger_republican,Messenger: Republican,TRUE,-0.007069930207539721,0.23782853085570688,Combined,-0.029727006184254334,FALSE
new,Messenger: Republican,standard,favorability,Favorability,race_levelOther,Race: Other,FALSE,-1.128576247300587,0.549285147172,Combined,-2.054627278948052,TRUE
new,Messenger: Republican,standard,favorability,Favorability,race_levelStateLeg,Race: StateLeg,FALSE,-0.8989151349309727,0.4429707988135695,Combined,-2.0292875678003637,TRUE
new,Messenger: Republican,standard,votechoice,Vote choice,intercept,Intercept,FALSE,-0.8798827351844349,0.2749274504555195,2020P-2020D,-3.200417905620491,TRUE
new,Messenger: Republican,standard,votechoice,Vote choice,intercept,Intercept,FALSE,0.8947733156743817,0.0809513669415433,Combined,11.053220587621658,TRUE
new,Messenger: Republican,standard,votechoice,Vote choice,messenger_republican,Messenger: Republican,TRUE,-1.4305181831019946,0.6619803108482816,2020P-2020D,-2.160967871187718,TRUE
new,Messenger: Republican,standard,votechoice,Vote choice,messenger_republican,Messenger: Republican,TRUE,0.34663746380607935,0.1837708808208695,Combined,1.8862480402646808,FALSE
new,Messenger: Republican,standard,votechoice,Vote choice,race_levelOther,Race: Other,FALSE,-0.37361378704534715,0.5247577794291522,Combined,-0.71197379379830406,FALSE
new,Messenger: Republican,standard,votechoice,Vote choice,race_levelRunoff,Race: GA Runoff,FALSE,-0.9202931584455251,0.3991619842260121,Combined,-2.305563141815729,TRUE
new,Messenger: Republican,standard,votechoice,Vote choice,race_levelStateLeg,Race: StateLeg,FALSE,-1.7222736312735327,0.506372522797072,Combined,-3.4011988284043033,TRUE
new,Messenger: Republican,standard,votechoice_dichotomized,Vote choice (dichotomized),intercept,Intercept,FALSE,-1.1008690432475858,0.44336475374734985,2020P-2020D,-2.4829872784044373,TRUE
new,Messenger: Republican,standard,votechoice_dichotomized,Vote choice (dichotomized),intercept,Intercept,FALSE,1.1102189698071852,0.13236791950899407,Combined,8.387371909488602,TRUE
new,Messenger: Republican,standard,votechoice_dichotomized,Vote choice (dichotomized),messenger_republican,Messenger: Republican,TRUE,-1.6569344737197524,1.054218361866029,2020P-2020D,-1.5717184728094473,FALSE
new,Messenger: Republican,standard,votechoice_dichotomized,Vote choice (dichotomized),messenger_republican,Messenger: Republican,TRUE,0.5653918405363655,0.30046134334668306,Combined,1.8817456989267205,FALSE
new,Messenger: Republican,standard,votechoice_dichotomized,Vote choice (dichotomized),race_levelOther,Race: Other,FALSE,-0.021429894167087984,0.7721635666083976,Combined,-0.027753050122806617,FALSE
new,Messenger: Republican,standard,votechoice_dichotomized,Vote choice (dichotomized),race_levelRunoff,Race: GA Runoff,FALSE,-1.215917858206358,0.6425443432565634,Combined,-1.8923485530100612,FALSE
new,Messenger: Republican,standard,votechoice_dichotomized,Vote choice (dichotomized),race_levelStateLeg,Race: StateLeg,FALSE,-2.6321641022187405,0.8714190610091674,Combined,-3.020549147927176,TRUE
new,Pushiness,standard,favorability,Favorability,how_pushy,How pushy,TRUE,-0.5952464846542356,0.3389466930268139,2020P-2020D,-1.7561654882620317,FALSE
new,Pushiness,standard,favorability,Favorability,how_pushy,How pushy,TRUE,0.34814979177003963,0.11331347491816139,Combined,3.072448285797294,TRUE
new,Pushiness,standard,favorability,Favorability,intercept,Intercept,FALSE,-0.39497334932396966,0.30754663451771064,2020P-2020D,-1.2842714079552848,FALSE
new,Pushiness,standard,favorability,Favorability,intercept,Intercept,FALSE,0.8821237259535409,0.09330490795374997,Combined,9.454204985559796,TRUE
new,Pushiness,standard,favorability,Favorability,race_levelOther,Race: Other,FALSE,-0.7999591397995551,0.5637808695362574,Combined,-1.4189185604285723,FALSE
new,Pushiness,standard,favorability,Favorability,race_levelStateLeg,Race: StateLeg,FALSE,-0.9185205811542851,0.4414858076640467,Combined,-2.0805211973048134,TRUE
new,Pushiness,standard,votechoice,Vote choice,how_pushy,How pushy,TRUE,0.032562750317655154,0.2643976250185082,2020P-2020D,0.12315825573461832,FALSE
new,Pushiness,standard,votechoice,Vote choice,how_pushy,How pushy,TRUE,0.2347719209394275,0.0940338622889748,Combined,2.496674232288275,TRUE
new,Pushiness,standard,votechoice,Vote choice,intercept,Intercept,FALSE,-0.8491551329498915,0.3161371554634879,2020P-2020D,-2.686033951640222,TRUE
new,Pushiness,standard,votechoice,Vote choice,intercept,Intercept,FALSE,0.8092343341805291,0.08738569663628393,Combined,9.260489591891886,TRUE
new,Pushiness,standard,votechoice,Vote choice,race_levelOther,Race: Other,FALSE,-0.3670263324424555,0.5296403289660835,Combined,-0.6929727824143066,FALSE
new,Pushiness,standard,votechoice,Vote choice,race_levelRunoff,Race: GA Runoff,FALSE,-0.6679933250367203,0.39394092024634375,Combined,-1.695668793734357,FALSE
new,Pushiness,standard,votechoice,Vote choice,race_levelStateLeg,Race: StateLeg,FALSE,-1.7301060474662335,0.5100184368628292,Combined,-3.3922421669857203,TRUE
new,Pushiness,standard,votechoice_dichotomized,Vote choice (dichotomized),how_pushy,How pushy,TRUE,-0.16955942756236367,0.42824224931218036,2020P-2020D,-0.39594278199944283,FALSE
new,Pushiness,standard,votechoice_dichotomized,Vote choice (dichotomized),how_pushy,How pushy,TRUE,0.19102567285386368,0.15308646848889085,Combined,1.2478285947769838,FALSE
new,Pushiness,standard,votechoice_dichotomized,Vote choice (dichotomized),intercept,Intercept,FALSE,-0.948702415698482,0.5104553963774202,2020P-2020D,-1.858541260276992,FALSE
new,Pushiness,standard,votechoice_dichotomized,Vote choice (dichotomized),intercept,Intercept,FALSE,1.07354129661284,0.1442597156643679,Combined,7.441726137257348,TRUE
new,Pushiness,standard,votechoice_dichotomized,Vote choice (dichotomized),race_levelOther,Race: Other,FALSE,-0.048690512364798814,0.7765087151415834,Combined,-0.06270439908188398,FALSE
new,Pushiness,standard,votechoice_dichotomized,Vote choice (dichotomized),race_levelRunoff,Race: GA Runoff,FALSE,-0.919958524704524,0.6362354841854798,Combined,-1.4459402965904544,FALSE
new,Pushiness,standard,votechoice_dichotomized,Vote choice (dichotomized),race_levelStateLeg,Race: StateLeg,FALSE,-2.6416239708117644,0.8750688273187897,Combined,-3.0187613686407944,TRUE
omnibus,All primary,standard,favorability,Favorability,candidate_facts,Candidate facts,TRUE,-0.7754735876161691,0.9364661512456868,2020D-2018,-0.8280850157633937,FALSE
omnibus,All primary,standard,favorability,Favorability,candidate_facts,Candidate facts,TRUE,-2.1289770221243938,0.7904221029478001,2020P-2018,-2.6934684824533464,TRUE
omnibus,All primary,standard,favorability,Favorability,candidate_facts,Candidate facts,TRUE,-1.3535034345082246,0.5956072048509168,2020P-2020D,-2.272476597805785,TRUE
omnibus,All primary,standard,favorability,Favorability,candidate_facts,Candidate facts,TRUE,0.1592839802629889,0.20185645411991784,Combined,0.789095305163551,FALSE
omnibus,All primary,standard,favorability,Favorability,emotion_anger,Emotion: Anger,TRUE,1.4027066437317846,1.0477818298988553,2020D-2018,1.338739233402426,FALSE
omnibus,All primary,standard,favorability,Favorability,emotion_anger,Emotion: Anger,TRUE,0.7402866553051295,0.9485781723359462,2020P-2018,0.7804171304955468,FALSE
omnibus,All primary,standard,favorability,Favorability,emotion_anger,Emotion: Anger,TRUE,-0.662419988426655,0.5465259636045247,2020P-2020D,-1.2120558446258798,FALSE
omnibus,All primary,standard,favorability,Favorability,emotion_anger,Emotion: Anger,TRUE,-0.025743989309435417,0.1996990325333442,Combined,-0.128913941058462,FALSE
omnibus,All primary,standard,favorability,Favorability,explicit_vote_for,Explicit vote for,TRUE,-2.4799920470981127,0.7735125580909537,2020D-2018,-3.2061432243825347,TRUE
omnibus,All primary,standard,favorability,Favorability,explicit_vote_for,Explicit vote for,TRUE,-1.0608318137449513,0.6669170400889654,2020P-2018,-1.5906503357650579,FALSE
omnibus,All primary,standard,favorability,Favorability,explicit_vote_for,Explicit vote for,TRUE,1.4191602333531614,0.48496845561161184,2020P-2020D,2.92629390000924,TRUE
omnibus,All primary,standard,favorability,Favorability,explicit_vote_for,Explicit vote for,TRUE,0.012179769780047763,0.1764602626316035,Combined,0.06902273406152351,FALSE
omnibus,All primary,standard,favorability,Favorability,fact_new_yes,New fact,TRUE,1.6728448672976388,0.7878817071100633,2020D-2018,2.1232183108218177,TRUE
omnibus,All primary,standard,favorability,Favorability,fact_new_yes,New fact,TRUE,0.746014946156788,0.6619501996693612,2020P-2018,1.1269955753913459,FALSE
omnibus,All primary,standard,favorability,Favorability,fact_new_yes,New fact,TRUE,-0.9268299211408508,0.4898927674332687,2020P-2020D,-1.8919036629114963,FALSE
omnibus,All primary,standard,favorability,Favorability,fact_new_yes,New fact,TRUE,0.22843524190638095,0.1542869498602608,Combined,1.4805869330703405,FALSE
omnibus,All primary,standard,favorability,Favorability,intercept,Intercept,FALSE,3.4522648701496843,1.2769987827151024,2020D-2018,2.703420642899612,TRUE
omnibus,All primary,standard,favorability,Favorability,intercept,Intercept,FALSE,1.9733490522581443,0.9995820423207001,2020P-2018,1.97417417351424,TRUE
omnibus,All primary,standard,favorability,Favorability,intercept,Intercept,FALSE,-1.4789158178915405,0.8634407653180313,2020P-2020D,-1.7128167643866237,FALSE
omnibus,All primary,standard,favorability,Favorability,intercept,Intercept,FALSE,0.6379710185033303,0.2232585613447109,Combined,2.8575433553847187,TRUE
omnibus,All primary,standard,favorability,Favorability,messenger_politician,Messenger: Politician,TRUE,-2.8621422057282015,1.102322212822289,2020D-2018,-2.5964660536053468,TRUE
omnibus,All primary,standard,favorability,Favorability,messenger_politician,Messenger: Politician,TRUE,-2.9678504605906304,0.9200479345771355,2020P-2018,-3.2257563427439115,TRUE
omnibus,All primary,standard,favorability,Favorability,messenger_politician,Messenger: Politician,TRUE,-0.10570825486242874,0.6697416190626733,2020P-2020D,-0.15783438247479845,FALSE
omnibus,All primary,standard,favorability,Favorability,messenger_politician,Messenger: Politician,TRUE,0.028850415833869526,0.18663109793710345,Combined,0.1545852548303199,FALSE
omnibus,All primary,standard,favorability,Favorability,policy_facts,Policy facts,TRUE,0.12449464035682163,0.9363836382313622,2020D-2018,0.13295260112827967,FALSE
omnibus,All primary,standard,favorability,Favorability,policy_facts,Policy facts,TRUE,0.299751126310464,0.7737928871419916,2020P-2018,0.38737901483896614,FALSE
omnibus,All primary,standard,favorability,Favorability,policy_facts,Policy facts,TRUE,0.1752564859536424,0.6263117208141984,2020P-2020D,0.2798230978749861,FALSE
omnibus,All primary,standard,favorability,Favorability,policy_facts,Policy facts,TRUE,0.14349275754145588,0.21156350086399675,Combined,0.6782491164848892,FALSE
omnibus,All primary,standard,favorability,Favorability,primary_focus_candidate,Primary focus: Candidate,TRUE,-0.7055046885784605,1.0606674973801047,2020D-2018,-0.6651516053061757,FALSE
omnibus,All primary,standard,favorability,Favorability,primary_focus_candidate,Primary focus: Candidate,TRUE,-0.7897765244471288,0.8981390334972852,2020P-2018,-0.8793477345838082,FALSE
omnibus,All primary,standard,favorability,Favorability,primary_focus_candidate,Primary focus: Candidate,TRUE,-0.08427183586866827,0.6616721187565071,2020P-2020D,-0.1273619266700279,FALSE
omnibus,All primary,standard,favorability,Favorability,primary_focus_candidate,Primary focus: Candidate,TRUE,0.03945418451277011,0.2196482811280009,Combined,0.17962437179181942,FALSE
omnibus,All primary,standard,favorability,Favorability,primary_focus_issues,Primary focus: Issues,TRUE,-4.1422255510133565,1.1916696678716951,2020D-2018,-3.4759847151361263,TRUE
omnibus,All primary,standard,favorability,Favorability,primary_focus_issues,Primary focus: Issues,TRUE,-2.8563339628924593,0.9124256155090623,2020P-2018,-3.130484188893412,TRUE
omnibus,All primary,standard,favorability,Favorability,primary_focus_issues,Primary focus: Issues,TRUE,1.2858915881208972,0.8421009294874153,2020P-2020D,1.527004119213615,FALSE
omnibus,All primary,standard,favorability,Favorability,primary_focus_issues,Primary focus: Issues,TRUE,0.3350357088139284,0.22769335719296888,Combined,1.471433830763835,FALSE
omnibus,All primary,standard,favorability,Favorability,race_levelGov,Race: Gov,FALSE,0.5945899549277175,0.7623450497763338,Combined,0.7799486008365446,FALSE
omnibus,All primary,standard,favorability,Favorability,race_levelOther,Race: Other,FALSE,-0.8913805404930272,0.6661649551565343,Combined,-1.3380778042933408,FALSE
omnibus,All primary,standard,favorability,Favorability,race_levelStateLeg,Race: StateLeg,FALSE,-1.8499387498605409,1.1397332303281338,2020D-2018,-1.6231331162713718,FALSE
omnibus,All primary,standard,favorability,Favorability,race_levelStateLeg,Race: StateLeg,FALSE,-1.251021082039389,0.46092464631333246,Combined,-2.7141553224492925,TRUE
omnibus,All primary,standard,favorability,Favorability,technique_neg_name,Technique: Negative name-calling,TRUE,-1.0819304468683488,0.9294223630083299,2020D-2018,-1.1640891051581594,FALSE
omnibus,All primary,standard,favorability,Favorability,technique_neg_name,Technique: Negative name-calling,TRUE,-0.5706660176885112,0.8225464712488175,2020P-2018,-0.69377966794035,FALSE
omnibus,All primary,standard,favorability,Favorability,technique_neg_name,Technique: Negative name-calling,TRUE,0.5112644291798376,0.5634520343609954,2020P-2020D,0.9073787971316082,FALSE
omnibus,All primary,standard,favorability,Favorability,technique_neg_name,Technique: Negative name-calling,TRUE,0.07432420583460618,0.21845281618305737,Combined,0.340230019155828,FALSE
omnibus,All primary,standard,favorability,Favorability,technique_neg_testimonial,Technique: Negative testimonial,TRUE,-0.8905062726935467,0.781090547192361,2020D-2018,-1.1400807190593738,FALSE
omnibus,All primary,standard,favorability,Favorability,technique_neg_testimonial,Technique: Negative testimonial,TRUE,-1.210546038425142,0.6794882371751165,2020P-2018,-1.781555547536524,FALSE
omnibus,All primary,standard,favorability,Favorability,technique_neg_testimonial,Technique: Negative testimonial,TRUE,-0.3200397657315954,0.4674264930618242,2020P-2020D,-0.684684694774597,FALSE
omnibus,All primary,standard,favorability,Favorability,technique_neg_testimonial,Technique: Negative testimonial,TRUE,0.20815859378090967,0.16590779710148004,Combined,1.254664322096847,FALSE
omnibus,All primary,standard,favorability,Favorability,technique_neg_transfer,Technique: Negative transfer of association,TRUE,-0.20034244587010896,0.7803567151556068,2020D-2018,-0.2567318791255096,FALSE
omnibus,All primary,standard,favorability,Favorability,technique_neg_transfer,Technique: Negative transfer of association,TRUE,-0.5697276091754744,0.687534458250637,2020P-2018,-0.8286531712535392,FALSE
omnibus,All primary,standard,favorability,Favorability,technique_neg_transfer,Technique: Negative transfer of association,TRUE,-0.3693851633053654,0.4855283400574411,2020P-2020D,-0.7607901183722144,FALSE
omnibus,All primary,standard,favorability,Favorability,technique_neg_transfer,Technique: Negative transfer of association,TRUE,0.01045149757521773,0.18950975732214434,Combined,0.055150181831806214,FALSE
omnibus,All primary,standard,favorability,Favorability,technique_plain_folks,Technique: Plain folks,TRUE,-0.18346972574009462,0.9287828488529696,2020D-2018,-0.19753780549099986,FALSE
omnibus,All primary,standard,favorability,Favorability,technique_plain_folks,Technique: Plain folks,TRUE,-0.31252759010555226,0.7733760336581951,2020P-2018,-0.40410819123427666,FALSE
omnibus,All primary,standard,favorability,Favorability,technique_plain_folks,Technique: Plain folks,TRUE,-0.12905786436545763,0.6007846193335793,2020P-2020D,-0.21481552658357855,FALSE
omnibus,All primary,standard,favorability,Favorability,technique_plain_folks,Technique: Plain folks,TRUE,0.19464009943488383,0.19702856709222233,Combined,0.987877556576755,FALSE
omnibus,All primary,standard,favorability,Favorability,technique_pos_name,Technique: Positive name-calling,TRUE,-2.2836264104082415,1.866133418099099,2020D-2018,-1.22372087025504,FALSE
omnibus,All primary,standard,favorability,Favorability,technique_pos_name,Technique: Positive name-calling,TRUE,-1.7036775123406447,1.731154280403175,2020P-2018,-0.9841280650872254,FALSE
omnibus,All primary,standard,favorability,Favorability,technique_pos_name,Technique: Positive name-calling,TRUE,0.5799488980675965,0.7954033367778609,2020P-2020D,0.7291255533537746,FALSE
omnibus,All primary,standard,favorability,Favorability,technique_pos_name,Technique: Positive name-calling,TRUE,-0.1324653948217407,0.2521676647514631,Combined,-0.5253068229517008,FALSE
omnibus,All primary,standard,favorability,Favorability,technique_pos_testimonial,Technique: Positive testimonial,TRUE,-0.9934895770629988,1.1020949234980828,2020D-2018,-0.9014555424224555,FALSE
omnibus,All primary,standard,favorability,Favorability,technique_pos_testimonial,Technique: Positive testimonial,TRUE,-0.8284162977217755,0.9143132693836793,2020P-2018,-0.9060530186554054,FALSE
omnibus,All primary,standard,favorability,Favorability,technique_pos_testimonial,Technique: Positive testimonial,TRUE,0.16507327934122326,0.6602196646853282,2020P-2020D,0.25002781372757193,FALSE
omnibus,All primary,standard,favorability,Favorability,technique_pos_testimonial,Technique: Positive testimonial,TRUE,0.16990523578549604,0.160890609425536,Combined,1.0560295370385318,FALSE
omnibus,All primary,standard,favorability,Favorability,technique_pos_transfer,Technique: Positive transfer of association,TRUE,0.0881850289420335,0.9613478734044661,2020D-2018,0.09173061217656803,FALSE
omnibus,All primary,standard,favorability,Favorability,technique_pos_transfer,Technique: Positive transfer of association,TRUE,0.8573829821951267,0.7504121033507495,2020P-2018,1.1425495116173225,FALSE
omnibus,All primary,standard,favorability,Favorability,technique_pos_transfer,Technique: Positive transfer of association,TRUE,0.7691979532530931,0.6651011036610786,2020P-2020D,1.1565128204103239,FALSE
omnibus,All primary,standard,favorability,Favorability,technique_pos_transfer,Technique: Positive transfer of association,TRUE,-0.041055410995121173,0.18567244857717202,Combined,-0.2211174103090319,FALSE
omnibus,All primary,standard,votechoice,Vote choice,candidate_facts,Candidate facts,TRUE,0.06307432166551363,1.1151846242543035,2020D-2018,0.056559533097660736,FALSE
omnibus,All primary,standard,votechoice,Vote choice,candidate_facts,Candidate facts,TRUE,-0.8967007182026382,1.037796769013602,2020P-2018,-0.8640426960038892,FALSE
omnibus,All primary,standard,votechoice,Vote choice,candidate_facts,Candidate facts,TRUE,-0.9597750398681518,0.4844372110477266,2020P-2020D,-1.9812165910879938,TRUE
omnibus,All primary,standard,votechoice,Vote choice,candidate_facts,Candidate facts,TRUE,0.015986283695658653,0.16824809918810077,Combined,0.09501613256139105,FALSE
omnibus,All primary,standard,votechoice,Vote choice,emotion_anger,Emotion: Anger,TRUE,-0.7412054381955637,1.2562934369868053,2020D-2018,-0.5899938791157981,FALSE
omnibus,All primary,standard,votechoice,Vote choice,emotion_anger,Emotion: Anger,TRUE,-0.7492894883300313,1.2000848865088618,2020P-2018,-0.6243637402265529,FALSE
omnibus,All primary,standard,votechoice,Vote choice,emotion_anger,Emotion: Anger,TRUE,-0.008084050134467613,0.46075650737178675,2020P-2020D,-0.017545167577947093,FALSE
omnibus,All primary,standard,votechoice,Vote choice,emotion_anger,Emotion: Anger,TRUE,0.2823816118748056,0.1731219127154087,Combined,1.6311142098978915,FALSE
omnibus,All primary,standard,votechoice,Vote choice,explicit_vote_for,Explicit vote for,TRUE,-2.1178068996280324,0.9020051409817879,2020D-2018,-2.3478878372277396,TRUE
omnibus,All primary,standard,votechoice,Vote choice,explicit_vote_for,Explicit vote for,TRUE,-1.7465027074629558,0.8296771973985521,2020P-2018,-2.1050388186382665,TRUE
omnibus,All primary,standard,votechoice,Vote choice,explicit_vote_for,Explicit vote for,TRUE,0.37130419216507654,0.4232285458625359,2020P-2020D,0.8773136779050714,FALSE
omnibus,All primary,standard,votechoice,Vote choice,explicit_vote_for,Explicit vote for,TRUE,0.26954417391595425,0.14872969918320467,Combined,1.8123090102127537,FALSE
omnibus,All primary,standard,votechoice,Vote choice,fact_new_yes,New fact,TRUE,-0.271894124807259,0.8452135192165494,2020D-2018,-0.3216869094324057,FALSE
omnibus,All primary,standard,votechoice,Vote choice,fact_new_yes,New fact,TRUE,-0.45921633300416914,0.7732609268167066,2020P-2018,-0.5938698272194239,FALSE
omnibus,All primary,standard,votechoice,Vote choice,fact_new_yes,New fact,TRUE,-0.18732220819691014,0.40251251407677496,2020P-2020D,-0.46538232140822444,FALSE
omnibus,All primary,standard,votechoice,Vote choice,fact_new_yes,New fact,TRUE,0.025442704348702928,0.1375994253179341,Combined,0.18490414687354687,FALSE
omnibus,All primary,standard,votechoice,Vote choice,intercept,Intercept,FALSE,2.319001116798228,1.324024757123326,2020D-2018,1.751478667088266,FALSE
omnibus,All primary,standard,votechoice,Vote choice,intercept,Intercept,FALSE,1.6182259375998536,1.1895224405134874,2020P-2018,1.3603996717382696,FALSE
omnibus,All primary,standard,votechoice,Vote choice,intercept,Intercept,FALSE,-0.7007751791983744,0.655211085920053,2020P-2020D,-1.0695410902798446,FALSE
omnibus,All primary,standard,votechoice,Vote choice,intercept,Intercept,FALSE,0.7567269372830018,0.19896534431223672,Combined,3.8033102694279695,TRUE
omnibus,All primary,standard,votechoice,Vote choice,messenger_politician,Messenger: Politician,TRUE,-0.7913390704662535,1.5886911011424432,2020D-2018,-0.4981075741515729,FALSE
omnibus,All primary,standard,votechoice,Vote choice,messenger_politician,Messenger: Politician,TRUE,-1.609522964601035,1.5086318081628092,2020P-2018,-1.0668759308217752,FALSE
omnibus,All primary,standard,votechoice,Vote choice,messenger_politician,Messenger: Politician,TRUE,-0.8181838941347815,0.5540525408046371,2020P-2020D,-1.4767261836694277,FALSE
omnibus,All primary,standard,votechoice,Vote choice,messenger_politician,Messenger: Politician,TRUE,0.1072292015903063,0.1623395941673443,Combined,0.6605240215136386,FALSE
omnibus,All primary,standard,votechoice,Vote choice,policy_facts,Policy facts,TRUE,0.34303069137537157,1.044552942997217,2020D-2018,0.32839952601261835,FALSE
omnibus,All primary,standard,votechoice,Vote choice,policy_facts,Policy facts,TRUE,1.0051570591400285,0.9573135979915934,2020P-2018,1.0499767905196467,FALSE
omnibus,All primary,standard,votechoice,Vote choice,policy_facts,Policy facts,TRUE,0.6621263677646569,0.5115927727281929,2020P-2020D,1.2942449601735126,FALSE
omnibus,All primary,standard,votechoice,Vote choice,policy_facts,Policy facts,TRUE,0.31097963472237794,0.18668033448375695,Combined,1.6658403552916081,FALSE
omnibus,All primary,standard,votechoice,Vote choice,primary_focus_candidate,Primary focus: Candidate,TRUE,0.13498222923991715,1.1852233539629062,2020D-2018,0.11388758818208511,FALSE
omnibus,All primary,standard,votechoice,Vote choice,primary_focus_candidate,Primary focus: Candidate,TRUE,0.35058409393429346,1.1122394810894924,2020P-2018,0.3152055828758024,FALSE
omnibus,All primary,standard,votechoice,Vote choice,primary_focus_candidate,Primary focus: Candidate,TRUE,0.2156018646943763,0.5027254764276232,2020P-2020D,0.4288660010358879,FALSE
omnibus,All primary,standard,votechoice,Vote choice,primary_focus_candidate,Primary focus: Candidate,TRUE,-0.20530914365962033,0.185348806040358,Combined,-1.1076906727681652,FALSE
omnibus,All primary,standard,votechoice,Vote choice,primary_focus_issues,Primary focus: Issues,TRUE,-2.482299283762018,1.2790941538223983,2020D-2018,-1.940669712502403,FALSE
omnibus,All primary,standard,votechoice,Vote choice,primary_focus_issues,Primary focus: Issues,TRUE,-2.7853780951531704,1.1520530652981398,2020P-2018,-2.4177515594147936,TRUE
omnibus,All primary,standard,votechoice,Vote choice,primary_focus_issues,Primary focus: Issues,TRUE,-0.30307881139115234,0.635203634464497,2020P-2020D,-0.47713645663671356,FALSE
omnibus,All primary,standard,votechoice,Vote choice,primary_focus_issues,Primary focus: Issues,TRUE,-0.3415671993451521,0.2011118729715257,Combined,-1.6983940047811732,FALSE
omnibus,All primary,standard,votechoice,Vote choice,race_levelGov,Race: Gov,FALSE,-0.7105931144407479,1.2371302715932138,Combined,-0.5743882683637065,FALSE
omnibus,All primary,standard,votechoice,Vote choice,race_levelOther,Race: Other,FALSE,-1.0044981610951464,0.5774845741694338,Combined,-1.7394372179375774,FALSE
omnibus,All primary,standard,votechoice,Vote choice,race_levelRunoff,Race: GA Runoff,FALSE,-1.1145704713503115,0.4287254865039161,Combined,-2.5997299121150585,TRUE
omnibus,All primary,standard,votechoice,Vote choice,race_levelStateLeg,Race: StateLeg,FALSE,-0.8941277623198637,2.3483417922982683,2020D-2018,-0.38074856277407615,FALSE
omnibus,All primary,standard,votechoice,Vote choice,race_levelStateLeg,Race: StateLeg,FALSE,-1.7493742566772033,0.5490994491886203,Combined,-3.1858969431897544,TRUE
omnibus,All primary,standard,votechoice,Vote choice,technique_neg_name,Technique: Negative name-calling,TRUE,-1.207872894461741,1.1496327128488244,2020D-2018,-1.050659815923814,FALSE
omnibus,All primary,standard,votechoice,Vote choice,technique_neg_name,Technique: Negative name-calling,TRUE,-0.8156508778859893,1.0866536947200627,2020P-2018,-0.7506079276674364,FALSE
omnibus,All primary,standard,votechoice,Vote choice,technique_neg_name,Technique: Negative name-calling,TRUE,0.3922220165757515,0.4713154649280494,2020P-2020D,0.8321857561699737,FALSE
omnibus,All primary,standard,votechoice,Vote choice,technique_neg_name,Technique: Negative name-calling,TRUE,0.0691719470624682,0.17964136588426524,Combined,0.38505578446243016,FALSE
omnibus,All primary,standard,votechoice,Vote choice,technique_neg_testimonial,Technique: Negative testimonial,TRUE,-0.3099433183746998,0.9151890775145134,2020D-2018,-0.33866588444919965,FALSE
omnibus,All primary,standard,votechoice,Vote choice,technique_neg_testimonial,Technique: Negative testimonial,TRUE,-0.8741344645593953,0.8521463448255868,2020P-2018,-1.0258032201479534,FALSE
omnibus,All primary,standard,votechoice,Vote choice,technique_neg_testimonial,Technique: Negative testimonial,TRUE,-0.5641911461846955,0.408129211954839,2020P-2020D,-1.3823836414020894,FALSE
omnibus,All primary,standard,votechoice,Vote choice,technique_neg_testimonial,Technique: Negative testimonial,TRUE,0.09686878874506183,0.14925438261031354,Combined,0.6490180526087155,FALSE
omnibus,All primary,standard,votechoice,Vote choice,technique_neg_transfer,Technique: Negative transfer of association,TRUE,-0.45536845978584456,0.931841631714481,2020D-2018,-0.48867580529539034,FALSE
omnibus,All primary,standard,votechoice,Vote choice,technique_neg_transfer,Technique: Negative transfer of association,TRUE,-0.3103073501435942,0.8578196950391516,2020P-2018,-0.36173959625563445,FALSE
omnibus,All primary,standard,votechoice,Vote choice,technique_neg_transfer,Technique: Negative transfer of association,TRUE,0.14506110964225039,0.4493082077793177,2020P-2020D,0.32285435060091006,FALSE
omnibus,All primary,standard,votechoice,Vote choice,technique_neg_transfer,Technique: Negative transfer of association,TRUE,0.10331062943957285,0.16614857843065986,Combined,0.6217966498141801,FALSE
omnibus,All primary,standard,votechoice,Vote choice,technique_plain_folks,Technique: Plain folks,TRUE,-0.002329746173233005,0.9628556923168147,2020D-2018,-0.0024196213324835735,FALSE
omnibus,All primary,standard,votechoice,Vote choice,technique_plain_folks,Technique: Plain folks,TRUE,-0.613824159933134,0.8783177583106834,2020P-2018,-0.6988634285543032,FALSE
omnibus,All primary,standard,votechoice,Vote choice,technique_plain_folks,Technique: Plain folks,TRUE,-0.611494413759901,0.4799506351658558,2020P-2020D,-1.2740777258240066,FALSE
omnibus,All primary,standard,votechoice,Vote choice,technique_plain_folks,Technique: Plain folks,TRUE,0.39378226945156636,0.17325007244657914,Combined,2.2729125817421365,TRUE
omnibus,All primary,standard,votechoice,Vote choice,technique_pos_name,Technique: Positive name-calling,TRUE,0.6065341439820698,2.762025763941769,2020D-2018,0.21959756925527985,FALSE
omnibus,All primary,standard,votechoice,Vote choice,technique_pos_name,Technique: Positive name-calling,TRUE,1.109357924143153,2.689179539293894,2020P-2018,0.41252653753064045,FALSE
omnibus,All primary,standard,votechoice,Vote choice,technique_pos_name,Technique: Positive name-calling,TRUE,0.5028237801610832,0.7147084746665524,2020P-2020D,0.7035368936903622,FALSE
omnibus,All primary,standard,votechoice,Vote choice,technique_pos_name,Technique: Positive name-calling,TRUE,0.07149646953796283,0.2239930670214552,Combined,0.31919054678203296,FALSE
omnibus,All primary,standard,votechoice,Vote choice,technique_pos_testimonial,Technique: Positive testimonial,TRUE,1.2321021473906506,1.4209537381475321,2020D-2018,0.867095187065637,FALSE
omnibus,All primary,standard,votechoice,Vote choice,technique_pos_testimonial,Technique: Positive testimonial,TRUE,1.3876094397064866,1.3482283780199713,2020P-2018,1.029209488784349,FALSE
omnibus,All primary,standard,votechoice,Vote choice,technique_pos_testimonial,Technique: Positive testimonial,TRUE,0.1555072923158359,0.499793518782431,2020P-2020D,0.311143075033614,FALSE
omnibus,All primary,standard,votechoice,Vote choice,technique_pos_testimonial,Technique: Positive testimonial,TRUE,0.12247161221534088,0.14694854891493664,Combined,0.8334319264781267,FALSE
omnibus,All primary,standard,votechoice,Vote choice,technique_pos_transfer,Technique: Positive transfer of association,TRUE,0.41972887217967836,1.1434755247451098,2020D-2018,0.3670641505625924,FALSE
omnibus,All primary,standard,votechoice,Vote choice,technique_pos_transfer,Technique: Positive transfer of association,TRUE,-0.34995546622667806,1.0578155268703586,2020P-2018,-0.3308284453547893,FALSE
omnibus,All primary,standard,votechoice,Vote choice,technique_pos_transfer,Technique: Positive transfer of association,TRUE,-0.7696843384063564,0.5015278930804187,2020P-2020D,-1.534679025884089,FALSE
omnibus,All primary,standard,votechoice,Vote choice,technique_pos_transfer,Technique: Positive transfer of association,TRUE,0.1399130812919176,0.16389833194100048,Combined,0.8536577501123257,FALSE
omnibus,All primary,standard,votechoice_dichotomized,Vote choice (dichotomized),candidate_facts,Candidate facts,TRUE,-0.0646736641426584,1.4516593746388273,2020D-2018,-0.04455154237456649,FALSE
omnibus,All primary,standard,votechoice_dichotomized,Vote choice (dichotomized),candidate_facts,Candidate facts,TRUE,-1.0767512833575361,1.287413074239032,2020P-2018,-0.8363681439183656,FALSE
omnibus,All primary,standard,votechoice_dichotomized,Vote choice (dichotomized),candidate_facts,Candidate facts,TRUE,-1.0120776192148777,0.7899818415772597,2020P-2020D,-1.2811403578520066,FALSE
omnibus,All primary,standard,votechoice_dichotomized,Vote choice (dichotomized),candidate_facts,Candidate facts,TRUE,0.06933960196700124,0.26744395036749374,Combined,0.2592677900237487,FALSE
omnibus,All primary,standard,votechoice_dichotomized,Vote choice (dichotomized),emotion_anger,Emotion: Anger,TRUE,-0.6917362595880945,1.5905004314274749,2020D-2018,-0.43491736683608495,FALSE
omnibus,All primary,standard,votechoice_dichotomized,Vote choice (dichotomized),emotion_anger,Emotion: Anger,TRUE,-1.0026135494688477,1.478884222161316,2020P-2018,-0.6779526986930577,FALSE
omnibus,All primary,standard,votechoice_dichotomized,Vote choice (dichotomized),emotion_anger,Emotion: Anger,TRUE,-0.31087728988075336,0.7316910983804219,2020P-2020D,-0.4248750470914183,FALSE
omnibus,All primary,standard,votechoice_dichotomized,Vote choice (dichotomized),emotion_anger,Emotion: Anger,TRUE,0.2172690121447686,0.27596433551839866,Combined,0.7873083010405276,FALSE
omnibus,All primary,standard,votechoice_dichotomized,Vote choice (dichotomized),explicit_vote_for,Explicit vote for,TRUE,-1.4484622585338598,1.1741904955672693,2020D-2018,-1.2335837021352192,FALSE
omnibus,All primary,standard,votechoice_dichotomized,Vote choice (dichotomized),explicit_vote_for,Explicit vote for,TRUE,-2.1264447159801043,1.024370306036219,2020P-2018,-2.075855482582603,TRUE
omnibus,All primary,standard,votechoice_dichotomized,Vote choice (dichotomized),explicit_vote_for,Explicit vote for,TRUE,-0.6779824574462447,0.687445900562126,2020P-2020D,-0.9862339085764524,FALSE
omnibus,All primary,standard,votechoice_dichotomized,Vote choice (dichotomized),explicit_vote_for,Explicit vote for,TRUE,0.20815733804893022,0.2391565654830214,Combined,0.8703810310560263,FALSE
omnibus,All primary,standard,votechoice_dichotomized,Vote choice (dichotomized),fact_new_yes,New fact,TRUE,0.10222520901590026,1.1108859215791007,2020D-2018,0.0920213381321723,FALSE
omnibus,All primary,standard,votechoice_dichotomized,Vote choice (dichotomized),fact_new_yes,New fact,TRUE,-0.3143204405658612,0.9611593661660132,2020P-2018,-0.3270221896912476,FALSE
omnibus,All primary,standard,votechoice_dichotomized,Vote choice (dichotomized),fact_new_yes,New fact,TRUE,-0.4165456495817615,0.6550334699295038,2020P-2020D,-0.6359150619075863,FALSE
omnibus,All primary,standard,votechoice_dichotomized,Vote choice (dichotomized),fact_new_yes,New fact,TRUE,-0.09222697912854183,0.2198304413802544,Combined,-0.41953688738226697,FALSE
omnibus,All primary,standard,votechoice_dichotomized,Vote choice (dichotomized),intercept,Intercept,FALSE,1.883507135990066,1.7585328093090646,2020D-2018,1.0710673841394545,FALSE
omnibus,All primary,standard,votechoice_dichotomized,Vote choice (dichotomized),intercept,Intercept,FALSE,1.9588025268814433,1.4911337157940585,2020P-2018,1.3136330472135704,FALSE
omnibus,All primary,standard,votechoice_dichotomized,Vote choice (dichotomized),intercept,Intercept,FALSE,0.07529539089137727,1.0542356572274973,2020P-2020D,0.07142178352171691,FALSE
omnibus,All primary,standard,votechoice_dichotomized,Vote choice (dichotomized),intercept,Intercept,FALSE,0.8834202943689706,0.3205103880486087,Combined,2.7562922367277243,TRUE
omnibus,All primary,standard,votechoice_dichotomized,Vote choice (dichotomized),messenger_politician,Messenger: Politician,TRUE,-0.8919325294233864,2.018574034727311,2020D-2018,-0.4418626783455468,FALSE
omnibus,All primary,standard,votechoice_dichotomized,Vote choice (dichotomized),messenger_politician,Messenger: Politician,TRUE,-2.4903731570213634,1.846428791953539,2020P-2018,-1.3487512585776598,FALSE
omnibus,All primary,standard,votechoice_dichotomized,Vote choice (dichotomized),messenger_politician,Messenger: Politician,TRUE,-1.598440627597977,0.9067622843301755,2020P-2020D,-1.7628000802644144,FALSE
omnibus,All primary,standard,votechoice_dichotomized,Vote choice (dichotomized),messenger_politician,Messenger: Politician,TRUE,0.14435948905126833,0.2635814437748044,Combined,0.5476845675623678,FALSE
omnibus,All primary,standard,votechoice_dichotomized,Vote choice (dichotomized),policy_facts,Policy facts,TRUE,0.614566454270157,1.3708818754657346,2020D-2018,0.4483000798747654,FALSE
omnibus,All primary,standard,votechoice_dichotomized,Vote choice (dichotomized),policy_facts,Policy facts,TRUE,0.8036070822642752,1.1918473787780315,2020P-2018,0.6742533453303321,FALSE
omnibus,All primary,standard,votechoice_dichotomized,Vote choice (dichotomized),policy_facts,Policy facts,TRUE,0.18904062799411825,0.8306744773751418,2020P-2020D,0.22757486012026035,FALSE
omnibus,All primary,standard,votechoice_dichotomized,Vote choice (dichotomized),policy_facts,Policy facts,TRUE,0.5420391770938052,0.29937388787034286,Combined,1.8105760023017081,FALSE
omnibus,All primary,standard,votechoice_dichotomized,Vote choice (dichotomized),primary_focus_candidate,Primary focus: Candidate,TRUE,0.35732144939421995,1.5436144074179605,2020D-2018,0.23148361901591719,FALSE
omnibus,All primary,standard,votechoice_dichotomized,Vote choice (dichotomized),primary_focus_candidate,Primary focus: Candidate,TRUE,0.2068144698690217,1.3882194256330331,2020P-2018,0.14897822782930265,FALSE
omnibus,All primary,standard,votechoice_dichotomized,Vote choice (dichotomized),primary_focus_candidate,Primary focus: Candidate,TRUE,-0.15050697952519826,0.8241644259250934,2020P-2020D,-0.18261766073712762,FALSE
omnibus,All primary,standard,votechoice_dichotomized,Vote choice (dichotomized),primary_focus_candidate,Primary focus: Candidate,TRUE,-0.06327567615818211,0.2980684293693347,Combined,-0.21228573684258797,FALSE
omnibus,All primary,standard,votechoice_dichotomized,Vote choice (dichotomized),primary_focus_issues,Primary focus: Issues,TRUE,-3.1363555800393716,1.7061704254391274,2020D-2018,-1.838242846831757,FALSE
omnibus,All primary,standard,votechoice_dichotomized,Vote choice (dichotomized),primary_focus_issues,Primary focus: Issues,TRUE,-3.1151563954933215,1.4380673902550436,2020P-2018,-2.1662103018279577,TRUE
omnibus,All primary,standard,votechoice_dichotomized,Vote choice (dichotomized),primary_focus_issues,Primary focus: Issues,TRUE,0.02119918454605052,1.0448257977964204,2020P-2020D,0.020289683304872883,FALSE
omnibus,All primary,standard,votechoice_dichotomized,Vote choice (dichotomized),primary_focus_issues,Primary focus: Issues,TRUE,-0.2354467257334497,0.32290520771048514,Combined,-0.7291512187209747,FALSE
omnibus,All primary,standard,votechoice_dichotomized,Vote choice (dichotomized),race_levelGov,Race: Gov,FALSE,-0.48655922583787037,1.5225695501014436,Combined,-0.31956453208029323,FALSE
omnibus,All primary,standard,votechoice_dichotomized,Vote choice (dichotomized),race_levelOther,Race: Other,FALSE,-0.6865803691670009,0.872320788723576,Combined,-0.7870732625455827,FALSE
omnibus,All primary,standard,votechoice_dichotomized,Vote choice (dichotomized),race_levelRunoff,Race: GA Runoff,FALSE,-1.520570654683227,0.6991169251822391,Combined,-2.174987616394581,TRUE
omnibus,All primary,standard,votechoice_dichotomized,Vote choice (dichotomized),race_levelStateLeg,Race: StateLeg,FALSE,-3.3305393140406885,3.0718317112712175,2020D-2018,-1.0842193281032346,FALSE
omnibus,All primary,standard,votechoice_dichotomized,Vote choice (dichotomized),race_levelStateLeg,Race: StateLeg,FALSE,-2.5954299089901087,0.9127408511392927,Combined,-2.843556203001614,TRUE
omnibus,All primary,standard,votechoice_dichotomized,Vote choice (dichotomized),technique_neg_name,Technique: Negative name-calling,TRUE,-1.356535149235548,1.4731943793327764,2020D-2018,-0.9208120586571444,FALSE
omnibus,All primary,standard,votechoice_dichotomized,Vote choice (dichotomized),technique_neg_name,Technique: Negative name-calling,TRUE,-0.7958748774645674,1.3381068895904422,2020P-2018,-0.5947767578628661,FALSE
omnibus,All primary,standard,votechoice_dichotomized,Vote choice (dichotomized),technique_neg_name,Technique: Negative name-calling,TRUE,0.5606602717709805,0.7728538180727338,2020P-2020D,0.7254415500839467,FALSE
omnibus,All primary,standard,votechoice_dichotomized,Vote choice (dichotomized),technique_neg_name,Technique: Negative name-calling,TRUE,0.19696392945157393,0.2906729230145532,Combined,0.6776136126092228,FALSE
omnibus,All primary,standard,votechoice_dichotomized,Vote choice (dichotomized),technique_neg_testimonial,Technique: Negative testimonial,TRUE,-0.4112821925111217,1.1839832566448132,2020D-2018,-0.3473716289507492,FALSE
omnibus,All primary,standard,votechoice_dichotomized,Vote choice (dichotomized),technique_neg_testimonial,Technique: Negative testimonial,TRUE,-0.6756696825878487,1.054398573684888,2020P-2018,-0.6408105051076973,FALSE
omnibus,All primary,standard,votechoice_dichotomized,Vote choice (dichotomized),technique_neg_testimonial,Technique: Negative testimonial,TRUE,-0.2643874900767269,0.6596757538728416,2020P-2020D,-0.4007840041483319,FALSE
omnibus,All primary,standard,votechoice_dichotomized,Vote choice (dichotomized),technique_neg_testimonial,Technique: Negative testimonial,TRUE,0.07979155640533224,0.23902889223549462,Combined,0.3338155302444379,FALSE
omnibus,All primary,standard,votechoice_dichotomized,Vote choice (dichotomized),technique_neg_transfer,Technique: Negative transfer of association,TRUE,-0.3920076769865085,1.2232088809321788,2020D-2018,-0.3204748453819013,FALSE
omnibus,All primary,standard,votechoice_dichotomized,Vote choice (dichotomized),technique_neg_transfer,Technique: Negative transfer of association,TRUE,-0.18875361479970323,1.0687988588896669,2020P-2018,-0.17660349581191725,FALSE
omnibus,All primary,standard,votechoice_dichotomized,Vote choice (dichotomized),technique_neg_transfer,Technique: Negative transfer of association,TRUE,0.20325406218680528,0.7339051800292026,2020P-2020D,0.27694866818996655,FALSE
omnibus,All primary,standard,votechoice_dichotomized,Vote choice (dichotomized),technique_neg_transfer,Technique: Negative transfer of association,TRUE,-0.04380100529617917,0.2670596531770288,Combined,-0.16401206537606156,FALSE
omnibus,All primary,standard,votechoice_dichotomized,Vote choice (dichotomized),technique_plain_folks,Technique: Plain folks,TRUE,0.48407435262922327,1.2685855491932232,2020D-2018,0.3815858953596609,FALSE
omnibus,All primary,standard,votechoice_dichotomized,Vote choice (dichotomized),technique_plain_folks,Technique: Plain folks,TRUE,-0.1622972603383228,1.0994070524162542,2020P-2018,-0.1476225388782337,FALSE
omnibus,All primary,standard,votechoice_dichotomized,Vote choice (dichotomized),technique_plain_folks,Technique: Plain folks,TRUE,-0.6463716129675461,0.7722357632745126,2020P-2020D,-0.8370133108401189,FALSE
omnibus,All primary,standard,votechoice_dichotomized,Vote choice (dichotomized),technique_plain_folks,Technique: Plain folks,TRUE,0.6824563078936025,0.27603421977922477,Combined,2.4723612472375294,TRUE
omnibus,All primary,standard,votechoice_dichotomized,Vote choice (dichotomized),technique_pos_name,Technique: Positive name-calling,TRUE,1.590040112300159,3.4384701406301397,2020D-2018,0.46242661627672754,FALSE
omnibus,All primary,standard,votechoice_dichotomized,Vote choice (dichotomized),technique_pos_name,Technique: Positive name-calling,TRUE,2.1441384725928176,3.2836240395584215,2020P-2018,0.6529792834873871,FALSE
omnibus,All primary,standard,votechoice_dichotomized,Vote choice (dichotomized),technique_pos_name,Technique: Positive name-calling,TRUE,0.5540983602926584,1.1589967081286876,2020P-2020D,0.4780844987793829,FALSE
omnibus,All primary,standard,votechoice_dichotomized,Vote choice (dichotomized),technique_pos_name,Technique: Positive name-calling,TRUE,0.1794002547040214,0.36400825768837947,Combined,0.49284666189524345,FALSE
omnibus,All primary,standard,votechoice_dichotomized,Vote choice (dichotomized),technique_pos_testimonial,Technique: Positive testimonial,TRUE,1.9606591101559463,1.794501494334469,2020D-2018,1.0925926316283734,FALSE
omnibus,All primary,standard,votechoice_dichotomized,Vote choice (dichotomized),technique_pos_testimonial,Technique: Positive testimonial,TRUE,1.4262644820287587,1.640660753781196,2020P-2018,0.8693232155042883,FALSE
omnibus,All primary,standard,votechoice_dichotomized,Vote choice (dichotomized),technique_pos_testimonial,Technique: Positive testimonial,TRUE,-0.5343946281271875,0.8095145107882824,2020P-2020D,-0.6601421234646049,FALSE
omnibus,All primary,standard,votechoice_dichotomized,Vote choice (dichotomized),technique_pos_testimonial,Technique: Positive testimonial,TRUE,0.12539499899030837,0.23677584798105716,Combined,0.5295937067041584,FALSE
omnibus,All primary,standard,votechoice_dichotomized,Vote choice (dichotomized),technique_pos_transfer,Technique: Positive transfer of association,TRUE,-0.36082412422355103,1.4804975759694399,2020D-2018,-0.24371814589921292,FALSE
omnibus,All primary,standard,votechoice_dichotomized,Vote choice (dichotomized),technique_pos_transfer,Technique: Positive transfer of association,TRUE,-1.0973017682388033,1.3059416499048,2020P-2018,-0.8402379756544207,FALSE
omnibus,All primary,standard,votechoice_dichotomized,Vote choice (dichotomized),technique_pos_transfer,Technique: Positive transfer of association,TRUE,-0.7364776440152522,0.8086251422940424,2020P-2020D,-0.9107775723197152,FALSE
omnibus,All primary,standard,votechoice_dichotomized,Vote choice (dichotomized),technique_pos_transfer,Technique: Positive transfer of association,TRUE,0.07378039780399202,0.264332438739596,Combined,0.2791197257355005,FALSE
omnibus,All primary and secondary,standard,favorability,Favorability,candidate_facts,Candidate facts,TRUE,-0.05473641020060516,1.3621054292817985,2020D-2018,-0.040185149419356025,FALSE
omnibus,All primary and secondary,standard,favorability,Favorability,candidate_facts,Candidate facts,TRUE,-1.086893557510161,1.1944339497532908,2020P-2018,-0.9099653921714616,FALSE
omnibus,All primary and secondary,standard,favorability,Favorability,candidate_facts,Candidate facts,TRUE,-1.0321571473095559,0.7796623181371737,2020P-2020D,-1.3238515230230201,FALSE
omnibus,All primary and secondary,standard,favorability,Favorability,candidate_facts,Candidate facts,TRUE,0.19951789596260008,0.2688286335537581,Combined,0.7421750180592358,FALSE
omnibus,All primary and secondary,standard,favorability,Favorability,emotion_anger,Emotion: Anger,TRUE,1.6428414995767153,1.089588277655133,2020D-2018,1.507763559197076,FALSE
omnibus,All primary and secondary,standard,favorability,Favorability,emotion_anger,Emotion: Anger,TRUE,1.016575789307128,0.9913232614743219,2020P-2018,1.0254735552106888,FALSE
omnibus,All primary and secondary,standard,favorability,Favorability,emotion_anger,Emotion: Anger,TRUE,-0.6262657102695871,0.5542359867674054,2020P-2020D,-1.1299621915969347,FALSE
omnibus,All primary and secondary,standard,favorability,Favorability,emotion_anger,Emotion: Anger,TRUE,-0.01203372530888021,0.20220654765836246,Combined,-0.05951204571877543,FALSE
omnibus,All primary and secondary,standard,favorability,Favorability,explicit_vote_for,Explicit vote for,TRUE,-2.4292234745792407,0.8111780362179398,2020D-2018,-2.994685958097834,TRUE
omnibus,All primary and secondary,standard,favorability,Favorability,explicit_vote_for,Explicit vote for,TRUE,-1.1073573348265064,0.6888910657752693,2020P-2018,-1.6074491161825426,FALSE
omnibus,All primary and secondary,standard,favorability,Favorability,explicit_vote_for,Explicit vote for,TRUE,1.3218661397527343,0.5153362608226421,2020P-2020D,2.5650555573997678,TRUE
omnibus,All primary and secondary,standard,favorability,Favorability,explicit_vote_for,Explicit vote for,TRUE,0.05512496769993938,0.17928201696450308,Combined,0.3074762802944918,FALSE
omnibus,All primary and secondary,standard,favorability,Favorability,fact_cite_yes,Cited fact,TRUE,0.5266548187030314,0.733996535145744,2020D-2018,0.7175167640245844,FALSE
omnibus,All primary and secondary,standard,favorability,Favorability,fact_cite_yes,Cited fact,TRUE,0.23415983104695992,0.6368296591300804,2020P-2018,0.36769617697584317,FALSE
omnibus,All primary and secondary,standard,favorability,Favorability,fact_cite_yes,Cited fact,TRUE,-0.29249498765607146,0.45283691178683616,2020P-2020D,-0.6459168412352339,FALSE
omnibus,All primary and secondary,standard,favorability,Favorability,fact_cite_yes,Cited fact,TRUE,-0.051107971388756335,0.16563679753009358,Combined,-0.3085544525785149,FALSE
omnibus,All primary and secondary,standard,favorability,Favorability,fact_new_yes,New fact,TRUE,1.5507841918316334,0.9292147746128286,2020D-2018,1.6689189993538265,FALSE
omnibus,All primary and secondary,standard,favorability,Favorability,fact_new_yes,New fact,TRUE,1.01925055639657,0.787657679950702,2020P-2018,1.2940273196604428,FALSE
omnibus,All primary and secondary,standard,favorability,Favorability,fact_new_yes,New fact,TRUE,-0.5315336354350634,0.5707781751314158,2020P-2020D,-0.9312437976674269,FALSE
omnibus,All primary and secondary,standard,favorability,Favorability,fact_new_yes,New fact,TRUE,0.20728973957293184,0.18439143917872947,Combined,1.1241830992598696,FALSE
omnibus,All primary and secondary,standard,favorability,Favorability,how_specific_candidate_fact_impute,Specificity: Candidate facts,TRUE,-0.33378011790631945,0.7908445687256549,2020D-2018,-0.422055269904886,FALSE
omnibus,All primary and secondary,standard,favorability,Favorability,how_specific_candidate_fact_impute,Specificity: Candidate facts,TRUE,-0.6781998240669036,0.6412429298383471,2020P-2018,-1.05763321903272,FALSE
omnibus,All primary and secondary,standard,favorability,Favorability,how_specific_candidate_fact_impute,Specificity: Candidate facts,TRUE,-0.34441970616058415,0.556766166214288,2020P-2020D,-0.618607464067822,FALSE
omnibus,All primary and secondary,standard,favorability,Favorability,how_specific_candidate_fact_impute,Specificity: Candidate facts,TRUE,-0.028123109176666453,0.19084481822686444,Combined,-0.14736113580634633,FALSE
omnibus,All primary and secondary,standard,favorability,Favorability,how_specific_policy_fact_impute,Specificity: Policy facts,TRUE,0.6967449775226423,0.8012049750898327,2020D-2018,0.8696213817750219,FALSE
omnibus,All primary and secondary,standard,favorability,Favorability,how_specific_policy_fact_impute,Specificity: Policy facts,TRUE,0.5305081063239832,0.6709367589607914,2020P-2018,0.7906976316898823,FALSE
omnibus,All primary and secondary,standard,favorability,Favorability,how_specific_policy_fact_impute,Specificity: Policy facts,TRUE,-0.1662368711986591,0.5369997414730053,2020P-2020D,-0.30956601718776755,FALSE
omnibus,All primary and secondary,standard,favorability,Favorability,how_specific_policy_fact_impute,Specificity: Policy facts,TRUE,0.38600774906099633,0.19118402983350194,Combined,2.0190376225313496,TRUE
omnibus,All primary and secondary,standard,favorability,Favorability,intercept,Intercept,FALSE,2.9513723858414056,1.5064353261186734,2020D-2018,1.9591762982919478,FALSE
omnibus,All primary and secondary,standard,favorability,Favorability,intercept,Intercept,FALSE,2.36536702828832,1.1203126440924833,2020P-2018,2.111345471963678,TRUE
omnibus,All primary and secondary,standard,favorability,Favorability,intercept,Intercept,FALSE,-0.5860053575530857,1.0879661419559836,2020P-2020D,-0.5386246271410108,FALSE
omnibus,All primary and secondary,standard,favorability,Favorability,intercept,Intercept,FALSE,0.41661693710768755,0.2714714747425165,Combined,1.5346619290400132,FALSE
omnibus,All primary and secondary,standard,favorability,Favorability,messenger_politician,Messenger: Politician,TRUE,-2.5033362009445943,1.1478474572249302,2020D-2018,-2.180896237725467,TRUE
omnibus,All primary and secondary,standard,favorability,Favorability,messenger_politician,Messenger: Politician,TRUE,-2.5861960128606696,0.9722342319348732,2020P-2018,-2.6600544682671803,TRUE
omnibus,All primary and secondary,standard,favorability,Favorability,messenger_politician,Messenger: Politician,TRUE,-0.08285981191607544,0.6738756948893349,2020P-2020D,-0.12296008380252213,FALSE
omnibus,All primary and secondary,standard,favorability,Favorability,messenger_politician,Messenger: Politician,TRUE,0.028681512918876405,0.18905822870943,Combined,0.15170729734783453,FALSE
omnibus,All primary and secondary,standard,favorability,Favorability,policy_facts,Policy facts,TRUE,-0.6274862694170901,1.1764180909506163,2020D-2018,-0.5333871301741403,FALSE
omnibus,All primary and secondary,standard,favorability,Favorability,policy_facts,Policy facts,TRUE,-0.2773294733065491,0.9711990454684188,2020P-2018,-0.2855536922122801,FALSE
omnibus,All primary and secondary,standard,favorability,Favorability,policy_facts,Policy facts,TRUE,0.35015679611054096,0.7835789612535943,2020P-2020D,0.44686855240517065,FALSE
omnibus,All primary and secondary,standard,favorability,Favorability,policy_facts,Policy facts,TRUE,-0.1674929070524597,0.26165183180666834,Combined,-0.6401365734607903,FALSE
omnibus,All primary and secondary,standard,favorability,Favorability,primary_focus_candidate,Primary focus: Candidate,TRUE,-0.7235098189718527,1.0853801314945655,2020D-2018,-0.6665957833368312,FALSE
omnibus,All primary and secondary,standard,favorability,Favorability,primary_focus_candidate,Primary focus: Candidate,TRUE,-0.8326381311179076,0.9197925428697014,2020P-2018,-0.9052455769212079,FALSE
omnibus,All primary and secondary,standard,favorability,Favorability,primary_focus_candidate,Primary focus: Candidate,TRUE,-0.10912831214605487,0.6792446051628276,2020P-2020D,-0.16066128654771542,FALSE
omnibus,All primary and secondary,standard,favorability,Favorability,primary_focus_candidate,Primary focus: Candidate,TRUE,0.09405681900861373,0.22784092499359967,Combined,0.41281792992745225,FALSE
omnibus,All primary and secondary,standard,favorability,Favorability,primary_focus_issues,Primary focus: Issues,TRUE,-4.00686530685076,1.2333861256619738,2020D-2018,-3.2486706502395797,TRUE
omnibus,All primary and secondary,standard,favorability,Favorability,primary_focus_issues,Primary focus: Issues,TRUE,-2.9850486455758563,0.9488918132090847,2020P-2018,-3.1458261142338597,TRUE
omnibus,All primary and secondary,standard,favorability,Favorability,primary_focus_issues,Primary focus: Issues,TRUE,1.021816661274904,0.8664627610431752,2020P-2020D,1.1792966844237955,FALSE
omnibus,All primary and secondary,standard,favorability,Favorability,primary_focus_issues,Primary focus: Issues,TRUE,0.3483234992094539,0.23537458412903378,Combined,1.4798687823427052,FALSE
omnibus,All primary and secondary,standard,favorability,Favorability,production_value_high,Production value: High,TRUE,-0.11553459770439645,0.9249922396199792,2020D-2018,-0.12490331567739671,FALSE
omnibus,All primary and secondary,standard,favorability,Favorability,production_value_high,Production value: High,TRUE,-0.8562986622509807,0.7363953962933633,2020P-2018,-1.1628245729959055,FALSE
omnibus,All primary and secondary,standard,favorability,Favorability,production_value_high,Production value: High,TRUE,-0.7407640645465843,0.6358619246277228,2020P-2020D,-1.1649762878635614,FALSE
omnibus,All primary and secondary,standard,favorability,Favorability,production_value_high,Production value: High,TRUE,0.2212375577243239,0.19323627055302453,Combined,1.144906994381346,FALSE
omnibus,All primary and secondary,standard,favorability,Favorability,race_levelGov,Race: Gov,FALSE,0.22836189532546627,0.8129337469095596,Combined,0.28091083214788964,FALSE
omnibus,All primary and secondary,standard,favorability,Favorability,race_levelOther,Race: Other,FALSE,-0.8805638068133438,0.6676818513680596,Combined,-1.318837414869216,FALSE
omnibus,All primary and secondary,standard,favorability,Favorability,race_levelStateLeg,Race: StateLeg,FALSE,-1.6787983939032216,1.1565789752011344,2020D-2018,-1.451520760708339,FALSE
omnibus,All primary and secondary,standard,favorability,Favorability,race_levelStateLeg,Race: StateLeg,FALSE,-1.0834933298984797,0.47364627363993594,Combined,-2.2875580157570226,TRUE
omnibus,All primary and secondary,standard,favorability,Favorability,technique_neg_name,Technique: Negative name-calling,TRUE,-1.3735491486980669,0.9716084304759656,2020D-2018,-1.413685910511502,FALSE
omnibus,All primary and secondary,standard,favorability,Favorability,technique_neg_name,Technique: Negative name-calling,TRUE,-0.8145689172408112,0.8550303559201349,2020P-2018,-0.9526783600147373,FALSE
omnibus,All primary and secondary,standard,favorability,Favorability,technique_neg_name,Technique: Negative name-calling,TRUE,0.5589802314572556,0.5881941305235889,2020P-2020D,0.9503328959771697,FALSE
omnibus,All primary and secondary,standard,favorability,Favorability,technique_neg_name,Technique: Negative name-calling,TRUE,0.056463329272065745,0.22295168428861772,Combined,0.25325365651408244,FALSE
omnibus,All primary and secondary,standard,favorability,Favorability,technique_neg_testimonial,Technique: Negative testimonial,TRUE,-0.755908644364009,0.8142772506087026,2020D-2018,-0.9283185104323363,FALSE
omnibus,All primary and secondary,standard,favorability,Favorability,technique_neg_testimonial,Technique: Negative testimonial,TRUE,-1.2963638313216992,0.7053119471641209,2020P-2018,-1.8380006698228306,FALSE
omnibus,All primary and secondary,standard,favorability,Favorability,technique_neg_testimonial,Technique: Negative testimonial,TRUE,-0.5404551869576902,0.48659086708201954,2020P-2020D,-1.1106973507305704,FALSE
omnibus,All primary and secondary,standard,favorability,Favorability,technique_neg_testimonial,Technique: Negative testimonial,TRUE,0.24288267272375025,0.1684771846978919,Combined,1.4416353950790426,FALSE
omnibus,All primary and secondary,standard,favorability,Favorability,technique_neg_transfer,Technique: Negative transfer of association,TRUE,-0.10474050200751173,0.8226308363587101,2020D-2018,-0.12732382179002025,FALSE
omnibus,All primary and secondary,standard,favorability,Favorability,technique_neg_transfer,Technique: Negative transfer of association,TRUE,-0.2964701902775307,0.7289635379884689,2020P-2018,-0.4067009868499354,FALSE
omnibus,All primary and secondary,standard,favorability,Favorability,technique_neg_transfer,Technique: Negative transfer of association,TRUE,-0.19172968827001896,0.4972099981290679,2020P-2020D,-0.3856110878531629,FALSE
omnibus,All primary and secondary,standard,favorability,Favorability,technique_neg_transfer,Technique: Negative transfer of association,TRUE,-0.010144787589567909,0.19314373100747964,Combined,-0.052524550171266206,FALSE
omnibus,All primary and secondary,standard,favorability,Favorability,technique_plain_folks,Technique: Plain folks,TRUE,0.05213075940851769,0.9629769287602103,2020D-2018,0.05413500349965155,FALSE
omnibus,All primary and secondary,standard,favorability,Favorability,technique_plain_folks,Technique: Plain folks,TRUE,-0.21470161475469726,0.7982019275058313,2020P-2018,-0.26898157891648133,FALSE
omnibus,All primary and secondary,standard,favorability,Favorability,technique_plain_folks,Technique: Plain folks,TRUE,-0.2668323741632149,0.6246213713286622,2020P-2020D,-0.4271905932319013,FALSE
omnibus,All primary and secondary,standard,favorability,Favorability,technique_plain_folks,Technique: Plain folks,TRUE,0.24620615231533866,0.20140633910046016,Combined,1.2224349710886342,FALSE
omnibus,All primary and secondary,standard,favorability,Favorability,technique_pos_name,Technique: Positive name-calling,TRUE,-1.9490841182883347,1.9531610294500217,2020D-2018,-0.9979126599905411,FALSE
omnibus,All primary and secondary,standard,favorability,Favorability,technique_pos_name,Technique: Positive name-calling,TRUE,-1.382348662497392,1.8246534114820065,2020P-2018,-0.7575951979694768,FALSE
omnibus,All primary and secondary,standard,favorability,Favorability,technique_pos_name,Technique: Positive name-calling,TRUE,0.566735455790943,0.7989995792688571,2020P-2020D,0.7093063256798549,FALSE
omnibus,All primary and secondary,standard,favorability,Favorability,technique_pos_name,Technique: Positive name-calling,TRUE,-0.17293789354621175,0.2567861753885121,Combined,-0.6734704206118586,FALSE
omnibus,All primary and secondary,standard,favorability,Favorability,technique_pos_testimonial,Technique: Positive testimonial,TRUE,-1.2074967093448725,1.1564106156422613,2020D-2018,-1.0441764309420822,FALSE
omnibus,All primary and secondary,standard,favorability,Favorability,technique_pos_testimonial,Technique: Positive testimonial,TRUE,-1.020586435817888,0.9628876918214717,2020P-2018,-1.0599226103796893,FALSE
omnibus,All primary and secondary,standard,favorability,Favorability,technique_pos_testimonial,Technique: Positive testimonial,TRUE,0.18691027352698453,0.6939309484133696,2020P-2020D,0.2693499604742278,FALSE
omnibus,All primary and secondary,standard,favorability,Favorability,technique_pos_testimonial,Technique: Positive testimonial,TRUE,0.18997263847238494,0.17853424894409178,Combined,1.0640683207616657,FALSE
omnibus,All primary and secondary,standard,favorability,Favorability,technique_pos_transfer,Technique: Positive transfer of association,TRUE,0.046090473551481215,0.9917742933056279,2020D-2018,0.04647274471882066,FALSE
omnibus,All primary and secondary,standard,favorability,Favorability,technique_pos_transfer,Technique: Positive transfer of association,TRUE,0.7268023013741914,0.7792422872411497,2020P-2018,0.9327038756423008,FALSE
omnibus,All primary and secondary,standard,favorability,Favorability,technique_pos_transfer,Technique: Positive transfer of association,TRUE,0.6807118278227102,0.6789518213817509,2020P-2020D,1.002592240547168,FALSE
omnibus,All primary and secondary,standard,favorability,Favorability,technique_pos_transfer,Technique: Positive transfer of association,TRUE,-0.03815428925439633,0.18964238962820937,Combined,-0.20119072180643344,FALSE
omnibus,All primary and secondary,standard,votechoice,Vote choice,candidate_facts,Candidate facts,TRUE,0.9528428422944458,1.6290600496064218,2020D-2018,0.5849034493999475,FALSE
omnibus,All primary and secondary,standard,votechoice,Vote choice,candidate_facts,Candidate facts,TRUE,-0.2973501033344532,1.5354067994429548,2020P-2018,-0.19366209882770596,FALSE
omnibus,All primary and secondary,standard,votechoice,Vote choice,candidate_facts,Candidate facts,TRUE,-1.2501929456288992,0.644205807057579,2020P-2020D,-1.940673200912573,FALSE
omnibus,All primary and secondary,standard,votechoice,Vote choice,candidate_facts,Candidate facts,TRUE,0.10078618956301792,0.22302454606596198,Combined,0.45190626476248624,FALSE
omnibus,All primary and secondary,standard,votechoice,Vote choice,emotion_anger,Emotion: Anger,TRUE,-0.7019054422568893,1.3397242347528755,2020D-2018,-0.523917851188504,FALSE
omnibus,All primary and secondary,standard,votechoice,Vote choice,emotion_anger,Emotion: Anger,TRUE,-0.670196198913934,1.2856656474329091,2020P-2018,-0.5212834303009619,FALSE
omnibus,All primary and secondary,standard,votechoice,Vote choice,emotion_anger,Emotion: Anger,TRUE,0.03170924334295544,0.4668535124872629,2020P-2020D,0.06792118404340067,FALSE
omnibus,All primary and secondary,standard,votechoice,Vote choice,emotion_anger,Emotion: Anger,TRUE,0.2871402909740755,0.17545748186181082,Combined,1.6365234923422949,FALSE
omnibus,All primary and secondary,standard,votechoice,Vote choice,explicit_vote_for,Explicit vote for,TRUE,-2.4217621264033324,0.9480790678636282,2020D-2018,-2.554388350605035,TRUE
omnibus,All primary and secondary,standard,votechoice,Vote choice,explicit_vote_for,Explicit vote for,TRUE,-1.8335375499324902,0.8720191711420352,2020P-2018,-2.1026344495743228,TRUE
omnibus,All primary and secondary,standard,votechoice,Vote choice,explicit_vote_for,Explicit vote for,TRUE,0.5882245764708423,0.43903718191514063,2020P-2020D,1.3398058312622307,FALSE
omnibus,All primary and secondary,standard,votechoice,Vote choice,explicit_vote_for,Explicit vote for,TRUE,0.251642584799591,0.15037444971116198,Combined,1.6734397717361162,FALSE
omnibus,All primary and secondary,standard,votechoice,Vote choice,fact_cite_yes,Cited fact,TRUE,-0.4342968356512882,0.900991648661654,2020D-2018,-0.48202093359733017,FALSE
omnibus,All primary and secondary,standard,votechoice,Vote choice,fact_cite_yes,Cited fact,TRUE,-0.7276881920512676,0.8262904883340976,2020P-2018,-0.8806687264649212,FALSE
omnibus,All primary and secondary,standard,votechoice,Vote choice,fact_cite_yes,Cited fact,TRUE,-0.2933913563999793,0.42975750917220107,2020P-2020D,-0.6826904711103472,FALSE
omnibus,All primary and secondary,standard,votechoice,Vote choice,fact_cite_yes,Cited fact,TRUE,-0.17143205543279788,0.15104184507405502,Combined,-1.134997095333056,FALSE
omnibus,All primary and secondary,standard,votechoice,Vote choice,fact_new_yes,New fact,TRUE,0.5036234383614899,1.0712827770988105,2020D-2018,0.47011251289353817,FALSE
omnibus,All primary and secondary,standard,votechoice,Vote choice,fact_new_yes,New fact,TRUE,0.24238423160002115,0.9777664175613128,2020P-2018,0.24789584429025655,FALSE
omnibus,All primary and secondary,standard,votechoice,Vote choice,fact_new_yes,New fact,TRUE,-0.2612392067614688,0.4988977224234486,2020P-2020D,-0.5236327908904287,FALSE
omnibus,All primary and secondary,standard,votechoice,Vote choice,fact_new_yes,New fact,TRUE,0.09389203997742146,0.1570669483830558,Combined,0.5977835626400343,FALSE
omnibus,All primary and secondary,standard,votechoice,Vote choice,how_specific_candidate_fact_impute,Specificity: Candidate facts,TRUE,-0.7086342007744897,0.8861455554655576,2020D-2018,-0.7996814929599143,FALSE
omnibus,All primary and secondary,standard,votechoice,Vote choice,how_specific_candidate_fact_impute,Specificity: Candidate facts,TRUE,-0.41620533533609,0.7862679243763581,2020P-2018,-0.5293428899140333,FALSE
omnibus,All primary and secondary,standard,votechoice,Vote choice,how_specific_candidate_fact_impute,Specificity: Candidate facts,TRUE,0.29242886543839963,0.48116954687373026,2020P-2020D,0.6077459958519352,FALSE
omnibus,All primary and secondary,standard,votechoice,Vote choice,how_specific_candidate_fact_impute,Specificity: Candidate facts,TRUE,-0.10009090164661726,0.1627826838898333,Combined,-0.6148743788642528,FALSE
omnibus,All primary and secondary,standard,votechoice,Vote choice,how_specific_policy_fact_impute,Specificity: Policy facts,TRUE,-0.7240026706389842,0.9261430976088694,2020D-2018,-0.7817395308653982,FALSE
omnibus,All primary and secondary,standard,votechoice,Vote choice,how_specific_policy_fact_impute,Specificity: Policy facts,TRUE,-0.45527468950914507,0.8514278427473809,2020P-2018,-0.5347190526916152,FALSE
omnibus,All primary and secondary,standard,votechoice,Vote choice,how_specific_policy_fact_impute,Specificity: Policy facts,TRUE,0.26872798112983914,0.45031193188593827,2020P-2020D,0.5967596283855667,FALSE
omnibus,All primary and secondary,standard,votechoice,Vote choice,how_specific_policy_fact_impute,Specificity: Policy facts,TRUE,0.061084517567877715,0.1666828315476252,Combined,0.36647156159225935,FALSE
omnibus,All primary and secondary,standard,votechoice,Vote choice,intercept,Intercept,FALSE,2.137684974658379,1.5643174358917051,2020D-2018,1.3665288934402486,FALSE
omnibus,All primary and secondary,standard,votechoice,Vote choice,intercept,Intercept,FALSE,2.0897211194792673,1.409729092866565,2020P-2018,1.4823565251320707,FALSE
omnibus,All primary and secondary,standard,votechoice,Vote choice,intercept,Intercept,FALSE,-0.047963855179111836,0.7574587084379883,2020P-2020D,-0.06332207240447688,FALSE
omnibus,All primary and secondary,standard,votechoice,Vote choice,intercept,Intercept,FALSE,0.6304797568871895,0.2236151749235513,Combined,2.819485560864711,TRUE
omnibus,All primary and secondary,standard,votechoice,Vote choice,messenger_politician,Messenger: Politician,TRUE,-1.0394437582036122,1.6507165932724501,2020D-2018,-0.6296924392956971,FALSE
omnibus,All primary and secondary,standard,votechoice,Vote choice,messenger_politician,Messenger: Politician,TRUE,-1.6124037498659585,1.569367577619748,2020P-2018,-1.0274226209716166,FALSE
omnibus,All primary and secondary,standard,votechoice,Vote choice,messenger_politician,Messenger: Politician,TRUE,-0.5729599916623463,0.5685768037731042,2020P-2020D,-1.0077090515479266,FALSE
omnibus,All primary and secondary,standard,votechoice,Vote choice,messenger_politician,Messenger: Politician,TRUE,0.106935169059145,0.16565818409156832,Combined,0.6455169700522378,FALSE
omnibus,All primary and secondary,standard,votechoice,Vote choice,policy_facts,Policy facts,TRUE,0.9251210762195374,1.3598164323599553,2020D-2018,0.6803279135360896,FALSE
omnibus,All primary and secondary,standard,votechoice,Vote choice,policy_facts,Policy facts,TRUE,1.3511590039853751,1.26890191839019,2020P-2018,1.0648254088066489,FALSE
omnibus,All primary and secondary,standard,votechoice,Vote choice,policy_facts,Policy facts,TRUE,0.42603792776583777,0.6120981172430293,2020P-2020D,0.6960288159107053,FALSE
omnibus,All primary and secondary,standard,votechoice,Vote choice,policy_facts,Policy facts,TRUE,0.2440574813819822,0.2315669574697959,Combined,1.0539391459328367,FALSE
omnibus,All primary and secondary,standard,votechoice,Vote choice,primary_focus_candidate,Primary focus: Candidate,TRUE,0.08510624986605164,1.2332875430112376,2020D-2018,0.0690076295251092,FALSE
omnibus,All primary and secondary,standard,votechoice,Vote choice,primary_focus_candidate,Primary focus: Candidate,TRUE,0.4243025290059564,1.1592897566068208,2020P-2018,0.3660021375914398,FALSE
omnibus,All primary and secondary,standard,votechoice,Vote choice,primary_focus_candidate,Primary focus: Candidate,TRUE,0.33919627913990474,0.5163186408087979,2020P-2020D,0.656951448835091,FALSE
omnibus,All primary and secondary,standard,votechoice,Vote choice,primary_focus_candidate,Primary focus: Candidate,TRUE,-0.17051573167466239,0.19029683773173597,Combined,-0.8960513149201182,FALSE
omnibus,All primary and secondary,standard,votechoice,Vote choice,primary_focus_issues,Primary focus: Issues,TRUE,-2.7763726321221696,1.3478381473796182,2020D-2018,-2.0598709403794646,TRUE
omnibus,All primary and secondary,standard,votechoice,Vote choice,primary_focus_issues,Primary focus: Issues,TRUE,-2.9940912903907897,1.224838934744308,2020P-2018,-2.4444775598318347,TRUE
omnibus,All primary and secondary,standard,votechoice,Vote choice,primary_focus_issues,Primary focus: Issues,TRUE,-0.21771865826862027,0.6427567996238959,2020P-2020D,-0.3387263400340792,FALSE
omnibus,All primary and secondary,standard,votechoice,Vote choice,primary_focus_issues,Primary focus: Issues,TRUE,-0.3166375746553774,0.20364607008232122,Combined,-1.554842548777793,FALSE
omnibus,All primary and secondary,standard,votechoice,Vote choice,production_value_high,Production value: High,TRUE,0.49996794967571484,1.0676213251544087,2020D-2018,0.46830082717147403,FALSE
omnibus,All primary and secondary,standard,votechoice,Vote choice,production_value_high,Production value: High,TRUE,-0.4056801026608149,0.9683414540796418,2020P-2018,-0.41894323634672104,FALSE
omnibus,All primary and secondary,standard,votechoice,Vote choice,production_value_high,Production value: High,TRUE,-0.9056480523365297,0.5076143923846929,2020P-2020D,-1.7841260333103186,FALSE
omnibus,All primary and secondary,standard,votechoice,Vote choice,production_value_high,Production value: High,TRUE,0.17197554608395432,0.15530998267232576,Combined,1.1073051656105692,FALSE
omnibus,All primary and secondary,standard,votechoice,Vote choice,race_levelGov,Race: Gov,FALSE,-0.8414857902361771,1.2783358856300795,Combined,-0.6582665789918092,FALSE
omnibus,All primary and secondary,standard,votechoice,Vote choice,race_levelOther,Race: Other,FALSE,-1.0062950473793633,0.5851441568494078,Combined,-1.7197386927651446,FALSE
omnibus,All primary and secondary,standard,votechoice,Vote choice,race_levelRunoff,Race: GA Runoff,FALSE,-0.8679459528156261,0.4445711123734195,Combined,-1.9523219765268758,FALSE
omnibus,All primary and secondary,standard,votechoice,Vote choice,race_levelStateLeg,Race: StateLeg,FALSE,-0.5680954176562667,2.419729274378058,2020D-2018,-0.23477643704677834,FALSE
omnibus,All primary and secondary,standard,votechoice,Vote choice,race_levelStateLeg,Race: StateLeg,FALSE,-1.7207482301528556,0.5538034588152722,Combined,-3.107146051117084,TRUE
omnibus,All primary and secondary,standard,votechoice,Vote choice,technique_neg_name,Technique: Negative name-calling,TRUE,-1.3337881680696007,1.2227649879647418,2020D-2018,-1.090796826207507,FALSE
omnibus,All primary and secondary,standard,votechoice,Vote choice,technique_neg_name,Technique: Negative name-calling,TRUE,-1.0424065834741179,1.161731412868732,2020P-2018,-0.8972870767951792,FALSE
omnibus,All primary and secondary,standard,votechoice,Vote choice,technique_neg_name,Technique: Negative name-calling,TRUE,0.29138158459548275,0.4789046874038358,2020P-2020D,0.6084333527305311,FALSE
omnibus,All primary and secondary,standard,votechoice,Vote choice,technique_neg_name,Technique: Negative name-calling,TRUE,0.05697377075280129,0.18269098658076335,Combined,0.31185868454224225,FALSE
omnibus,All primary and secondary,standard,votechoice,Vote choice,technique_neg_testimonial,Technique: Negative testimonial,TRUE,-0.3976675550798082,0.9734348674247957,2020D-2018,-0.40851994148497117,FALSE
omnibus,All primary and secondary,standard,votechoice,Vote choice,technique_neg_testimonial,Technique: Negative testimonial,TRUE,-1.057472261098224,0.9111770732718826,2020P-2018,-1.1605562652065202,FALSE
omnibus,All primary and secondary,standard,votechoice,Vote choice,technique_neg_testimonial,Technique: Negative testimonial,TRUE,-0.6598047060184157,0.41802594437549656,2020P-2020D,-1.5783821910961071,FALSE
omnibus,All primary and secondary,standard,votechoice,Vote choice,technique_neg_testimonial,Technique: Negative testimonial,TRUE,0.11956694771068925,0.15262308526007898,Combined,0.7834132530274822,FALSE
omnibus,All primary and secondary,standard,votechoice,Vote choice,technique_neg_transfer,Technique: Negative transfer of association,TRUE,-0.5031707613764136,1.00368696733733,2020D-2018,-0.5013224020545666,FALSE
omnibus,All primary and secondary,standard,votechoice,Vote choice,technique_neg_transfer,Technique: Negative transfer of association,TRUE,-0.27898585034415224,0.9281078043022258,2020P-2018,-0.30059638444038367,FALSE
omnibus,All primary and secondary,standard,votechoice,Vote choice,technique_neg_transfer,Technique: Negative transfer of association,TRUE,0.22418491103226135,0.46802333504470656,2020P-2020D,0.479003703973108,FALSE
omnibus,All primary and secondary,standard,votechoice,Vote choice,technique_neg_transfer,Technique: Negative transfer of association,TRUE,0.13335736711042767,0.17131631108563142,Combined,0.7784277297668977,FALSE
omnibus,All primary and secondary,standard,votechoice,Vote choice,technique_plain_folks,Technique: Plain folks,TRUE,-0.018752828421371603,1.0309261037134712,2020D-2018,-0.018190274117439207,FALSE
omnibus,All primary and secondary,standard,votechoice,Vote choice,technique_plain_folks,Technique: Plain folks,TRUE,-0.6482628565875705,0.9411584074074064,2020P-2018,-0.688792504519329,FALSE
omnibus,All primary and secondary,standard,votechoice,Vote choice,technique_plain_folks,Technique: Plain folks,TRUE,-0.6295100281661989,0.503634807457497,2020P-2020D,-1.249933520965635,FALSE
omnibus,All primary and secondary,standard,votechoice,Vote choice,technique_plain_folks,Technique: Plain folks,TRUE,0.43170268532561423,0.1769781974108296,Combined,2.439298691259004,TRUE
omnibus,All primary and secondary,standard,votechoice,Vote choice,technique_pos_name,Technique: Positive name-calling,TRUE,-0.030943012488522714,3.0070083507113194,2020D-2018,-0.010290298156705492,FALSE
omnibus,All primary and secondary,standard,votechoice,Vote choice,technique_pos_name,Technique: Positive name-calling,TRUE,0.6435844016646626,2.936207031662637,2020P-2018,0.2191890403927787,FALSE
omnibus,All primary and secondary,standard,votechoice,Vote choice,technique_pos_name,Technique: Positive name-calling,TRUE,0.6745274141531853,0.7339653096355814,2020P-2020D,0.9190181133875286,FALSE
omnibus,All primary and secondary,standard,votechoice,Vote choice,technique_pos_name,Technique: Positive name-calling,TRUE,0.016694597703695566,0.2284425746937154,Combined,0.07308006279511979,FALSE
omnibus,All primary and secondary,standard,votechoice,Vote choice,technique_pos_testimonial,Technique: Positive testimonial,TRUE,1.4225497491334402,1.5471391478747087,2020D-2018,0.9194711096849848,FALSE
omnibus,All primary and secondary,standard,votechoice,Vote choice,technique_pos_testimonial,Technique: Positive testimonial,TRUE,1.1384544011436764,1.469330367172312,2020P-2018,0.7748117282395804,FALSE
omnibus,All primary and secondary,standard,votechoice,Vote choice,technique_pos_testimonial,Technique: Positive testimonial,TRUE,-0.2840953479897638,0.5363493385385107,2020P-2020D,-0.5296834126129258,FALSE
omnibus,All primary and secondary,standard,votechoice,Vote choice,technique_pos_testimonial,Technique: Positive testimonial,TRUE,0.14688131242611063,0.1541933584088279,Combined,0.9525787228569851,FALSE
omnibus,All primary and secondary,standard,votechoice,Vote choice,technique_pos_transfer,Technique: Positive transfer of association,TRUE,0.40994951293005033,1.2180237471773274,2020D-2018,0.3365693927397356,FALSE
omnibus,All primary and secondary,standard,votechoice,Vote choice,technique_pos_transfer,Technique: Positive transfer of association,TRUE,-0.41999901139317597,1.1279982482633075,2020P-2018,-0.37234012733602756,FALSE
omnibus,All primary and secondary,standard,votechoice,Vote choice,technique_pos_transfer,Technique: Positive transfer of association,TRUE,-0.8299485243232263,0.5265373944087153,2020P-2020D,-1.5762385219671473,FALSE
omnibus,All primary and secondary,standard,votechoice,Vote choice,technique_pos_transfer,Technique: Positive transfer of association,TRUE,0.1009865027220463,0.1685828635236096,Combined,0.5990318387722925,FALSE
omnibus,All primary and secondary,standard,votechoice_dichotomized,Vote choice (dichotomized),candidate_facts,Candidate facts,TRUE,1.725445618417753,2.10908113467926,2020D-2018,0.8181030070614858,FALSE
omnibus,All primary and secondary,standard,votechoice_dichotomized,Vote choice (dichotomized),candidate_facts,Candidate facts,TRUE,-0.3210560438470997,1.9056157949898649,2020P-2018,-0.1684788952165498,FALSE
omnibus,All primary and secondary,standard,votechoice_dichotomized,Vote choice (dichotomized),candidate_facts,Candidate facts,TRUE,-2.0465016622648524,1.0604658230456423,2020P-2020D,-1.9298138778177025,FALSE
omnibus,All primary and secondary,standard,votechoice_dichotomized,Vote choice (dichotomized),candidate_facts,Candidate facts,TRUE,-0.08766789739721494,0.35767242695393303,Combined,-0.2451066696525261,FALSE
omnibus,All primary and secondary,standard,votechoice_dichotomized,Vote choice (dichotomized),emotion_anger,Emotion: Anger,TRUE,-0.7799084924324009,1.685581580255985,2020D-2018,-0.4626940051836341,FALSE
omnibus,All primary and secondary,standard,votechoice_dichotomized,Vote choice (dichotomized),emotion_anger,Emotion: Anger,TRUE,-0.9919373241297667,1.5717465139678382,2020P-2018,-0.6311051529712915,FALSE
omnibus,All primary and secondary,standard,votechoice_dichotomized,Vote choice (dichotomized),emotion_anger,Emotion: Anger,TRUE,-0.21202883169736567,0.7531144705897441,2020P-2020D,-0.2815359948286898,FALSE
omnibus,All primary and secondary,standard,votechoice_dichotomized,Vote choice (dichotomized),emotion_anger,Emotion: Anger,TRUE,0.2431876987829853,0.28018832799921284,Combined,0.8679437167120984,FALSE
omnibus,All primary and secondary,standard,votechoice_dichotomized,Vote choice (dichotomized),explicit_vote_for,Explicit vote for,TRUE,-1.80219617452839,1.2328400236565134,2020D-2018,-1.4618248434076695,FALSE
omnibus,All primary and secondary,standard,votechoice_dichotomized,Vote choice (dichotomized),explicit_vote_for,Explicit vote for,TRUE,-2.2514889073827953,1.070072201697885,2020P-2018,-2.104053262770825,TRUE
omnibus,All primary and secondary,standard,votechoice_dichotomized,Vote choice (dichotomized),explicit_vote_for,Explicit vote for,TRUE,-0.44929273285440496,0.7203993589034197,2020P-2020D,-0.6236717555361392,FALSE
omnibus,All primary and secondary,standard,votechoice_dichotomized,Vote choice (dichotomized),explicit_vote_for,Explicit vote for,TRUE,0.18554608293978683,0.24221216788436856,Combined,0.7660477364141591,FALSE
omnibus,All primary and secondary,standard,votechoice_dichotomized,Vote choice (dichotomized),fact_cite_yes,Cited fact,TRUE,-0.7441029500308171,1.175377492255762,2020D-2018,-0.633075718170125,FALSE
omnibus,All primary and secondary,standard,votechoice_dichotomized,Vote choice (dichotomized),fact_cite_yes,Cited fact,TRUE,-1.0427628250040382,1.022644983958269,2020P-2018,-1.0196723607521163,FALSE
omnibus,All primary and secondary,standard,votechoice_dichotomized,Vote choice (dichotomized),fact_cite_yes,Cited fact,TRUE,-0.2986598749732212,0.6916586087558019,2020P-2020D,-0.4318024400946429,FALSE
omnibus,All primary and secondary,standard,votechoice_dichotomized,Vote choice (dichotomized),fact_cite_yes,Cited fact,TRUE,-0.132114264957125,0.2390452047575148,Combined,-0.5526748176820382,FALSE
omnibus,All primary and secondary,standard,votechoice_dichotomized,Vote choice (dichotomized),fact_new_yes,New fact,TRUE,1.3839896324522138,1.4032923062982792,2020D-2018,0.9862447233841226,FALSE
omnibus,All primary and secondary,standard,votechoice_dichotomized,Vote choice (dichotomized),fact_new_yes,New fact,TRUE,0.6254579149787243,1.2019488440841481,2020P-2018,0.5203698294292266,FALSE
omnibus,All primary and secondary,standard,votechoice_dichotomized,Vote choice (dichotomized),fact_new_yes,New fact,TRUE,-0.7585317174734895,0.8216027060800781,2020P-2020D,-0.9232342004963633,FALSE
omnibus,All primary and secondary,standard,votechoice_dichotomized,Vote choice (dichotomized),fact_new_yes,New fact,TRUE,-0.12190924034031499,0.25247343024871594,Combined,-0.4828596823840833,FALSE
omnibus,All primary and secondary,standard,votechoice_dichotomized,Vote choice (dichotomized),how_specific_candidate_fact_impute,Specificity: Candidate facts,TRUE,-1.5447050052579232,1.2033905212085596,2020D-2018,-1.2836273662074245,FALSE
omnibus,All primary and secondary,standard,votechoice_dichotomized,Vote choice (dichotomized),how_specific_candidate_fact_impute,Specificity: Candidate facts,TRUE,-0.3573386331641967,0.9864032917308931,2020P-2018,-0.362264234273951,FALSE
omnibus,All primary and secondary,standard,votechoice_dichotomized,Vote choice (dichotomized),how_specific_candidate_fact_impute,Specificity: Candidate facts,TRUE,1.1873663720937264,0.8044210105162765,2020P-2020D,1.4760509193210607,FALSE
omnibus,All primary and secondary,standard,votechoice_dichotomized,Vote choice (dichotomized),how_specific_candidate_fact_impute,Specificity: Candidate facts,TRUE,0.18425074698404137,0.2622356688108106,Combined,0.702615124096519,FALSE
omnibus,All primary and secondary,standard,votechoice_dichotomized,Vote choice (dichotomized),how_specific_policy_fact_impute,Specificity: Policy facts,TRUE,-1.3845001702054072,1.2164885562238095,2020D-2018,-1.1381119560245883,FALSE
omnibus,All primary and secondary,standard,votechoice_dichotomized,Vote choice (dichotomized),how_specific_policy_fact_impute,Specificity: Policy facts,TRUE,-1.1118538576135397,1.0576164345150902,2020P-2018,-1.0512826969479885,FALSE
omnibus,All primary and secondary,standard,votechoice_dichotomized,Vote choice (dichotomized),how_specific_policy_fact_impute,Specificity: Policy facts,TRUE,0.2726463125918675,0.7403947762142374,2020P-2020D,0.3682445113753419,FALSE
omnibus,All primary and secondary,standard,votechoice_dichotomized,Vote choice (dichotomized),how_specific_policy_fact_impute,Specificity: Policy facts,TRUE,0.05395543929797424,0.26845358902109645,Combined,0.20098609780081633,FALSE
omnibus,All primary and secondary,standard,votechoice_dichotomized,Vote choice (dichotomized),intercept,Intercept,FALSE,2.1386243416006145,2.071455445917265,2020D-2018,1.0324259427426914,FALSE
omnibus,All primary and secondary,standard,votechoice_dichotomized,Vote choice (dichotomized),intercept,Intercept,FALSE,2.429123213828092,1.7511537867118347,2020P-2018,1.3871558467684837,FALSE
omnibus,All primary and secondary,standard,votechoice_dichotomized,Vote choice (dichotomized),intercept,Intercept,FALSE,0.2904988722274774,1.236862516576674,2020P-2020D,0.2348675526456292,FALSE
omnibus,All primary and secondary,standard,votechoice_dichotomized,Vote choice (dichotomized),intercept,Intercept,FALSE,0.7155048320897639,0.3623268079172319,Combined,1.974749912110313,TRUE
omnibus,All primary and secondary,standard,votechoice_dichotomized,Vote choice (dichotomized),messenger_politician,Messenger: Politician,TRUE,-1.1679841471961103,2.0927217607848965,2020D-2018,-0.5581172657936362,FALSE
omnibus,All primary and secondary,standard,votechoice_dichotomized,Vote choice (dichotomized),messenger_politician,Messenger: Politician,TRUE,-2.6796538047083858,1.9119185676588795,2020P-2018,-1.4015522679868049,FALSE
omnibus,All primary and secondary,standard,votechoice_dichotomized,Vote choice (dichotomized),messenger_politician,Messenger: Politician,TRUE,-1.5116696575122752,0.9415723505074494,2020P-2020D,-1.6054737128778034,FALSE
omnibus,All primary and secondary,standard,votechoice_dichotomized,Vote choice (dichotomized),messenger_politician,Messenger: Politician,TRUE,0.12496299551419204,0.268911153535445,Combined,0.464699934797315,FALSE
omnibus,All primary and secondary,standard,votechoice_dichotomized,Vote choice (dichotomized),policy_facts,Policy facts,TRUE,1.7235749144049266,1.7611219777711409,2020D-2018,0.978680032479219,FALSE
omnibus,All primary and secondary,standard,votechoice_dichotomized,Vote choice (dichotomized),policy_facts,Policy facts,TRUE,1.7796545413980382,1.5720409482703923,2020P-2018,1.1320662755992894,FALSE
omnibus,All primary and secondary,standard,votechoice_dichotomized,Vote choice (dichotomized),policy_facts,Policy facts,TRUE,0.05607962699311153,0.9930387590447374,2020P-2020D,0.05647274739513474,FALSE
omnibus,All primary and secondary,standard,votechoice_dichotomized,Vote choice (dichotomized),policy_facts,Policy facts,TRUE,0.5301764427210959,0.37029091310881,Combined,1.4317835624697155,FALSE
omnibus,All primary and secondary,standard,votechoice_dichotomized,Vote choice (dichotomized),primary_focus_candidate,Primary focus: Candidate,TRUE,0.3884303012686387,1.6030013211534315,2020D-2018,0.2423143987112535,FALSE
omnibus,All primary and secondary,standard,votechoice_dichotomized,Vote choice (dichotomized),primary_focus_candidate,Primary focus: Candidate,TRUE,0.28369335551442987,1.438464312631189,2020P-2018,0.1972195994181516,FALSE
omnibus,All primary and secondary,standard,votechoice_dichotomized,Vote choice (dichotomized),primary_focus_candidate,Primary focus: Candidate,TRUE,-0.10473694575420882,0.8573076710695927,2020P-2020D,-0.12216961225080034,FALSE
omnibus,All primary and secondary,standard,votechoice_dichotomized,Vote choice (dichotomized),primary_focus_candidate,Primary focus: Candidate,TRUE,-0.05769391134136804,0.30630430748296206,Combined,-0.18835488085513527,FALSE
omnibus,All primary and secondary,standard,votechoice_dichotomized,Vote choice (dichotomized),primary_focus_issues,Primary focus: Issues,TRUE,-3.598344183496706,1.7891595100907147,2020D-2018,-2.0111924974840623,TRUE
omnibus,All primary and secondary,standard,votechoice_dichotomized,Vote choice (dichotomized),primary_focus_issues,Primary focus: Issues,TRUE,-3.419100997018738,1.5180567880359161,2020P-2018,-2.252287940718226,TRUE
omnibus,All primary and secondary,standard,votechoice_dichotomized,Vote choice (dichotomized),primary_focus_issues,Primary focus: Issues,TRUE,0.17924318647796733,1.0718318682454293,2020P-2020D,0.1672306933468823,FALSE
omnibus,All primary and secondary,standard,votechoice_dichotomized,Vote choice (dichotomized),primary_focus_issues,Primary focus: Issues,TRUE,-0.2117727831709388,0.3267524051668158,Combined,-0.648113923026284,FALSE
omnibus,All primary and secondary,standard,votechoice_dichotomized,Vote choice (dichotomized),production_value_high,Production value: High,TRUE,0.23433848304801008,1.4157429879095638,2020D-2018,0.165523322417458,FALSE
omnibus,All primary and secondary,standard,votechoice_dichotomized,Vote choice (dichotomized),production_value_high,Production value: High,TRUE,-0.1404288406761953,1.198209644089951,2020P-2018,-0.11719889033513164,FALSE
omnibus,All primary and secondary,standard,votechoice_dichotomized,Vote choice (dichotomized),production_value_high,Production value: High,TRUE,-0.3747673237242054,0.8459423932990159,2020P-2020D,-0.44301754669450183,FALSE
omnibus,All primary and secondary,standard,votechoice_dichotomized,Vote choice (dichotomized),production_value_high,Production value: High,TRUE,0.21130336067314803,0.2508070716861467,Combined,0.8424936316690761,FALSE
omnibus,All primary and secondary,standard,votechoice_dichotomized,Vote choice (dichotomized),race_levelGov,Race: Gov,FALSE,-0.5966336299235092,1.5690395965831372,Combined,-0.3802540300593975,FALSE
omnibus,All primary and secondary,standard,votechoice_dichotomized,Vote choice (dichotomized),race_levelOther,Race: Other,FALSE,-0.6307302996840048,0.895005492626878,Combined,-0.7047222669357989,FALSE
omnibus,All primary and secondary,standard,votechoice_dichotomized,Vote choice (dichotomized),race_levelRunoff,Race: GA Runoff,FALSE,-1.3521016130734524,0.7323199527723088,Combined,-1.846326333121016,FALSE
omnibus,All primary and secondary,standard,votechoice_dichotomized,Vote choice (dichotomized),race_levelStateLeg,Race: StateLeg,FALSE,-2.9109580648943307,3.151266543917338,2020D-2018,-0.9237422554791954,FALSE
omnibus,All primary and secondary,standard,votechoice_dichotomized,Vote choice (dichotomized),race_levelStateLeg,Race: StateLeg,FALSE,-2.5913880212746516,0.9249649524506401,Combined,-2.801606714296495,TRUE
omnibus,All primary and secondary,standard,votechoice_dichotomized,Vote choice (dichotomized),technique_neg_name,Technique: Negative name-calling,TRUE,-1.522193228616489,1.5588957304355382,2020D-2018,-0.9764560893313917,FALSE
omnibus,All primary and secondary,standard,votechoice_dichotomized,Vote choice (dichotomized),technique_neg_name,Technique: Negative name-calling,TRUE,-1.1044127140460098,1.4227876694829806,2020P-2018,-0.7762315753322044,FALSE
omnibus,All primary and secondary,standard,votechoice_dichotomized,Vote choice (dichotomized),technique_neg_name,Technique: Negative name-calling,TRUE,0.41778051457047916,0.793951576243744,2020P-2020D,0.5262040243651083,FALSE
omnibus,All primary and secondary,standard,votechoice_dichotomized,Vote choice (dichotomized),technique_neg_name,Technique: Negative name-calling,TRUE,0.19485804219091546,0.2966860124699504,Combined,0.6567820321851253,FALSE
omnibus,All primary and secondary,standard,votechoice_dichotomized,Vote choice (dichotomized),technique_neg_testimonial,Technique: Negative testimonial,TRUE,-0.6488542654899199,1.2519395268369973,2020D-2018,-0.5182792391971508,FALSE
omnibus,All primary and secondary,standard,votechoice_dichotomized,Vote choice (dichotomized),technique_neg_testimonial,Technique: Negative testimonial,TRUE,-0.9240603012762286,1.1195955529176083,2020P-2018,-0.8253518861058131,FALSE
omnibus,All primary and secondary,standard,votechoice_dichotomized,Vote choice (dichotomized),technique_neg_testimonial,Technique: Negative testimonial,TRUE,-0.2752060357863087,0.6819521509909535,2020P-2020D,-0.4035562251492326,FALSE
omnibus,All primary and secondary,standard,votechoice_dichotomized,Vote choice (dichotomized),technique_neg_testimonial,Technique: Negative testimonial,TRUE,0.11284125519534367,0.24511481215013514,Combined,0.460360817061628,FALSE
omnibus,All primary and secondary,standard,votechoice_dichotomized,Vote choice (dichotomized),technique_neg_transfer,Technique: Negative transfer of association,TRUE,-0.4304537683411074,1.3117336760559442,2020D-2018,-0.3281563751838517,FALSE
omnibus,All primary and secondary,standard,votechoice_dichotomized,Vote choice (dichotomized),technique_neg_transfer,Technique: Negative transfer of association,TRUE,-0.31452067150614405,1.14753608476313,2020P-2018,-0.2740834695155283,FALSE
omnibus,All primary and secondary,standard,votechoice_dichotomized,Vote choice (dichotomized),technique_neg_transfer,Technique: Negative transfer of association,TRUE,0.11593309683496329,0.7744316735160135,2020P-2020D,0.14970087200671042,FALSE
omnibus,All primary and secondary,standard,votechoice_dichotomized,Vote choice (dichotomized),technique_neg_transfer,Technique: Negative transfer of association,TRUE,-0.02510981418131968,0.2771300409142012,Combined,-0.09060661232714796,FALSE
omnibus,All primary and secondary,standard,votechoice_dichotomized,Vote choice (dichotomized),technique_plain_folks,Technique: Plain folks,TRUE,0.4331699603902529,1.355856184185991,2020D-2018,0.31948075720900526,FALSE
omnibus,All primary and secondary,standard,votechoice_dichotomized,Vote choice (dichotomized),technique_plain_folks,Technique: Plain folks,TRUE,-0.2836595102167496,1.1704972184790403,2020P-2018,-0.24234103741428842,FALSE
omnibus,All primary and secondary,standard,votechoice_dichotomized,Vote choice (dichotomized),technique_plain_folks,Technique: Plain folks,TRUE,-0.7168294706070025,0.8172492170819393,2020P-2020D,-0.8771246954099333,FALSE
omnibus,All primary and secondary,standard,votechoice_dichotomized,Vote choice (dichotomized),technique_plain_folks,Technique: Plain folks,TRUE,0.7162170669723984,0.28208924254381756,Combined,2.538973342314345,TRUE
omnibus,All primary and secondary,standard,votechoice_dichotomized,Vote choice (dichotomized),technique_pos_name,Technique: Positive name-calling,TRUE,0.9659491467473645,3.7056595219312363,2020D-2018,0.26066861810443714,FALSE
omnibus,All primary and secondary,standard,votechoice_dichotomized,Vote choice (dichotomized),technique_pos_name,Technique: Positive name-calling,TRUE,1.7322968088380146,3.5498098452535767,2020P-2018,0.4879970714922252,FALSE
omnibus,All primary and secondary,standard,votechoice_dichotomized,Vote choice (dichotomized),technique_pos_name,Technique: Positive name-calling,TRUE,0.76634766209065,1.2009622882479225,2020P-2020D,0.638111345868046,FALSE
omnibus,All primary and secondary,standard,votechoice_dichotomized,Vote choice (dichotomized),technique_pos_name,Technique: Positive name-calling,TRUE,0.18556802262629157,0.37069617681002104,Combined,0.500593300484439,FALSE
omnibus,All primary and secondary,standard,votechoice_dichotomized,Vote choice (dichotomized),technique_pos_testimonial,Technique: Positive testimonial,TRUE,2.079531496814439,1.957104359366501,2020D-2018,1.0625552423211437,FALSE
omnibus,All primary and secondary,standard,votechoice_dichotomized,Vote choice (dichotomized),technique_pos_testimonial,Technique: Positive testimonial,TRUE,1.2290513777543628,1.7859523047210517,2020P-2018,0.6881770439812102,FALSE
omnibus,All primary and secondary,standard,votechoice_dichotomized,Vote choice (dichotomized),technique_pos_testimonial,Technique: Positive testimonial,TRUE,-0.8504801190600764,0.8827509778961047,2020P-2020D,-0.9634428512184254,FALSE
omnibus,All primary and secondary,standard,votechoice_dichotomized,Vote choice (dichotomized),technique_pos_testimonial,Technique: Positive testimonial,TRUE,0.1376003838982928,0.2487804913420691,Combined,0.5530995744722383,FALSE
omnibus,All primary and secondary,standard,votechoice_dichotomized,Vote choice (dichotomized),technique_pos_transfer,Technique: Positive transfer of association,TRUE,-0.37188269415333863,1.5765882578560289,2020D-2018,-0.23587813260708573,FALSE
omnibus,All primary and secondary,standard,votechoice_dichotomized,Vote choice (dichotomized),technique_pos_transfer,Technique: Positive transfer of association,TRUE,-1.2370937141483624,1.385192417046686,2020P-2018,-0.8930843823025837,FALSE
omnibus,All primary and secondary,standard,votechoice_dichotomized,Vote choice (dichotomized),technique_pos_transfer,Technique: Positive transfer of association,TRUE,-0.8652110199950239,0.8610548404980758,2020P-2020D,-1.004826846446324,FALSE
omnibus,All primary and secondary,standard,votechoice_dichotomized,Vote choice (dichotomized),technique_pos_transfer,Technique: Positive transfer of association,TRUE,0.029034282513723485,0.27183129243066384,Combined,0.10680993440491873,FALSE
omnibus,"All primary, secondary and new",standard,favorability,Favorability,candidate_facts,Candidate facts,TRUE,-0.8920675516579651,0.8041944645485685,2020P-2020D,-1.1092684555578531,FALSE
omnibus,"All primary, secondary and new",standard,favorability,Favorability,candidate_facts,Candidate facts,TRUE,0.05465447464617975,0.2835323765715642,Combined,0.1927627289237807,FALSE
omnibus,"All primary, secondary and new",standard,favorability,Favorability,emotion_anger,Emotion: Anger,TRUE,-0.7112993878175,0.5760969574875323,2020P-2020D,-1.2346869369343851,FALSE
omnibus,"All primary, secondary and new",standard,favorability,Favorability,emotion_anger,Emotion: Anger,TRUE,0.01176447466695629,0.213775620951308,Combined,0.055031881627119215,FALSE
omnibus,"All primary, secondary and new",standard,favorability,Favorability,explicit_vote_for,Explicit vote for,TRUE,1.1779057587348771,0.5369955478287477,2020P-2020D,2.1935112190362536,TRUE
omnibus,"All primary, secondary and new",standard,favorability,Favorability,explicit_vote_for,Explicit vote for,TRUE,-0.16585493874544568,0.19861578223375087,Combined,-0.8350541778711776,FALSE
omnibus,"All primary, secondary and new",standard,favorability,Favorability,fact_cite_yes,Cited fact,TRUE,-0.5066448975099564,0.4749812134480571,2020P-2020D,-1.0666630240637127,FALSE
omnibus,"All primary, secondary and new",standard,favorability,Favorability,fact_cite_yes,Cited fact,TRUE,-0.1214453619545456,0.17780617983440689,Combined,-0.6830210404815467,FALSE
omnibus,"All primary, secondary and new",standard,favorability,Favorability,fact_new_yes,New fact,TRUE,-0.44321880536487684,0.5894096116742492,2020P-2020D,-0.7519707798892019,FALSE
omnibus,"All primary, secondary and new",standard,favorability,Favorability,fact_new_yes,New fact,TRUE,0.25249667394172615,0.19954299829168817,Combined,1.2653747618477262,FALSE
omnibus,"All primary, secondary and new",standard,favorability,Favorability,how_pushy,How pushy,TRUE,0.2610792109421761,0.4246405313646761,2020P-2020D,0.6148240491861209,FALSE
omnibus,"All primary, secondary and new",standard,favorability,Favorability,how_pushy,How pushy,TRUE,0.3042896713800713,0.13789137185447997,Combined,2.206734673009094,TRUE
omnibus,"All primary, secondary and new",standard,favorability,Favorability,how_specific_candidate_fact_impute,Specificity: Candidate facts,TRUE,-0.18432226902782664,0.5617984638072429,2020P-2020D,-0.32809322364232907,FALSE
omnibus,"All primary, secondary and new",standard,favorability,Favorability,how_specific_candidate_fact_impute,Specificity: Candidate facts,TRUE,0.008200685352683536,0.20432800754725974,Combined,0.0401349058855124,FALSE
omnibus,"All primary, secondary and new",standard,favorability,Favorability,how_specific_policy_fact_impute,Specificity: Policy facts,TRUE,-0.44822891582910346,0.5634970857906436,2020P-2020D,-0.795441408894232,FALSE
omnibus,"All primary, secondary and new",standard,favorability,Favorability,how_specific_policy_fact_impute,Specificity: Policy facts,TRUE,0.39744185951485267,0.20775895281239257,Combined,1.9129951038680137,FALSE
omnibus,"All primary, secondary and new",standard,favorability,Favorability,intercept,Intercept,FALSE,-0.029928895575573822,1.1554885609172239,2020P-2020D,-0.025901507455700246,FALSE
omnibus,"All primary, secondary and new",standard,favorability,Favorability,intercept,Intercept,FALSE,0.40681515631646015,0.3129237917009393,Combined,1.3000454650800495,FALSE
omnibus,"All primary, secondary and new",standard,favorability,Favorability,issue_blm_race,Issue: BLM/Race,TRUE,-0.7415532147028518,1.4125265605308217,2020P-2020D,-0.5249835545918367,FALSE
omnibus,"All primary, secondary and new",standard,favorability,Favorability,issue_blm_race,Issue: BLM/Race,TRUE,-0.31726076502169653,0.18878172124739592,Combined,-1.680569299428786,FALSE
omnibus,"All primary, secondary and new",standard,favorability,Favorability,issue_covid,Issue: COVID-19,TRUE,0.12843307423820985,0.4614480063970629,2020P-2020D,0.2783262089287191,FALSE
omnibus,"All primary, secondary and new",standard,favorability,Favorability,issue_covid,Issue: COVID-19,TRUE,0.02864227434600256,0.1647669399712733,Combined,0.17383508093915118,FALSE
omnibus,"All primary, secondary and new",standard,favorability,Favorability,issue_decency,Issue: Decency,TRUE,-1.2619752340188517,0.7866108144086902,2020P-2020D,-1.6043197104625389,FALSE
omnibus,"All primary, secondary and new",standard,favorability,Favorability,issue_decency,Issue: Decency,TRUE,0.03486689335545847,0.1875802532706704,Combined,0.1858772058759672,FALSE
omnibus,"All primary, secondary and new",standard,favorability,Favorability,messenger_every_people,Messenger: Everyday people,TRUE,-0.537957596773126,0.5591600162048507,2020P-2020D,-0.9620816603167902,FALSE
omnibus,"All primary, secondary and new",standard,favorability,Favorability,messenger_every_people,Messenger: Everyday people,TRUE,0.3582042504948287,0.20556120191487706,Combined,1.7425674064853987,FALSE
omnibus,"All primary, secondary and new",standard,favorability,Favorability,messenger_healthcare,Messenger: Healthcare worker,TRUE,0.4438056104773582,0.9759609938940406,2020P-2020D,0.4547370368836092,FALSE
omnibus,"All primary, secondary and new",standard,favorability,Favorability,messenger_healthcare,Messenger: Healthcare worker,TRUE,0.019398588839634467,0.38282377466881173,Combined,0.05067237231129797,FALSE
omnibus,"All primary, secondary and new",standard,favorability,Favorability,messenger_politician,Messenger: Politician,TRUE,-0.28506271850967646,0.7487874574582127,2020P-2020D,-0.3806991098346287,FALSE
omnibus,"All primary, secondary and new",standard,favorability,Favorability,messenger_politician,Messenger: Politician,TRUE,0.11321370256824388,0.22245520063143193,Combined,0.5089280998910811,FALSE
omnibus,"All primary, secondary and new",standard,favorability,Favorability,messenger_republican,Messenger: Republican,TRUE,-0.9278709669107763,1.4754554417552619,2020P-2020D,-0.6288708832893952,FALSE
omnibus,"All primary, secondary and new",standard,favorability,Favorability,messenger_republican,Messenger: Republican,TRUE,-0.16527036017660857,0.31877384250132373,Combined,-0.5184564670669999,FALSE
omnibus,"All primary, secondary and new",standard,favorability,Favorability,policy_facts,Policy facts,TRUE,0.7059899889697526,0.8173380267583475,2020P-2020D,0.8637674571068062,FALSE
omnibus,"All primary, secondary and new",standard,favorability,Favorability,policy_facts,Policy facts,TRUE,-0.08664514700638487,0.28991952268724425,Combined,-0.2988593048280327,FALSE
omnibus,"All primary, secondary and new",standard,favorability,Favorability,primary_focus_candidate,Primary focus: Candidate,TRUE,0.04414537656511473,0.7133360998497762,2020P-2020D,0.061885801902373166,FALSE
omnibus,"All primary, secondary and new",standard,favorability,Favorability,primary_focus_candidate,Primary focus: Candidate,TRUE,0.06796953662900042,0.24953790982756302,Combined,0.27238160596908534,FALSE
omnibus,"All primary, secondary and new",standard,favorability,Favorability,primary_focus_issues,Primary focus: Issues,TRUE,0.5085799765557368,0.9286574026498242,2020P-2020D,0.5476508076116752,FALSE
omnibus,"All primary, secondary and new",standard,favorability,Favorability,primary_focus_issues,Primary focus: Issues,TRUE,0.15944622709267767,0.2507629975565459,Combined,0.6358443177276315,FALSE
omnibus,"All primary, secondary and new",standard,favorability,Favorability,production_value_high,Production value: High,TRUE,-0.7419922548476435,0.6480797401160496,2020P-2020D,-1.1449088883950875,FALSE
omnibus,"All primary, secondary and new",standard,favorability,Favorability,production_value_high,Production value: High,TRUE,0.15693986594778497,0.20611915883076598,Combined,0.761403582461931,FALSE
omnibus,"All primary, secondary and new",standard,favorability,Favorability,race_levelOther,Race: Other,FALSE,-0.9952611425404416,0.7127288275752333,Combined,-1.3964092710076121,FALSE
omnibus,"All primary, secondary and new",standard,favorability,Favorability,race_levelStateLeg,Race: StateLeg,FALSE,-1.5632478336231732,0.5480487182641172,Combined,-2.8523884492871097,TRUE
omnibus,"All primary, secondary and new",standard,favorability,Favorability,technique_neg_name,Technique: Negative name-calling,TRUE,0.37836933234911474,0.6155971478420353,2020P-2020D,0.614637890502712,FALSE
omnibus,"All primary, secondary and new",standard,favorability,Favorability,technique_neg_name,Technique: Negative name-calling,TRUE,0.008242142206196615,0.23781119494102387,Combined,0.03465834402051859,FALSE
omnibus,"All primary, secondary and new",standard,favorability,Favorability,technique_neg_testimonial,Technique: Negative testimonial,TRUE,-0.48338295071484155,0.5432337840810348,2020P-2020D,-0.8898249057402784,FALSE
omnibus,"All primary, secondary and new",standard,favorability,Favorability,technique_neg_testimonial,Technique: Negative testimonial,TRUE,0.0860948582709427,0.21498592878156936,Combined,0.4004674108621176,FALSE
omnibus,"All primary, secondary and new",standard,favorability,Favorability,technique_neg_transfer,Technique: Negative transfer of association,TRUE,-0.29873374547498777,0.5107316046647646,2020P-2020D,-0.5849133727901398,FALSE
omnibus,"All primary, secondary and new",standard,favorability,Favorability,technique_neg_transfer,Technique: Negative transfer of association,TRUE,-0.09052395661018862,0.2047807762441769,Combined,-0.4420530006305352,FALSE
omnibus,"All primary, secondary and new",standard,favorability,Favorability,technique_plain_folks,Technique: Plain folks,TRUE,0.27327633366101833,0.6690860983844893,2020P-2020D,0.4084322396188547,FALSE
omnibus,"All primary, secondary and new",standard,favorability,Favorability,technique_plain_folks,Technique: Plain folks,TRUE,0.20749704450827597,0.21919431405670345,Combined,0.9466351597724314,FALSE
omnibus,"All primary, secondary and new",standard,favorability,Favorability,technique_pos_name,Technique: Positive name-calling,TRUE,0.6444691915054329,0.8136241020466329,2020P-2020D,0.7920969768278756,FALSE
omnibus,"All primary, secondary and new",standard,favorability,Favorability,technique_pos_name,Technique: Positive name-calling,TRUE,-0.23243108830929535,0.2620201351263991,Combined,-0.8870733853990651,FALSE
omnibus,"All primary, secondary and new",standard,favorability,Favorability,technique_pos_testimonial,Technique: Positive testimonial,TRUE,0.10533973219576154,0.7245071554360373,2020P-2020D,0.14539501978053465,FALSE
omnibus,"All primary, secondary and new",standard,favorability,Favorability,technique_pos_testimonial,Technique: Positive testimonial,TRUE,0.020039644103656027,0.19742863745928566,Combined,0.10150322851611973,FALSE
omnibus,"All primary, secondary and new",standard,favorability,Favorability,technique_pos_transfer,Technique: Positive transfer of association,TRUE,0.5859781651259296,0.7198285177503796,2020P-2020D,0.8140524453757939,FALSE
omnibus,"All primary, secondary and new",standard,favorability,Favorability,technique_pos_transfer,Technique: Positive transfer of association,TRUE,0.1472257335091296,0.20446809492156895,Combined,0.7200425746892359,FALSE
omnibus,"All primary, secondary and new",standard,votechoice,Vote choice,candidate_facts,Candidate facts,TRUE,-1.3852253820439258,0.653073200803161,2020P-2020D,-2.1210874682047143,TRUE
omnibus,"All primary, secondary and new",standard,votechoice,Vote choice,candidate_facts,Candidate facts,TRUE,0.010069583918983514,0.22735838188545682,Combined,0.044289477412170236,FALSE
omnibus,"All primary, secondary and new",standard,votechoice,Vote choice,emotion_anger,Emotion: Anger,TRUE,0.14638461372089467,0.4893125375789832,2020P-2020D,0.2991638318633227,FALSE
omnibus,"All primary, secondary and new",standard,votechoice,Vote choice,emotion_anger,Emotion: Anger,TRUE,0.19633247354016498,0.18121468487418058,Combined,1.0834247438417082,FALSE
omnibus,"All primary, secondary and new",standard,votechoice,Vote choice,explicit_vote_for,Explicit vote for,TRUE,0.4383592478466176,0.4610902026173563,2020P-2020D,0.9507017181416836,FALSE
omnibus,"All primary, secondary and new",standard,votechoice,Vote choice,explicit_vote_for,Explicit vote for,TRUE,0.06954640381811662,0.15967363215500052,Combined,0.435553465400008,FALSE
omnibus,"All primary, secondary and new",standard,votechoice,Vote choice,fact_cite_yes,Cited fact,TRUE,-0.3289260254821558,0.4481964729704474,2020P-2020D,-0.7338880275031618,FALSE
omnibus,"All primary, secondary and new",standard,votechoice,Vote choice,fact_cite_yes,Cited fact,TRUE,-0.254311625249397,0.15677490723373216,Combined,-1.6221449576126972,FALSE
omnibus,"All primary, secondary and new",standard,votechoice,Vote choice,fact_new_yes,New fact,TRUE,-0.1504303483352043,0.5197580719679911,2020P-2020D,-0.2894237847343493,FALSE
omnibus,"All primary, secondary and new",standard,votechoice,Vote choice,fact_new_yes,New fact,TRUE,0.07775463396696904,0.16360183463527575,Combined,0.47526749403703583,FALSE
omnibus,"All primary, secondary and new",standard,votechoice,Vote choice,how_pushy,How pushy,TRUE,0.30776008763881585,0.32577014529195547,2020P-2020D,0.9447154445751959,FALSE
omnibus,"All primary, secondary and new",standard,votechoice,Vote choice,how_pushy,How pushy,TRUE,0.24848962170049435,0.11282268726064426,Combined,2.202479197525501,TRUE
omnibus,"All primary, secondary and new",standard,votechoice,Vote choice,how_specific_candidate_fact_impute,Specificity: Candidate facts,TRUE,0.2905651949321529,0.4902036567376473,2020P-2020D,0.5927438339931863,FALSE
omnibus,"All primary, secondary and new",standard,votechoice,Vote choice,how_specific_candidate_fact_impute,Specificity: Candidate facts,TRUE,-0.058722020230035685,0.16736971417612242,Combined,-0.35085212709536423,FALSE
omnibus,"All primary, secondary and new",standard,votechoice,Vote choice,how_specific_policy_fact_impute,Specificity: Policy facts,TRUE,0.1060657754825298,0.4661607955306362,2020P-2020D,0.2275304497921021,FALSE
omnibus,"All primary, secondary and new",standard,votechoice,Vote choice,how_specific_policy_fact_impute,Specificity: Policy facts,TRUE,0.012738984293731848,0.17539321093947827,Combined,0.07263099994290886,FALSE
omnibus,"All primary, secondary and new",standard,votechoice,Vote choice,intercept,Intercept,FALSE,-0.3451931206194333,0.8271036897626116,2020P-2020D,-0.41735168745107126,FALSE
omnibus,"All primary, secondary and new",standard,votechoice,Vote choice,intercept,Intercept,FALSE,0.6452813438978973,0.25033964858449576,Combined,2.57762343099279,TRUE
omnibus,"All primary, secondary and new",standard,votechoice,Vote choice,issue_blm_race,Issue: BLM/Race,TRUE,-0.9373140986645302,0.655640725664197,2020P-2020D,-1.429615431096023,FALSE
omnibus,"All primary, secondary and new",standard,votechoice,Vote choice,issue_blm_race,Issue: BLM/Race,TRUE,-0.09197588431244788,0.15657896795643347,Combined,-0.5874089318179645,FALSE
omnibus,"All primary, secondary and new",standard,votechoice,Vote choice,issue_covid,Issue: COVID-19,TRUE,-0.08958461098823148,0.37512804561117563,2020P-2020D,-0.238810752851806,FALSE
omnibus,"All primary, secondary and new",standard,votechoice,Vote choice,issue_covid,Issue: COVID-19,TRUE,-0.03611385339932559,0.1389172469330063,Combined,-0.2599666650228227,FALSE
omnibus,"All primary, secondary and new",standard,votechoice,Vote choice,issue_decency,Issue: Decency,TRUE,0.3463094049611224,0.5713583070768795,2020P-2020D,0.6061159882891568,FALSE
omnibus,"All primary, secondary and new",standard,votechoice,Vote choice,issue_decency,Issue: Decency,TRUE,0.17382579316212998,0.16769481041599305,Combined,1.0365603606392355,FALSE
omnibus,"All primary, secondary and new",standard,votechoice,Vote choice,messenger_every_people,Messenger: Everyday people,TRUE,0.33278093663431974,0.4552420649028835,2020P-2020D,0.730997775228244,FALSE
omnibus,"All primary, secondary and new",standard,votechoice,Vote choice,messenger_every_people,Messenger: Everyday people,TRUE,0.00795524845828201,0.16499821425762842,Combined,0.04821414882624532,FALSE
omnibus,"All primary, secondary and new",standard,votechoice,Vote choice,messenger_healthcare,Messenger: Healthcare worker,TRUE,0.6541718673644,0.7322571199582208,2020P-2020D,0.893363614411457,FALSE
omnibus,"All primary, secondary and new",standard,votechoice,Vote choice,messenger_healthcare,Messenger: Healthcare worker,TRUE,0.15858866394510965,0.3307648524757386,Combined,0.4794604467738664,FALSE
omnibus,"All primary, secondary and new",standard,votechoice,Vote choice,messenger_politician,Messenger: Politician,TRUE,-0.6058549568495353,0.5890573456968924,2020P-2020D,-1.028516088077588,FALSE
omnibus,"All primary, secondary and new",standard,votechoice,Vote choice,messenger_politician,Messenger: Politician,TRUE,0.11946564414812746,0.18525752052197259,Combined,0.6448625880964339,FALSE
omnibus,"All primary, secondary and new",standard,votechoice,Vote choice,messenger_republican,Messenger: Republican,TRUE,-1.080031963565169,0.7516151005260179,2020P-2020D,-1.4369481970350364,FALSE
omnibus,"All primary, secondary and new",standard,votechoice,Vote choice,messenger_republican,Messenger: Republican,TRUE,0.41953007590295915,0.2389125276195697,Combined,1.7559986497275448,FALSE
omnibus,"All primary, secondary and new",standard,votechoice,Vote choice,policy_facts,Policy facts,TRUE,0.6757507025665317,0.635898240968635,2020P-2020D,1.0626711304267664,FALSE
omnibus,"All primary, secondary and new",standard,votechoice,Vote choice,policy_facts,Policy facts,TRUE,0.35364994641080083,0.24261149162922233,Combined,1.4576801124955616,FALSE
omnibus,"All primary, secondary and new",standard,votechoice,Vote choice,primary_focus_candidate,Primary focus: Candidate,TRUE,0.2542941459060142,0.5391539035138463,2020P-2020D,0.4716540940326949,FALSE
omnibus,"All primary, secondary and new",standard,votechoice,Vote choice,primary_focus_candidate,Primary focus: Candidate,TRUE,-0.2180965858665009,0.201963781259932,Combined,-1.0798796918235831,FALSE
omnibus,"All primary, secondary and new",standard,votechoice,Vote choice,primary_focus_issues,Primary focus: Issues,TRUE,-0.19967613245067123,0.6686922845614657,2020P-2020D,-0.2986069034453128,FALSE
omnibus,"All primary, secondary and new",standard,votechoice,Vote choice,primary_focus_issues,Primary focus: Issues,TRUE,-0.3823599385130763,0.2122062717318771,Combined,-1.8018314698831739,FALSE
omnibus,"All primary, secondary and new",standard,votechoice,Vote choice,production_value_high,Production value: High,TRUE,-0.7087185914837795,0.5256974471490862,2020P-2020D,-1.348149197465646,FALSE
omnibus,"All primary, secondary and new",standard,votechoice,Vote choice,production_value_high,Production value: High,TRUE,0.17635163625536274,0.1618872857558494,Combined,1.0893482797736678,FALSE
omnibus,"All primary, secondary and new",standard,votechoice,Vote choice,race_levelOther,Race: Other,FALSE,-0.9604025168527609,0.6160470899631876,Combined,-1.5589758193811947,FALSE
omnibus,"All primary, secondary and new",standard,votechoice,Vote choice,race_levelRunoff,Race: GA Runoff,FALSE,-1.1391593210357445,0.4886234900976317,Combined,-2.331364218302582,TRUE
omnibus,"All primary, secondary and new",standard,votechoice,Vote choice,race_levelStateLeg,Race: StateLeg,FALSE,-1.6830036452230044,0.5850229099025792,Combined,-2.8768166455280633,TRUE
omnibus,"All primary, secondary and new",standard,votechoice,Vote choice,technique_neg_name,Technique: Negative name-calling,TRUE,0.28337543935007536,0.5022089174817382,2020P-2020D,0.564258079627548,FALSE
omnibus,"All primary, secondary and new",standard,votechoice,Vote choice,technique_neg_name,Technique: Negative name-calling,TRUE,-0.11014075045390047,0.19296360781448618,Combined,-0.5707850910405292,FALSE
omnibus,"All primary, secondary and new",standard,votechoice,Vote choice,technique_neg_testimonial,Technique: Negative testimonial,TRUE,-0.8998385634171648,0.47105375771167707,2020P-2020D,-1.9102672437822663,FALSE
omnibus,"All primary, secondary and new",standard,votechoice,Vote choice,technique_neg_testimonial,Technique: Negative testimonial,TRUE,-0.02687738085888886,0.18084966773657418,Combined,-0.1486172531875396,FALSE
omnibus,"All primary, secondary and new",standard,votechoice,Vote choice,technique_neg_transfer,Technique: Negative transfer of association,TRUE,0.0425210481296128,0.49296236766892276,2020P-2020D,0.0862561747475423,FALSE
omnibus,"All primary, secondary and new",standard,votechoice,Vote choice,technique_neg_transfer,Technique: Negative transfer of association,TRUE,0.16560422508314396,0.17743210757427988,Combined,0.9333385447941867,FALSE
omnibus,"All primary, secondary and new",standard,votechoice,Vote choice,technique_plain_folks,Technique: Plain folks,TRUE,-0.7076443606593282,0.5507479258249317,2020P-2020D,-1.2848788483395392,FALSE
omnibus,"All primary, secondary and new",standard,votechoice,Vote choice,technique_plain_folks,Technique: Plain folks,TRUE,0.42516899112939954,0.18789614059572468,Combined,2.2627872492825096,TRUE
omnibus,"All primary, secondary and new",standard,votechoice,Vote choice,technique_pos_name,Technique: Positive name-calling,TRUE,0.5552537757540869,0.7548153124343902,2020P-2020D,0.7356154102959463,FALSE
omnibus,"All primary, secondary and new",standard,votechoice,Vote choice,technique_pos_name,Technique: Positive name-calling,TRUE,-0.016206752234374816,0.2316846738551637,Combined,-0.06995176661752936,FALSE
omnibus,"All primary, secondary and new",standard,votechoice,Vote choice,technique_pos_testimonial,Technique: Positive testimonial,TRUE,-0.3412295454765508,0.5594123484367381,2020P-2020D,-0.6099785720320745,FALSE
omnibus,"All primary, secondary and new",standard,votechoice,Vote choice,technique_pos_testimonial,Technique: Positive testimonial,TRUE,0.15356850701994282,0.16995273229276772,Combined,0.9035953994278789,FALSE
omnibus,"All primary, secondary and new",standard,votechoice,Vote choice,technique_pos_transfer,Technique: Positive transfer of association,TRUE,-0.8030547549039628,0.5487410729986061,2020P-2020D,-1.4634493286891297,FALSE
omnibus,"All primary, secondary and new",standard,votechoice,Vote choice,technique_pos_transfer,Technique: Positive transfer of association,TRUE,0.12094422839793013,0.1746645478027419,Combined,0.6924371884242874,FALSE
omnibus,"All primary, secondary and new",standard,votechoice_dichotomized,Vote choice (dichotomized),candidate_facts,Candidate facts,TRUE,-2.2975992713054665,1.0826877234629966,2020P-2020D,-2.122125541385611,TRUE
omnibus,"All primary, secondary and new",standard,votechoice_dichotomized,Vote choice (dichotomized),candidate_facts,Candidate facts,TRUE,-0.2326813188572085,0.37069091940807225,Combined,-0.6276963008124379,FALSE
omnibus,"All primary, secondary and new",standard,votechoice_dichotomized,Vote choice (dichotomized),emotion_anger,Emotion: Anger,TRUE,0.08472849512357523,0.7937370691945996,2020P-2020D,0.1067462997659272,FALSE
omnibus,"All primary, secondary and new",standard,votechoice_dichotomized,Vote choice (dichotomized),emotion_anger,Emotion: Anger,TRUE,0.07897509737284276,0.2943183386863613,Combined,0.26833223415616697,FALSE
omnibus,"All primary, secondary and new",standard,votechoice_dichotomized,Vote choice (dichotomized),explicit_vote_for,Explicit vote for,TRUE,-0.41516424810920183,0.7585509517136445,2020P-2020D,-0.5473122763491406,FALSE
omnibus,"All primary, secondary and new",standard,votechoice_dichotomized,Vote choice (dichotomized),explicit_vote_for,Explicit vote for,TRUE,-0.11547288695990877,0.26216635832064045,Combined,-0.4404565395026031,FALSE
omnibus,"All primary, secondary and new",standard,votechoice_dichotomized,Vote choice (dichotomized),fact_cite_yes,Cited fact,TRUE,-0.19486809866904398,0.7267090801492816,2020P-2020D,-0.2681514570163536,FALSE
omnibus,"All primary, secondary and new",standard,votechoice_dichotomized,Vote choice (dichotomized),fact_cite_yes,Cited fact,TRUE,-0.26786598840571174,0.25334146422551523,Combined,-1.057331807979397,FALSE
omnibus,"All primary, secondary and new",standard,votechoice_dichotomized,Vote choice (dichotomized),fact_new_yes,New fact,TRUE,-0.7839498281793149,0.8643334176110612,2020P-2020D,-0.9069993271185567,FALSE
omnibus,"All primary, secondary and new",standard,votechoice_dichotomized,Vote choice (dichotomized),fact_new_yes,New fact,TRUE,-0.1675899442354904,0.26821883452524,Combined,-0.6248254136669131,FALSE
omnibus,"All primary, secondary and new",standard,votechoice_dichotomized,Vote choice (dichotomized),how_pushy,How pushy,TRUE,0.09483908703753582,0.5376228714907709,2020P-2020D,0.1764044873585031,FALSE
omnibus,"All primary, secondary and new",standard,votechoice_dichotomized,Vote choice (dichotomized),how_pushy,How pushy,TRUE,0.25807510663563177,0.18474146364289726,Combined,1.3969528093297314,FALSE
omnibus,"All primary, secondary and new",standard,votechoice_dichotomized,Vote choice (dichotomized),how_specific_candidate_fact_impute,Specificity: Candidate facts,TRUE,1.2061976321188563,0.8219730451898801,2020P-2020D,1.4674418330107386,FALSE
omnibus,"All primary, secondary and new",standard,votechoice_dichotomized,Vote choice (dichotomized),how_specific_candidate_fact_impute,Specificity: Candidate facts,TRUE,0.23937599533886322,0.2766765698922954,Combined,0.8651834719219176,FALSE
omnibus,"All primary, secondary and new",standard,votechoice_dichotomized,Vote choice (dichotomized),how_specific_policy_fact_impute,Specificity: Policy facts,TRUE,0.043636496432333305,0.7723814251421837,2020P-2020D,0.05649604588082953,FALSE
omnibus,"All primary, secondary and new",standard,votechoice_dichotomized,Vote choice (dichotomized),how_specific_policy_fact_impute,Specificity: Policy facts,TRUE,-0.14691183980980474,0.28938934973754493,Combined,-0.5076615291580118,FALSE
omnibus,"All primary, secondary and new",standard,votechoice_dichotomized,Vote choice (dichotomized),intercept,Intercept,FALSE,-0.2177339538880586,1.365126568193002,2020P-2020D,-0.15949726491388255,FALSE
omnibus,"All primary, secondary and new",standard,votechoice_dichotomized,Vote choice (dichotomized),intercept,Intercept,FALSE,0.9533732696500521,0.41430567848702826,Combined,2.301134932863108,TRUE
omnibus,"All primary, secondary and new",standard,votechoice_dichotomized,Vote choice (dichotomized),issue_blm_race,Issue: BLM/Race,TRUE,-1.2870899821253736,1.0541558428690347,2020P-2020D,-1.2209674602024456,FALSE
omnibus,"All primary, secondary and new",standard,votechoice_dichotomized,Vote choice (dichotomized),issue_blm_race,Issue: BLM/Race,TRUE,-0.356273889433142,0.25724070975812446,Combined,-1.3849825316068183,FALSE
omnibus,"All primary, secondary and new",standard,votechoice_dichotomized,Vote choice (dichotomized),issue_covid,Issue: COVID-19,TRUE,-0.41964750259982286,0.6233491678028289,2020P-2020D,-0.6732141860058779,FALSE
omnibus,"All primary, secondary and new",standard,votechoice_dichotomized,Vote choice (dichotomized),issue_covid,Issue: COVID-19,TRUE,-0.07174595692332159,0.22813242788726276,Combined,-0.3144925848015636,FALSE
omnibus,"All primary, secondary and new",standard,votechoice_dichotomized,Vote choice (dichotomized),issue_decency,Issue: Decency,TRUE,0.6023458375317777,0.9362903827408062,2020P-2020D,0.6433322916001002,FALSE
omnibus,"All primary, secondary and new",standard,votechoice_dichotomized,Vote choice (dichotomized),issue_decency,Issue: Decency,TRUE,0.032542818276025086,0.2765185658401074,Combined,0.11768764305989662,FALSE
omnibus,"All primary, secondary and new",standard,votechoice_dichotomized,Vote choice (dichotomized),messenger_every_people,Messenger: Everyday people,TRUE,0.302135618886317,0.7503605146419798,2020P-2020D,0.4026539416595971,FALSE
omnibus,"All primary, secondary and new",standard,votechoice_dichotomized,Vote choice (dichotomized),messenger_every_people,Messenger: Everyday people,TRUE,-0.16701636136069656,0.27078583926640887,Combined,-0.6167839566986361,FALSE
omnibus,"All primary, secondary and new",standard,votechoice_dichotomized,Vote choice (dichotomized),messenger_healthcare,Messenger: Healthcare worker,TRUE,0.3006538423470717,1.2047712993465027,2020P-2020D,0.24955262671857611,FALSE
omnibus,"All primary, secondary and new",standard,votechoice_dichotomized,Vote choice (dichotomized),messenger_healthcare,Messenger: Healthcare worker,TRUE,0.41928150372806994,0.5395083758598546,Combined,0.7771547625369669,FALSE
omnibus,"All primary, secondary and new",standard,votechoice_dichotomized,Vote choice (dichotomized),messenger_politician,Messenger: Politician,TRUE,-1.6350241412853852,0.9817954210041073,2020P-2020D,-1.6653409725757369,FALSE
omnibus,"All primary, secondary and new",standard,votechoice_dichotomized,Vote choice (dichotomized),messenger_politician,Messenger: Politician,TRUE,0.04621830145608397,0.3051757429482192,Combined,0.15144814921914052,FALSE
omnibus,"All primary, secondary and new",standard,votechoice_dichotomized,Vote choice (dichotomized),messenger_republican,Messenger: Republican,TRUE,-1.5580924202178463,1.2319557723601964,2020P-2020D,-1.2647308086659907,FALSE
omnibus,"All primary, secondary and new",standard,votechoice_dichotomized,Vote choice (dichotomized),messenger_republican,Messenger: Republican,TRUE,0.6943185185615244,0.39460040473654406,Combined,1.7595484196857016,FALSE
omnibus,"All primary, secondary and new",standard,votechoice_dichotomized,Vote choice (dichotomized),policy_facts,Policy facts,TRUE,0.4524706664938858,1.0429778856962746,2020P-2020D,0.4338257528747351,FALSE
omnibus,"All primary, secondary and new",standard,votechoice_dichotomized,Vote choice (dichotomized),policy_facts,Policy facts,TRUE,0.7974535030190227,0.3976070448908781,Combined,2.005632227260664,TRUE
omnibus,"All primary, secondary and new",standard,votechoice_dichotomized,Vote choice (dichotomized),primary_focus_candidate,Primary focus: Candidate,TRUE,-0.13021876332987198,0.9005126381607809,2020P-2020D,-0.1446051480141717,FALSE
omnibus,"All primary, secondary and new",standard,votechoice_dichotomized,Vote choice (dichotomized),primary_focus_candidate,Primary focus: Candidate,TRUE,-0.08230875379852245,0.3331341134123735,Combined,-0.24707392754051496,FALSE
omnibus,"All primary, secondary and new",standard,votechoice_dichotomized,Vote choice (dichotomized),primary_focus_issues,Primary focus: Issues,TRUE,0.24759401442814516,1.1184149343321825,2020P-2020D,0.22137938865774015,FALSE
omnibus,"All primary, secondary and new",standard,votechoice_dichotomized,Vote choice (dichotomized),primary_focus_issues,Primary focus: Issues,TRUE,-0.3578399800600514,0.3468671502097837,Combined,-1.0316340992326065,FALSE
omnibus,"All primary, secondary and new",standard,votechoice_dichotomized,Vote choice (dichotomized),production_value_high,Production value: High,TRUE,-0.010565215220603968,0.8794705959543501,2020P-2020D,-0.012013153446181125,FALSE
omnibus,"All primary, secondary and new",standard,votechoice_dichotomized,Vote choice (dichotomized),production_value_high,Production value: High,TRUE,0.23010046650750834,0.26635164443970794,Combined,0.8638973000956804,FALSE
omnibus,"All primary, secondary and new",standard,votechoice_dichotomized,Vote choice (dichotomized),race_levelOther,Race: Other,FALSE,-0.48426924157962176,0.9573669757213675,Combined,-0.5058344959253782,FALSE
omnibus,"All primary, secondary and new",standard,votechoice_dichotomized,Vote choice (dichotomized),race_levelRunoff,Race: GA Runoff,FALSE,-1.885120028363909,0.8011023972647914,Combined,-2.3531573926133356,TRUE
omnibus,"All primary, secondary and new",standard,votechoice_dichotomized,Vote choice (dichotomized),race_levelStateLeg,Race: StateLeg,FALSE,-2.7695243283714563,0.9955272692307203,Combined,-2.781967319199169,TRUE
omnibus,"All primary, secondary and new",standard,votechoice_dichotomized,Vote choice (dichotomized),technique_neg_name,Technique: Negative name-calling,TRUE,0.657183466603693,0.8349606361514308,2020P-2020D,0.787083172726366,FALSE
omnibus,"All primary, secondary and new",standard,votechoice_dichotomized,Vote choice (dichotomized),technique_neg_name,Technique: Negative name-calling,TRUE,-0.026366301570032353,0.3197425146106813,Combined,-0.08246104401266743,FALSE
omnibus,"All primary, secondary and new",standard,votechoice_dichotomized,Vote choice (dichotomized),technique_neg_testimonial,Technique: Negative testimonial,TRUE,-0.36569071905572514,0.7749296694727721,2020P-2020D,-0.4719018169797589,FALSE
omnibus,"All primary, secondary and new",standard,votechoice_dichotomized,Vote choice (dichotomized),technique_neg_testimonial,Technique: Negative testimonial,TRUE,-0.08325226304359126,0.2965656449540812,Combined,-0.28072119768451814,FALSE
omnibus,"All primary, secondary and new",standard,votechoice_dichotomized,Vote choice (dichotomized),technique_neg_transfer,Technique: Negative transfer of association,TRUE,-0.1109816677000086,0.8148767054563557,2020P-2020D,-0.13619442911655635,FALSE
omnibus,"All primary, secondary and new",standard,votechoice_dichotomized,Vote choice (dichotomized),technique_neg_transfer,Technique: Negative transfer of association,TRUE,0.03676362895387313,0.2932082929470399,Combined,0.12538400119710627,FALSE
omnibus,"All primary, secondary and new",standard,votechoice_dichotomized,Vote choice (dichotomized),technique_plain_folks,Technique: Plain folks,TRUE,-0.8316613429398971,0.9092709915202468,2020P-2020D,-0.9146462943345515,FALSE
omnibus,"All primary, secondary and new",standard,votechoice_dichotomized,Vote choice (dichotomized),technique_plain_folks,Technique: Plain folks,TRUE,0.7942798637476599,0.30701289409048566,Combined,2.5871221666460773,TRUE
omnibus,"All primary, secondary and new",standard,votechoice_dichotomized,Vote choice (dichotomized),technique_pos_name,Technique: Positive name-calling,TRUE,0.7145091055193492,1.2389222288909796,2020P-2020D,0.576718286957319,FALSE
omnibus,"All primary, secondary and new",standard,votechoice_dichotomized,Vote choice (dichotomized),technique_pos_name,Technique: Positive name-calling,TRUE,0.23185416532910572,0.3801114363788519,Combined,0.6099636662813266,FALSE
omnibus,"All primary, secondary and new",standard,votechoice_dichotomized,Vote choice (dichotomized),technique_pos_testimonial,Technique: Positive testimonial,TRUE,-0.7118979917352282,0.9267985164236909,2020P-2020D,-0.7681259509157222,FALSE
omnibus,"All primary, secondary and new",standard,votechoice_dichotomized,Vote choice (dichotomized),technique_pos_testimonial,Technique: Positive testimonial,TRUE,0.19087476949754598,0.2787248196000537,Combined,0.6848143978402604,FALSE
omnibus,"All primary, secondary and new",standard,votechoice_dichotomized,Vote choice (dichotomized),technique_pos_transfer,Technique: Positive transfer of association,TRUE,-0.8822445708120639,0.9023470838147342,2020P-2020D,-0.977721972660802,FALSE
omnibus,"All primary, secondary and new",standard,votechoice_dichotomized,Vote choice (dichotomized),technique_pos_transfer,Technique: Positive transfer of association,TRUE,-0.02055315293072297,0.28687650966477574,Combined,-0.07164460051030312,FALSE
other,Time to election,standard,favorability,Favorability,intercept,Intercept,FALSE,-1.256556203385825,0.44521756711867005,2020D-2018,-2.822341920418647,TRUE
other,Time to election,standard,favorability,Favorability,intercept,Intercept,FALSE,-2.069132036313087,0.39872762497376013,2020P-2018,-5.189337047939065,TRUE
other,Time to election,standard,favorability,Favorability,intercept,Intercept,FALSE,-0.8125758329272619,0.23364548056521423,2020P-2020D,-3.47781532500244,TRUE
other,Time to election,standard,favorability,Favorability,intercept,Intercept,FALSE,1.119905064195193,0.07951196014462114,Combined,14.084737216366472,TRUE
other,Time to election,standard,favorability,Favorability,log_days_until_election,Days until election (log scale),TRUE,0.24462027569176792,0.7732756593843546,2020D-2018,0.31634291435802203,FALSE
other,Time to election,standard,favorability,Favorability,log_days_until_election,Days until election (log scale),TRUE,-1.542126080119992,0.6086026756219969,2020P-2018,-2.533879888950417,TRUE
other,Time to election,standard,favorability,Favorability,log_days_until_election,Days until election (log scale),TRUE,-1.78674635581176,0.5226475586931406,2020P-2020D,-3.418644794360942,TRUE
other,Time to election,standard,favorability,Favorability,log_days_until_election,Days until election (log scale),TRUE,0.43807940680524315,0.14040227485583354,Combined,3.1201731400368513,TRUE
other,Time to election,standard,favorability,Favorability,race_levelGov,Race: Gov,FALSE,1.6736705429792242,0.6913563583663813,Combined,2.420850727306495,TRUE
other,Time to election,standard,favorability,Favorability,race_levelOther,Race: Other,FALSE,-2.416035325314336,0.626906574442532,Combined,-3.8539001245325304,TRUE
other,Time to election,standard,favorability,Favorability,race_levelStateLeg,Race: StateLeg,FALSE,-1.0477602501188683,1.0590862447431075,2020D-2018,-0.9893058807245803,FALSE
other,Time to election,standard,favorability,Favorability,race_levelStateLeg,Race: StateLeg,FALSE,-0.8335989874778443,0.3997178657278437,Combined,-2.0854684239843753,TRUE
other,Time to election,standard,votechoice,Vote choice,intercept,Intercept,FALSE,-0.5226197446289478,0.5179729085343601,2020D-2018,-1.008971195245976,FALSE
other,Time to election,standard,votechoice,Vote choice,intercept,Intercept,FALSE,-1.3982582055695199,0.4533743774408347,2020P-2018,-3.084113869562451,TRUE
other,Time to election,standard,votechoice,Vote choice,intercept,Intercept,FALSE,-0.8756384609405721,0.2752191058690455,2020P-2020D,-3.1816049186542212,TRUE
other,Time to election,standard,votechoice,Vote choice,intercept,Intercept,FALSE,0.9496721598297082,0.0759549859432149,Combined,12.503091772536138,TRUE
other,Time to election,standard,votechoice,Vote choice,log_days_until_election,Days until election (log scale),TRUE,0.2724554842531831,0.8126881625536304,2020D-2018,0.33525218750212005,FALSE
other,Time to election,standard,votechoice,Vote choice,log_days_until_election,Days until election (log scale),TRUE,0.28181227159833033,0.6636408949160396,2020P-2018,0.42464572897362474,FALSE
other,Time to election,standard,votechoice,Vote choice,log_days_until_election,Days until election (log scale),TRUE,0.009356787345147194,0.5081301571991296,2020P-2020D,0.018414154744766292,FALSE
other,Time to election,standard,votechoice,Vote choice,log_days_until_election,Days until election (log scale),TRUE,0.08765674565549111,0.13021619139429821,Combined,0.6731631812979699,FALSE
other,Time to election,standard,votechoice,Vote choice,race_levelGov,Race: Gov,FALSE,-0.37139833948229384,1.186083211063438,Combined,-0.3131300873480027,FALSE
other,Time to election,standard,votechoice,Vote choice,race_levelOther,Race: Other,FALSE,-0.4524904101320563,0.6085262667427431,Combined,-0.7435840239963682,FALSE
other,Time to election,standard,votechoice,Vote choice,race_levelRunoff,Race: GA Runoff,FALSE,-0.6690323112407066,0.4140054635417915,Combined,-1.6159987491884187,FALSE
other,Time to election,standard,votechoice,Vote choice,race_levelStateLeg,Race: StateLeg,FALSE,-1.6560946148247835,2.2986552079668474,2020D-2018,-0.72046238560919,FALSE
other,Time to election,standard,votechoice,Vote choice,race_levelStateLeg,Race: StateLeg,FALSE,-1.665287322283216,0.49721545751643254,Combined,-3.3492267730396934,TRUE
other,Time to election,standard,votechoice_dichotomized,Vote choice (dichotomized),intercept,Intercept,FALSE,-0.41736452126946144,0.6914287201713443,2020D-2018,-0.6036262438824259,FALSE
other,Time to election,standard,votechoice_dichotomized,Vote choice (dichotomized),intercept,Intercept,FALSE,-1.4986787508463981,0.5630052771868994,2020P-2018,-2.6619266489555224,TRUE
other,Time to election,standard,votechoice_dichotomized,Vote choice (dichotomized),intercept,Intercept,FALSE,-1.0813142295769367,0.4437430485622254,2020P-2020D,-2.4368026340480364,TRUE
other,Time to election,standard,votechoice_dichotomized,Vote choice (dichotomized),intercept,Intercept,FALSE,1.2367670080593847,0.1242434338734316,Combined,9.954385270124579,TRUE
other,Time to election,standard,votechoice_dichotomized,Vote choice (dichotomized),log_days_until_election,Days until election (log scale),TRUE,0.11953598900786765,1.0825403054176166,2020D-2018,0.11042174449269461,FALSE
other,Time to election,standard,votechoice_dichotomized,Vote choice (dichotomized),log_days_until_election,Days until election (log scale),TRUE,0.13487015458193793,0.8254441316841238,2020P-2018,0.16339101509725104,FALSE
other,Time to election,standard,votechoice_dichotomized,Vote choice (dichotomized),log_days_until_election,Days until election (log scale),TRUE,0.015334165574070302,0.7670632851352104,2020P-2020D,0.019990743751172168,FALSE
other,Time to election,standard,votechoice_dichotomized,Vote choice (dichotomized),log_days_until_election,Days until election (log scale),TRUE,-0.00567426307947202,0.20466112742862047,Combined,-0.027725162813104453,FALSE
other,Time to election,standard,votechoice_dichotomized,Vote choice (dichotomized),race_levelGov,Race: Gov,FALSE,0.0022942205932535665,1.4451817363409047,Combined,0.0015874962543204888,FALSE
other,Time to election,standard,votechoice_dichotomized,Vote choice (dichotomized),race_levelOther,Race: Other,FALSE,-0.05277274320368464,0.9309569839074533,Combined,-0.05668655385363197,FALSE
other,Time to election,standard,votechoice_dichotomized,Vote choice (dichotomized),race_levelRunoff,Race: GA Runoff,FALSE,-0.9694117717723842,0.6680848175352042,Combined,-1.4510309863781656,FALSE
other,Time to election,standard,votechoice_dichotomized,Vote choice (dichotomized),race_levelStateLeg,Race: StateLeg,FALSE,-3.4914916530835867,2.982180741561187,2020D-2018,-1.1707847228789268,FALSE
other,Time to election,standard,votechoice_dichotomized,Vote choice (dichotomized),race_levelStateLeg,Race: StateLeg,FALSE,-2.383447681852109,0.8376547491378943,Combined,-2.845381924122234,TRUE
overall,Overall,no_moderators,favorability,Favorability,intercept,Intercept,TRUE,-1.202667909309112,0.31868967983719965,2020D-2018,-3.7737899448877235,TRUE
overall,Overall,no_moderators,favorability,Favorability,intercept,Intercept,TRUE,-1.6663415923988683,0.2767272047782253,2020P-2018,-6.021603816416631,TRUE
overall,Overall,no_moderators,favorability,Favorability,intercept,Intercept,TRUE,-0.46367368308975643,0.1982550155613493,2020P-2020D,-2.3387740369487613,TRUE
overall,Overall,no_moderators,favorability,Favorability,intercept,Intercept,TRUE,1.1638113044437184,0.07348565308258895,Combined,15.83725877942101,TRUE
overall,Overall,no_moderators,votechoice,Vote choice,intercept,Intercept,TRUE,-1.0896046873192933,0.3767453561272556,2020D-2018,-2.892151607440785,TRUE
overall,Overall,no_moderators,votechoice,Vote choice,intercept,Intercept,TRUE,-1.4265961191206284,0.3469696172880825,2020P-2018,-4.111588012434391,TRUE
overall,Overall,no_moderators,votechoice,Vote choice,intercept,Intercept,TRUE,-0.3369914318013352,0.18458436947187323,2020P-2020D,-1.8256769669367132,FALSE
overall,Overall,no_moderators,votechoice,Vote choice,intercept,Intercept,TRUE,0.967542851994116,0.06993931517147473,Combined,13.83403382806836,TRUE
overall,Overall,no_moderators,votechoice_dichotomized,Vote choice (dichotomized),intercept,Intercept,TRUE,-1.129961094194279,0.48680903897321487,2020D-2018,-2.3211588194368997,TRUE
overall,Overall,no_moderators,votechoice_dichotomized,Vote choice (dichotomized),intercept,Intercept,TRUE,-1.571359302558598,0.4278224500948464,2020P-2018,-3.672923901516235,TRUE
overall,Overall,no_moderators,votechoice_dichotomized,Vote choice (dichotomized),intercept,Intercept,TRUE,-0.44139820836431887,0.2963837349405006,2020P-2020D,-1.4892794587831553,FALSE
overall,Overall,no_moderators,votechoice_dichotomized,Vote choice (dichotomized),intercept,Intercept,TRUE,1.2649567258724776,0.11241183985565542,Combined,11.252878055343366,TRUE
overall,Overall,standard,favorability,Favorability,intercept,Intercept,TRUE,-0.44124858555716107,0.36122323551832947,2020D-2018,-1.2215398738788243,FALSE
overall,Overall,standard,favorability,Favorability,intercept,Intercept,TRUE,-1.2534077877424181,0.2991114017340977,2020P-2018,-4.190438012311764,TRUE
overall,Overall,standard,favorability,Favorability,intercept,Intercept,TRUE,-0.8121592021852572,0.23523282138310897,2020P-2020D,-3.452576036838602,TRUE
overall,Overall,standard,favorability,Favorability,intercept,Intercept,TRUE,1.142222659692853,0.07612252439253292,Combined,15.005054927013127,TRUE
overall,Overall,standard,favorability,Favorability,race_levelGov,Race: Gov,FALSE,2.3289061122724477,0.6579189121245785,Combined,3.539807215378335,TRUE
overall,Overall,standard,favorability,Favorability,race_levelOther,Race: Other,FALSE,-1.1752636403940508,0.5517840488904246,Combined,-2.129934061626778,TRUE
overall,Overall,standard,favorability,Favorability,race_levelStateLeg,Race: StateLeg,FALSE,-1.1105627315516882,1.0636053388972941,2020D-2018,-1.044149263770223,FALSE
overall,Overall,standard,favorability,Favorability,race_levelStateLeg,Race: StateLeg,FALSE,-0.7545024536477144,0.4034854398595494,Combined,-1.8699620335999032,FALSE
overall,Overall,standard,votechoice,Vote choice,intercept,Intercept,TRUE,-0.5928213117255834,0.4452916132104887,2020D-2018,-1.3313103012460232,FALSE
overall,Overall,standard,votechoice,Vote choice,intercept,Intercept,TRUE,-1.461336212803109,0.3684471453128498,2020P-2018,-3.9662031078088105,TRUE
overall,Overall,standard,votechoice,Vote choice,intercept,Intercept,TRUE,-0.8685149010775257,0.2739590540889751,2020P-2020D,-3.1702361652754636,TRUE
overall,Overall,standard,votechoice,Vote choice,intercept,Intercept,TRUE,0.978518976188942,0.07413006998561898,Combined,13.200027686184187,TRUE
overall,Overall,standard,votechoice,Vote choice,race_levelGov,Race: Gov,FALSE,-0.34257060440300496,1.1810358748840764,Combined,-0.2900594399273686,FALSE
overall,Overall,standard,votechoice,Vote choice,race_levelOther,Race: Other,FALSE,-0.3965184250038942,0.5272844829547082,Combined,-0.7520009365379973,FALSE
overall,Overall,standard,votechoice,Vote choice,race_levelRunoff,Race: GA Runoff,FALSE,-0.6938272799071271,0.3919143035952837,Combined,-1.7703545737989153,FALSE
overall,Overall,standard,votechoice,Vote choice,race_levelStateLeg,Race: StateLeg,FALSE,-1.5819975632442156,2.2790682281629016,2020D-2018,-0.6941422567763245,FALSE
overall,Overall,standard,votechoice,Vote choice,race_levelStateLeg,Race: StateLeg,FALSE,-1.6751465530214065,0.4954736251652925,Combined,-3.3808995432654347,TRUE
overall,Overall,standard,votechoice_dichotomized,Vote choice (dichotomized),intercept,Intercept,TRUE,-0.4728902366300116,0.6040379596346311,2020D-2018,-0.7828816535239809,FALSE
overall,Overall,standard,votechoice_dichotomized,Vote choice (dichotomized),intercept,Intercept,TRUE,-1.5530442184969897,0.4520662540729367,2020P-2018,-3.435434971101427,TRUE
overall,Overall,standard,votechoice_dichotomized,Vote choice (dichotomized),intercept,Intercept,TRUE,-1.080153981866978,0.44089713689753585,2020P-2020D,-2.4499001954689605,TRUE
overall,Overall,standard,votechoice_dichotomized,Vote choice (dichotomized),intercept,Intercept,TRUE,1.27212316595599,0.11953852281600771,Combined,10.641951531507772,TRUE
overall,Overall,standard,votechoice_dichotomized,Vote choice (dichotomized),race_levelGov,Race: Gov,FALSE,0.021732233685117754,1.43919065501417,Combined,0.015100316007057302,FALSE
overall,Overall,standard,votechoice_dichotomized,Vote choice (dichotomized),race_levelOther,Race: Other,FALSE,-0.06051689262301001,0.7748794834315468,Combined,-0.07809845778212052,FALSE
overall,Overall,standard,votechoice_dichotomized,Vote choice (dichotomized),race_levelRunoff,Race: GA Runoff,FALSE,-0.966408113378281,0.6329660571722434,Combined,-1.5267929495235177,FALSE
overall,Overall,standard,votechoice_dichotomized,Vote choice (dichotomized),race_levelStateLeg,Race: StateLeg,FALSE,-3.4302092444629766,2.9571137687640956,2020D-2018,-1.1599855510113186,FALSE
overall,Overall,standard,votechoice_dichotomized,Vote choice (dichotomized),race_levelStateLeg,Race: StateLeg,FALSE,-2.384853209696328,0.8338892038717745,Combined,-2.8599161598727716,TRUE
overall,Overall,study_fixed_effects,favorability,Favorability,intercept,Intercept,TRUE,0.21024061901079394,3.001843223337375,2020D-2018,0.07003717495181298,FALSE
overall,Overall,study_fixed_effects,favorability,Favorability,intercept,Intercept,TRUE,-1.3997881781116945,2.566007823594672,2020P-2018,-0.5455120460820566,FALSE
overall,Overall,study_fixed_effects,favorability,Favorability,intercept,Intercept,TRUE,-1.6100287971224885,1.74013877565318,2020P-2020D,-0.9252301136259358,FALSE
overall,Overall,study_fixed_effects,favorability,Favorability,intercept,Intercept,TRUE,1.5495347937342248,0.5095626049823742,Combined,3.040911516236211,TRUE
overall,Overall,study_fixed_effects,favorability,Favorability,study_idX08b80ae785a7,NA,FALSE,2.6699013335444524,3.7727287408937036,Combined,0.707684415421818,FALSE
overall,Overall,study_fixed_effects,favorability,Favorability,study_idX0c2b064a71c5,NA,FALSE,3.4416024475868694,2.7330187001888557,Combined,1.2592678006005043,FALSE
overall,Overall,study_fixed_effects,favorability,Favorability,study_idX0ca4a39fd242,NA,FALSE,-2.056526095903638,2.6082666277692796,Combined,-0.7884646738215113,FALSE
overall,Overall,study_fixed_effects,favorability,Favorability,study_idX17dfb74370ef,NA,FALSE,-2.1838784136379266,0.738605844775502,Combined,-2.9567575576141194,TRUE
overall,Overall,study_fixed_effects,favorability,Favorability,study_idX1ba0c452ca90,NA,FALSE,1.0734564513732316,2.0259481934972308,Combined,0.5298538505667366,FALSE
overall,Overall,study_fixed_effects,favorability,Favorability,study_idX1bd946eb3686,NA,FALSE,-0.3889059715764674,0.7201078507029867,Combined,-0.5400662847888799,FALSE
overall,Overall,study_fixed_effects,favorability,Favorability,study_idX201e65ae9067,NA,FALSE,-2.431823784646697,3.8452724496135393,Combined,-0.632419111132451,FALSE
overall,Overall,study_fixed_effects,favorability,Favorability,study_idX2381dc490ceb,NA,FALSE,-0.4830032247659541,0.8482861428908405,Combined,-0.5693871446726062,FALSE
overall,Overall,study_fixed_effects,favorability,Favorability,study_idX284250c935ca,NA,FALSE,-0.790772972142081,0.7078340925560692,Combined,-1.1171727675429,FALSE
overall,Overall,study_fixed_effects,favorability,Favorability,study_idX29e0b3e3d212,NA,FALSE,-1.3837296209728007,0.7600440356546091,Combined,-1.820591381630967,FALSE
overall,Overall,study_fixed_effects,favorability,Favorability,study_idX2ac92f4fab06,NA,FALSE,-0.4743185331936542,0.722866762677855,Combined,-0.656163151611155,FALSE
overall,Overall,study_fixed_effects,favorability,Favorability,study_idX2c27b3c82c5e,NA,FALSE,-1.8022327777939449,2.038867707514256,Combined,-0.8839380657959357,FALSE
overall,Overall,study_fixed_effects,favorability,Favorability,study_idX2fe2886d447c,NA,FALSE,-2.5213133531161613,1.854078279974589,Combined,-1.3598742730273057,FALSE
overall,Overall,study_fixed_effects,favorability,Favorability,study_idX3051b9505c0c,NA,FALSE,-3.414594059457735,2.2257930179026943,Combined,-1.5341022422090336,FALSE
overall,Overall,study_fixed_effects,favorability,Favorability,study_idX371271f59848,NA,FALSE,0.7400084821210542,0.8014951777221847,Combined,0.9232850086810589,FALSE
overall,Overall,study_fixed_effects,favorability,Favorability,study_idX37ed37edc29e,NA,FALSE,0.005325369676765465,0.7397641339900989,Combined,0.007198740020067992,FALSE
overall,Overall,study_fixed_effects,favorability,Favorability,study_idX39f5116e55a1,NA,FALSE,-0.039509377959560964,0.7720360030157424,Combined,-0.05117556409963868,FALSE
overall,Overall,study_fixed_effects,favorability,Favorability,study_idX3bab95a16d3f,NA,FALSE,-0.21039559909445663,0.6752890908645044,Combined,-0.3115637464616945,FALSE
overall,Overall,study_fixed_effects,favorability,Favorability,study_idX3c2f80c20258,NA,FALSE,-6.557503703053917,3.3491962151524732,Combined,-1.9579335702657195,FALSE
overall,Overall,study_fixed_effects,favorability,Favorability,study_idX3f0cfe830de9,NA,FALSE,4.978533600250774,2.6743900826485567,Combined,1.8615585035823685,FALSE
overall,Overall,study_fixed_effects,favorability,Favorability,study_idX3f36c1eb8e50,NA,FALSE,-0.46631142670918957,0.734086901698447,Combined,-0.635226463829134,FALSE
overall,Overall,study_fixed_effects,favorability,Favorability,study_idX4035b3649f55,NA,FALSE,0.3056194165105723,0.7323773243367084,Combined,0.41729775944027536,FALSE
overall,Overall,study_fixed_effects,favorability,Favorability,study_idX43915f01925b,NA,FALSE,-0.6226205661248535,2.969950397030636,Combined,-0.20964005551990067,FALSE
overall,Overall,study_fixed_effects,favorability,Favorability,study_idX467e42562cc3,NA,FALSE,-2.206664184551565,1.7973763675652457,Combined,-1.2277140305014398,FALSE
overall,Overall,study_fixed_effects,favorability,Favorability,study_idX48c00dcea613,NA,FALSE,-5.360252688096486,3.6439283229717354,Combined,-1.4710093648947065,FALSE
overall,Overall,study_fixed_effects,favorability,Favorability,study_idX493ad50c4528,NA,FALSE,-0.407293093401426,0.7847582258916936,Combined,-0.5190045544774416,FALSE
overall,Overall,study_fixed_effects,favorability,Favorability,study_idX495cbb4fe018,NA,FALSE,6.292044161427371,7.42074740000394,Combined,0.8478989813646035,FALSE
overall,Overall,study_fixed_effects,favorability,Favorability,study_idX4a7bc869dba3,NA,FALSE,-3.086482936423947,2.426396813274761,Combined,-1.272043764456774,FALSE
overall,Overall,study_fixed_effects,favorability,Favorability,study_idX4ac7e3ed36b6,NA,FALSE,3.5105813530546577,2.074310903976757,Combined,1.692408474700856,FALSE
overall,Overall,study_fixed_effects,favorability,Favorability,study_idX4d1542866d9e,NA,FALSE,1.4510881104565998,2.6261248321768162,Combined,0.5525586951073385,FALSE
overall,Overall,study_fixed_effects,favorability,Favorability,study_idX4e7bf05595bf,NA,FALSE,-0.8633483773517613,0.8241270497267859,Combined,-1.047591360625741,FALSE
overall,Overall,study_fixed_effects,favorability,Favorability,study_idX4f0673c63216,NA,FALSE,-1.1422624269117947,1.859298004223805,Combined,-0.6143514510943883,FALSE
overall,Overall,study_fixed_effects,favorability,Favorability,study_idX51f97f3cb7a9,NA,FALSE,0.08499214259768377,0.760924664964019,Combined,0.11169587018407755,FALSE
overall,Overall,study_fixed_effects,favorability,Favorability,study_idX52ae33d7915c,NA,FALSE,0.8979703260199369,3.6752117995092477,Combined,0.2443315854993291,FALSE
overall,Overall,study_fixed_effects,favorability,Favorability,study_idX5a248af8c0f1,NA,FALSE,1.862852892043196,2.9435058099475455,Combined,0.6328687668112307,FALSE
overall,Overall,study_fixed_effects,favorability,Favorability,study_idX5bee0c849477,NA,FALSE,-1.478187244948247,2.8216546755383773,Combined,-0.5238724843840807,FALSE
overall,Overall,study_fixed_effects,favorability,Favorability,study_idX5c1c1e604f1e,NA,FALSE,-0.43072877973021056,2.594588502485894,Combined,-0.1660104403135704,FALSE
overall,Overall,study_fixed_effects,favorability,Favorability,study_idX603bfe4656f5,NA,FALSE,-1.6790579515548645,0.851036829627298,Combined,-1.9729556854668546,TRUE
overall,Overall,study_fixed_effects,favorability,Favorability,study_idX61d643d0e3b4,NA,FALSE,3.7925915879344543,2.3104315128707453,Combined,1.6415079030938697,FALSE
overall,Overall,study_fixed_effects,favorability,Favorability,study_idX620ceeae31bd,NA,FALSE,-2.0683537500128666,2.04392841999416,Combined,-1.0119501885583528,FALSE
overall,Overall,study_fixed_effects,favorability,Favorability,study_idX6725be1de97c,NA,FALSE,5.032826705540201,3.6187254176376933,Combined,1.3907733040506938,FALSE
overall,Overall,study_fixed_effects,favorability,Favorability,study_idX6b8d710d7a12,NA,FALSE,-0.34384601266518394,0.7686006397816775,Combined,-0.4473662847364453,FALSE
overall,Overall,study_fixed_effects,favorability,Favorability,study_idX6d9559cf9fca,NA,FALSE,-0.7096233873927491,1.9661773579359638,Combined,-0.3609152473089667,FALSE
overall,Overall,study_fixed_effects,favorability,Favorability,study_idX6dc1b2269d4d,NA,FALSE,0.7909847899432646,3.4955912142253958,Combined,0.2262806894365486,FALSE
overall,Overall,study_fixed_effects,favorability,Favorability,study_idX70744a27252a,NA,FALSE,-1.5749651926137642,1.9525745720245116,Combined,-0.8066094965995455,FALSE
overall,Overall,study_fixed_effects,favorability,Favorability,study_idX769f1c9a0c8c,NA,FALSE,-0.1748239505195376,0.7177575189446488,Combined,-0.2435696539641816,FALSE
overall,Overall,study_fixed_effects,favorability,Favorability,study_idX77de84900dcf,NA,FALSE,0.31584805478523215,0.7867552505982389,Combined,0.4014565578622643,FALSE
overall,Overall,study_fixed_effects,favorability,Favorability,study_idX7f3b23100683,NA,FALSE,-0.7783044488047917,1.938579986887529,Combined,-0.4014817309934123,FALSE
overall,Overall,study_fixed_effects,favorability,Favorability,study_idX818b70255128,NA,FALSE,-4.699982092652157,2.0041110323477174,Combined,-2.3451705104114713,TRUE
overall,Overall,study_fixed_effects,favorability,Favorability,study_idX86e782d62c2e,NA,FALSE,-0.7376411609366881,0.721338312171642,Combined,-1.022600835821357,FALSE
overall,Overall,study_fixed_effects,favorability,Favorability,study_idX877266884b5c,NA,FALSE,0.07739725393479716,3.03027330413607,Combined,0.025541344349751017,FALSE
overall,Overall,study_fixed_effects,favorability,Favorability,study_idX87f354ace18b,NA,FALSE,0.17325140547015433,0.6963471195647444,Combined,0.2488003477036655,FALSE
overall,Overall,study_fixed_effects,favorability,Favorability,study_idX8eabc6f822c6,NA,FALSE,-1.8384306289923726,1.9319646022277515,Combined,-0.9515860833435951,FALSE
overall,Overall,study_fixed_effects,favorability,Favorability,study_idX8eb97376c894,NA,FALSE,0.049298327804865254,0.743495496346274,Combined,0.06630615524522983,FALSE
overall,Overall,study_fixed_effects,favorability,Favorability,study_idX8f444bfb8688,NA,FALSE,-0.7426882722632632,0.7712983377581141,Combined,-0.9629066159042815,FALSE
overall,Overall,study_fixed_effects,favorability,Favorability,study_idX96102ce6a0a6,NA,FALSE,-0.904028952455815,1.8341073286568883,Combined,-0.4928986097655653,FALSE
overall,Overall,study_fixed_effects,favorability,Favorability,study_idX96c94303546c,NA,FALSE,-0.25090850549,2.7205842400333338,Combined,-0.09222596448141071,FALSE
overall,Overall,study_fixed_effects,favorability,Favorability,study_idX96ee7ca4f42d,NA,FALSE,-1.3723595915136042,1.7704085692654083,Combined,-0.7751654704670992,FALSE
overall,Overall,study_fixed_effects,favorability,Favorability,study_idX99a1e984b493,NA,FALSE,-1.797052131562827,1.9352191471861653,Combined,-0.9286039434736707,FALSE
overall,Overall,study_fixed_effects,favorability,Favorability,study_idX9b63b51005a1,NA,FALSE,6.478348668946325,3.800879581845034,Combined,1.704434073599771,FALSE
overall,Overall,study_fixed_effects,favorability,Favorability,study_idX9d09b5273603,NA,FALSE,-1.8971025553815248,1.818883100399107,Combined,-1.0430041133293584,FALSE
overall,Overall,study_fixed_effects,favorability,Favorability,study_idX9ed122541d0f,NA,FALSE,-0.6156176641725553,0.6798732477433949,Combined,-0.9054888778399299,FALSE
overall,Overall,study_fixed_effects,favorability,Favorability,study_idXa0f9bbb62446,NA,FALSE,-0.8104963782602728,0.9389456931967646,Combined,-0.8631983554883039,FALSE
overall,Overall,study_fixed_effects,favorability,Favorability,study_idXa8754cc70176,NA,FALSE,0.9276705799377665,1.9383006408802996,Combined,0.4785999449066142,FALSE
overall,Overall,study_fixed_effects,favorability,Favorability,study_idXa91760aedac7,NA,FALSE,-0.5464067131021987,0.7008487341891333,Combined,-0.7796357280068136,FALSE
overall,Overall,study_fixed_effects,favorability,Favorability,study_idXac749d823e04,NA,FALSE,-1.8792368854989716,2.0745421567534774,Combined,-0.9058562051300294,FALSE
overall,Overall,study_fixed_effects,favorability,Favorability,study_idXb08b17d9cc64,NA,FALSE,-0.6331929108223412,0.7895023926953268,Combined,-0.8020151891631995,FALSE
overall,Overall,study_fixed_effects,favorability,Favorability,study_idXb207ac778630,NA,FALSE,-3.3777523783554346,1.953669996366605,Combined,-1.7289267812052744,FALSE
overall,Overall,study_fixed_effects,favorability,Favorability,study_idXb218652f3e19,NA,FALSE,-2.1352096649685857,2.9897197014165213,Combined,-0.7141838962217525,FALSE
overall,Overall,study_fixed_effects,favorability,Favorability,study_idXb21b000d7960,NA,FALSE,2.3572064927681593,3.149591848591281,Combined,0.7484164952428576,FALSE
overall,Overall,study_fixed_effects,favorability,Favorability,study_idXb4a2ade86f66,NA,FALSE,-2.592829966558176,2.8514440621238775,Combined,-0.9093041666147663,FALSE
overall,Overall,study_fixed_effects,favorability,Favorability,study_idXb87a6fcc9dd0,NA,FALSE,-0.9274448087250848,2.007432542096756,Combined,-0.46200546682199944,FALSE
overall,Overall,study_fixed_effects,favorability,Favorability,study_idXbb1e5503bebf,NA,FALSE,-1.3113465863943454,2.599877899768285,Combined,-0.5043877585602077,FALSE
overall,Overall,study_fixed_effects,favorability,Favorability,study_idXbce30ccbb53c,NA,FALSE,-1.046652120147898,2.083898477904411,Combined,-0.5022567707810899,FALSE
overall,Overall,study_fixed_effects,favorability,Favorability,study_idXbd63ac3c6221,NA,FALSE,-2.159170953733009,1.9736304356412708,Combined,-1.094009757217517,FALSE
overall,Overall,study_fixed_effects,favorability,Favorability,study_idXbf62992cbc10,NA,FALSE,-0.29533945059290234,2.322822051732835,Combined,-0.12714682572114291,FALSE
overall,Overall,study_fixed_effects,favorability,Favorability,study_idXbf86b7c37550,NA,FALSE,0.10935129401592149,2.8145551083578213,Combined,0.038852070684707085,FALSE
overall,Overall,study_fixed_effects,favorability,Favorability,study_idXc03c2d306034,NA,FALSE,1.0514097815086556,3.4141050312527494,Combined,0.30796058465807014,FALSE
overall,Overall,study_fixed_effects,favorability,Favorability,study_idXc24349f28ce7,NA,FALSE,-2.2459912874798404,1.9144600941019925,Combined,-1.1731721619057085,FALSE
overall,Overall,study_fixed_effects,favorability,Favorability,study_idXc6c602d094ef,NA,FALSE,-0.7668631571046659,0.7414606562021762,Combined,-1.0342600793312533,FALSE
overall,Overall,study_fixed_effects,favorability,Favorability,study_idXc743e344bff5,NA,FALSE,-0.36271560996114105,2.601973170382815,Combined,-0.13940021138180167,FALSE
overall,Overall,study_fixed_effects,favorability,Favorability,study_idXc9457b7f8039,NA,FALSE,-0.6523885699486085,0.6709492331566055,Combined,-0.9723367100060986,FALSE
overall,Overall,study_fixed_effects,favorability,Favorability,study_idXcbca87b096bc,NA,FALSE,0.9071491123713247,3.886137169776515,Combined,0.23343208763356474,FALSE
overall,Overall,study_fixed_effects,favorability,Favorability,study_idXcd1c7907cdb8,NA,FALSE,-2.3163170376537496,3.3166909192277343,Combined,-0.6983819397295803,FALSE
overall,Overall,study_fixed_effects,favorability,Favorability,study_idXcde61df57a05,NA,FALSE,-1.1531506882962619,2.399785559625664,Combined,-0.48052238820711074,FALSE
overall,Overall,study_fixed_effects,favorability,Favorability,study_idXd0500f1294c1,NA,FALSE,-5.9362941650378085,3.0194198913719337,Combined,-1.966037973718367,TRUE
overall,Overall,study_fixed_effects,favorability,Favorability,study_idXd4b78e57e862,NA,FALSE,-3.1794424296289527,1.9923058348373928,Combined,-1.5958606224171659,FALSE
overall,Overall,study_fixed_effects,favorability,Favorability,study_idXd503139dae5a,NA,FALSE,-0.6992221665711976,3.3419029948797565,Combined,-0.20922874411450593,FALSE
overall,Overall,study_fixed_effects,favorability,Favorability,study_idXd54a3e61a37c,NA,FALSE,-2.212587958892841,1.9937880779532473,Combined,-1.1097407910895958,FALSE
overall,Overall,study_fixed_effects,favorability,Favorability,study_idXd5f0eea45635,NA,FALSE,0.6041104070779316,2.0452155710451767,Combined,0.2953773751923911,FALSE
overall,Overall,study_fixed_effects,favorability,Favorability,study_idXd783f4c0b772,NA,FALSE,-1.3786167924036594,3.6407730308866117,Combined,-0.37866046048685836,FALSE
overall,Overall,study_fixed_effects,favorability,Favorability,study_idXd7ffbf77d995,NA,FALSE,-2.2308151475266484,2.273501258561147,Combined,-0.9812245052102967,FALSE
overall,Overall,study_fixed_effects,favorability,Favorability,study_idXdc7b0fd9df64,NA,FALSE,-3.04505808722527,2.1448522140882655,Combined,-1.4197053145312692,FALSE
overall,Overall,study_fixed_effects,favorability,Favorability,study_idXde82367108c3,NA,FALSE,0.7643973353835564,0.806696880243578,Combined,0.9475645116574029,FALSE
overall,Overall,study_fixed_effects,favorability,Favorability,study_idXe10e3997a090,NA,FALSE,-2.880371328677881,1.932213985802106,Combined,-1.4907103197900586,FALSE
overall,Overall,study_fixed_effects,favorability,Favorability,study_idXe1243115280f,NA,FALSE,2.9248421783889786,3.3038867531932685,Combined,0.8852731333972219,FALSE
overall,Overall,study_fixed_effects,favorability,Favorability,study_idXe4ab4974f4be,NA,FALSE,0.07546756741713519,0.7376820991975094,Combined,0.10230364475325197,FALSE
overall,Overall,study_fixed_effects,favorability,Favorability,study_idXe5fca9167903,NA,FALSE,0.22081789438431348,0.6915735595790254,Combined,0.31929776858260706,FALSE
overall,Overall,study_fixed_effects,favorability,Favorability,study_idXe8542bf44750,NA,FALSE,0.10065553195130135,0.6965362667771505,Combined,0.14450867349238117,FALSE
overall,Overall,study_fixed_effects,favorability,Favorability,study_idXe9ef1f1fb8ef,NA,FALSE,-0.6389807910199832,2.3574741171793425,Combined,-0.27104466868315286,FALSE
overall,Overall,study_fixed_effects,favorability,Favorability,study_idXf0130cfec75e,NA,FALSE,-3.008674218298374,3.001989399356862,Combined,-1.0022267963181164,FALSE
overall,Overall,study_fixed_effects,favorability,Favorability,study_idXf337919542ab,NA,FALSE,-1.0762785792182477,2.8632881795592366,Combined,-0.3758890170055903,FALSE
overall,Overall,study_fixed_effects,favorability,Favorability,study_idXfb6f85b84f14,NA,FALSE,-2.254868447470691,1.9315836648371634,Combined,-1.1673677348378182,FALSE
overall,Overall,study_fixed_effects,favorability,Favorability,study_idXfe8b4566d11e,NA,FALSE,-1.2734109313197046,0.73477485924729935,Combined,-1.7330627406389245,FALSE
overall,Overall,study_fixed_effects,votechoice,Vote choice,intercept,Intercept,TRUE,0.19154866164329665,4.066029597479583,2020D-2018,0.047109509916512235,FALSE
overall,Overall,study_fixed_effects,votechoice,Vote choice,intercept,Intercept,TRUE,-3.1214860490304077,3.6157112130441824,2020P-2018,-0.8633117705222728,FALSE
overall,Overall,study_fixed_effects,votechoice,Vote choice,intercept,Intercept,TRUE,-3.3130347106737044,2.323807777351809,2020P-2020D,-1.425692237956622,FALSE
overall,Overall,study_fixed_effects,votechoice,Vote choice,intercept,Intercept,TRUE,1.002548418424852,0.8642392858467953,Combined,1.1600356924790098,FALSE
overall,Overall,study_fixed_effects,votechoice,Vote choice,study_idX03cc29d0f06b,NA,FALSE,0.6422356483327589,1.2201691486017903,Combined,0.526349686081398,FALSE
overall,Overall,study_fixed_effects,votechoice,Vote choice,study_idX0b29d31bb747,NA,FALSE,-4.1355254258231575,2.2511276683578347,Combined,-1.8370905764042977,FALSE
overall,Overall,study_fixed_effects,votechoice,Vote choice,study_idX0ca4a39fd242,NA,FALSE,-1.8683819208553882,3.610426500491914,Combined,-0.5174961796344073,FALSE
overall,Overall,study_fixed_effects,votechoice,Vote choice,study_idX0d38ddbcda23,NA,FALSE,-3.0422089926813354,2.261319176049635,Combined,-1.3453248992456959,FALSE
overall,Overall,study_fixed_effects,votechoice,Vote choice,study_idX0f0abe8145e8,NA,FALSE,-0.45155808645251105,1.1273531459957344,Combined,-0.4005471471440943,FALSE
overall,Overall,study_fixed_effects,votechoice,Vote choice,study_idX113182778c3f,NA,FALSE,-2.608961931002576,2.345827512264275,Combined,-1.1121712561399344,FALSE
overall,Overall,study_fixed_effects,votechoice,Vote choice,study_idX14c85a139dd6,NA,FALSE,0.6917360526557498,1.1062039359571656,Combined,0.6253241650755934,FALSE
overall,Overall,study_fixed_effects,votechoice,Vote choice,study_idX17dfb74370ef,NA,FALSE,-1.4432346989094285,1.1229294950063557,Combined,-1.2852407077447545,FALSE
overall,Overall,study_fixed_effects,votechoice,Vote choice,study_idX1ba0c452ca90,NA,FALSE,-2.232223071061949,2.5824235652264322,Combined,-0.864390761112894,FALSE
overall,Overall,study_fixed_effects,votechoice,Vote choice,study_idX1bd946eb3686,NA,FALSE,0.7223235902165289,1.107954788945363,Combined,0.6519431996896664,FALSE
overall,Overall,study_fixed_effects,votechoice,Vote choice,study_idX201e65ae9067,NA,FALSE,2.0846076361898755,5.160661358660907,Combined,0.40394195458908994,FALSE
overall,Overall,study_fixed_effects,votechoice,Vote choice,study_idX2381dc490ceb,NA,FALSE,0.4756200748118151,1.204271274068277,Combined,0.39494429955559124,FALSE
overall,Overall,study_fixed_effects,votechoice,Vote choice,study_idX284250c935ca,NA,FALSE,0.26908996751646236,1.0997476431923836,Combined,0.24468337730221376,FALSE
overall,Overall,study_fixed_effects,votechoice,Vote choice,study_idX29e0b3e3d212,NA,FALSE,-0.44707729546637903,1.2363999693348364,Combined,-0.36159600983078277,FALSE
overall,Overall,study_fixed_effects,votechoice,Vote choice,study_idX2ac92f4fab06,NA,FALSE,0.6457449147820755,1.1396834339003596,Combined,0.5666002466773872,FALSE
overall,Overall,study_fixed_effects,votechoice,Vote choice,study_idX2c27b3c82c5e,NA,FALSE,-1.0666995854782972,2.605167718209803,Combined,-0.4094552446747278,FALSE
overall,Overall,study_fixed_effects,votechoice,Vote choice,study_idX2fe2886d447c,NA,FALSE,-2.915464102968288,2.317153798378865,Combined,-1.258209146500338,FALSE
overall,Overall,study_fixed_effects,votechoice,Vote choice,study_idX3051b9505c0c,NA,FALSE,-2.4133875532730107,2.9140984779794974,Combined,-0.8281763885159925,FALSE
overall,Overall,study_fixed_effects,votechoice,Vote choice,study_idX371271f59848,NA,FALSE,1.6982716523426828,1.1826250209612135,Combined,1.4360187060496676,FALSE
overall,Overall,study_fixed_effects,votechoice,Vote choice,study_idX37ed37edc29e,NA,FALSE,1.4581649487217159,1.1343916364192532,Combined,1.2854158139991796,FALSE
overall,Overall,study_fixed_effects,votechoice,Vote choice,study_idX38974a4c2046,NA,FALSE,-1.6738959437960288,2.4723125970855526,Combined,-0.6770567547846802,FALSE
overall,Overall,study_fixed_effects,votechoice,Vote choice,study_idX39f5116e55a1,NA,FALSE,0.37625568923903474,1.137246565177101,Combined,0.3308479451687253,FALSE
overall,Overall,study_fixed_effects,votechoice,Vote choice,study_idX3b305caa5847,NA,FALSE,-1.5424162431635442,2.285115358727057,Combined,-0.674983972810353,FALSE
overall,Overall,study_fixed_effects,votechoice,Vote choice,study_idX3bab95a16d3f,NA,FALSE,0.18001787550173198,1.0797756626888348,Combined,0.16671784864409261,FALSE
overall,Overall,study_fixed_effects,votechoice,Vote choice,study_idX3f36c1eb8e50,NA,FALSE,0.1898214306215229,1.120038884214134,Combined,0.16947753626849263,FALSE
overall,Overall,study_fixed_effects,votechoice,Vote choice,study_idX4035b3649f55,NA,FALSE,0.9740228833215421,1.1211510517463845,Combined,0.8687704317846688,FALSE
overall,Overall,study_fixed_effects,votechoice,Vote choice,study_idX43915f01925b,NA,FALSE,-1.2363110209498154,4.093386506449747,Combined,-0.3020264563343386,FALSE
overall,Overall,study_fixed_effects,votechoice,Vote choice,study_idX467e42562cc3,NA,FALSE,-2.2975936132193464,2.278181647671356,Combined,-1.008520815523131,FALSE
overall,Overall,study_fixed_effects,votechoice,Vote choice,study_idX46cbfb66b14a,NA,FALSE,2.60237178508891,2.069359267629619,Combined,1.2575736972294034,FALSE
overall,Overall,study_fixed_effects,votechoice,Vote choice,study_idX48c00dcea613,NA,FALSE,-3.058084023794209,3.3521362240877957,Combined,-0.912279161514802,FALSE
overall,Overall,study_fixed_effects,votechoice,Vote choice,study_idX493ad50c4528,NA,FALSE,0.33983243352860487,1.1641656380795318,Combined,0.29191072336511337,FALSE
overall,Overall,study_fixed_effects,votechoice,Vote choice,study_idX4a7bc869dba3,NA,FALSE,-1.4266857688698673,3.204719544369624,Combined,-0.44518272164452377,FALSE
overall,Overall,study_fixed_effects,votechoice,Vote choice,study_idX4ac7e3ed36b6,NA,FALSE,1.305672383701904,2.561589973975812,Combined,0.5097117013131442,FALSE
overall,Overall,study_fixed_effects,votechoice,Vote choice,study_idX4cd2c9923737,NA,FALSE,-4.214774809086422,3.724402875164242,Combined,-1.131664578285064,FALSE
overall,Overall,study_fixed_effects,votechoice,Vote choice,study_idX4d1542866d9e,NA,FALSE,2.2521473817413353,3.6231552331530286,Combined,0.6215983684975644,FALSE
overall,Overall,study_fixed_effects,votechoice,Vote choice,study_idX4e7bf05595bf,NA,FALSE,0.514335239218902,1.220419829493288,Combined,0.4214412342287583,FALSE
overall,Overall,study_fixed_effects,votechoice,Vote choice,study_idX4f0673c63216,NA,FALSE,-1.5836967130716424,2.417078360061726,Combined,-0.6552111587442283,FALSE
overall,Overall,study_fixed_effects,votechoice,Vote choice,study_idX51f97f3cb7a9,NA,FALSE,1.2413615113659273,1.140491949362335,Combined,1.088443905334001,FALSE
overall,Overall,study_fixed_effects,votechoice,Vote choice,study_idX56c1e861bf4a,NA,FALSE,-0.10684889446275073,2.2846762427942857,Combined,-0.04676763055585881,FALSE
overall,Overall,study_fixed_effects,votechoice,Vote choice,study_idX5a248af8c0f1,NA,FALSE,1.9182986243329936,4.089484928254072,Combined,0.46908074194858923,FALSE
overall,Overall,study_fixed_effects,votechoice,Vote choice,study_idX5bee0c849477,NA,FALSE,-0.49148034257528184,3.889378531211628,Combined,-0.12636474918325186,FALSE
overall,Overall,study_fixed_effects,votechoice,Vote choice,study_idX5c1c1e604f1e,NA,FALSE,-0.20063205780430765,3.5971511478365374,Combined,-0.05577526480225201,FALSE
overall,Overall,study_fixed_effects,votechoice,Vote choice,study_idX5f44bd39b5ef,NA,FALSE,2.330898546601718,1.2190694118924885,Combined,1.9120310327393264,FALSE
overall,Overall,study_fixed_effects,votechoice,Vote choice,study_idX603bfe4656f5,NA,FALSE,0.6084193942278245,1.2088426171629787,Combined,0.5033073665583683,FALSE
overall,Overall,study_fixed_effects,votechoice,Vote choice,study_idX6165ecebc935,NA,FALSE,-0.02454431625663048,1.1989640859268587,Combined,-0.020471268943520114,FALSE
overall,Overall,study_fixed_effects,votechoice,Vote choice,study_idX61d643d0e3b4,NA,FALSE,-2.94729814000384,2.6674758287862432,Combined,-1.1049015358256955,FALSE
overall,Overall,study_fixed_effects,votechoice,Vote choice,study_idX620ceeae31bd,NA,FALSE,-7.668846305239429,2.729751497738387,Combined,-2.8093569365537876,TRUE
overall,Overall,study_fixed_effects,votechoice,Vote choice,study_idX6725be1de97c,NA,FALSE,3.4571561794337944,5.116131734705412,Combined,0.6757363490040895,FALSE
overall,Overall,study_fixed_effects,votechoice,Vote choice,study_idX67bc71554412,NA,FALSE,0.30849476204975024,1.2170406766446569,Combined,0.2534794177136796,FALSE
overall,Overall,study_fixed_effects,votechoice,Vote choice,study_idX6b8d710d7a12,NA,FALSE,1.090336284971894,1.1447440521347405,Combined,0.9524716751649542,FALSE
overall,Overall,study_fixed_effects,votechoice,Vote choice,study_idX6d9559cf9fca,NA,FALSE,-2.8881847343529374,2.5217861961816483,Combined,-1.1452932602795867,FALSE
overall,Overall,study_fixed_effects,votechoice,Vote choice,study_idX70744a27252a,NA,FALSE,-5.725490390376927,2.5018377557675753,Combined,-2.288513864329432,TRUE
overall,Overall,study_fixed_effects,votechoice,Vote choice,study_idX7572bae2e47c,NA,FALSE,-3.6957902669430363,2.3053779513383885,Combined,-1.6031168619433716,FALSE
overall,Overall,study_fixed_effects,votechoice,Vote choice,study_idX769f1c9a0c8c,NA,FALSE,0.8430192434083534,1.1069289695252382,Combined,0.7615838654669272,FALSE
overall,Overall,study_fixed_effects,votechoice,Vote choice,study_idX77de84900dcf,NA,FALSE,0.6096414637467366,1.1891320634066427,Combined,0.5126776768597315,FALSE
overall,Overall,study_fixed_effects,votechoice,Vote choice,study_idX7b2202c3d630,NA,FALSE,0.3626720594827199,1.22868247620816,Combined,0.29517150810351184,FALSE
overall,Overall,study_fixed_effects,votechoice,Vote choice,study_idX7f3b23100683,NA,FALSE,-0.8859312203925294,2.2925794155219537,Combined,-0.3864342558405239,FALSE
overall,Overall,study_fixed_effects,votechoice,Vote choice,study_idX805dc7d17075,NA,FALSE,-1.8435842213127966,2.436312166551761,Combined,-0.7567110022366785,FALSE
overall,Overall,study_fixed_effects,votechoice,Vote choice,study_idX80c2e207179a,NA,FALSE,0.3368698937490124,1.1675193503097137,Combined,0.2885347413382478,FALSE
overall,Overall,study_fixed_effects,votechoice,Vote choice,study_idX80e36e0e4fe3,NA,FALSE,-1.6105699831964548,2.347243264741137,Combined,-0.6861538415678763,FALSE
overall,Overall,study_fixed_effects,votechoice,Vote choice,study_idX818b70255128,NA,FALSE,-2.674060552889826,2.33921529466972,Combined,-1.14314426679028,FALSE
overall,Overall,study_fixed_effects,votechoice,Vote choice,study_idX84eebdcf94ef,NA,FALSE,0.6179175145341185,1.2075112063286237,Combined,0.5117281821448806,FALSE
overall,Overall,study_fixed_effects,votechoice,Vote choice,study_idX86e782d62c2e,NA,FALSE,0.6305019602657088,1.106719206702268,Combined,0.5697036397736683,FALSE
overall,Overall,study_fixed_effects,votechoice,Vote choice,study_idX877266884b5c,NA,FALSE,-2.7811337068697815,4.102976175750399,Combined,-0.6778332575526437,FALSE
overall,Overall,study_fixed_effects,votechoice,Vote choice,study_idX87f354ace18b,NA,FALSE,1.1762749383777509,1.0940127903326744,Combined,1.0751930404945829,FALSE
overall,Overall,study_fixed_effects,votechoice,Vote choice,study_idX8eabc6f822c6,NA,FALSE,-0.9959483105898793,2.4918360053954043,Combined,-0.3996845331849366,FALSE
overall,Overall,study_fixed_effects,votechoice,Vote choice,study_idX8eb97376c894,NA,FALSE,0.6227983182427687,1.1296903755326593,Combined,0.5513000125800962,FALSE
overall,Overall,study_fixed_effects,votechoice,Vote choice,study_idX8f444bfb8688,NA,FALSE,0.5450934354853947,1.1441927421358176,Combined,0.47640001147699224,FALSE
overall,Overall,study_fixed_effects,votechoice,Vote choice,study_idX9075c5776f7b,NA,FALSE,1.5489224688945433,1.1814936061552521,Combined,1.3109867550912584,FALSE
overall,Overall,study_fixed_effects,votechoice,Vote choice,study_idX95c594fe1042,NA,FALSE,-0.9595747791332953,1.1662925144565042,Combined,-0.8227565274055283,FALSE
overall,Overall,study_fixed_effects,votechoice,Vote choice,study_idX96102ce6a0a6,NA,FALSE,-2.322143086399315,2.3386675714605034,Combined,-0.992934230900175,FALSE
overall,Overall,study_fixed_effects,votechoice,Vote choice,study_idX96ee7ca4f42d,NA,FALSE,-1.3359023877244152,2.2471058436089093,Combined,-0.5944990938116747,FALSE
overall,Overall,study_fixed_effects,votechoice,Vote choice,study_idX99a1e984b493,NA,FALSE,-4.0147624948200535,2.504641081152901,Combined,-1.6029292680019585,FALSE
overall,Overall,study_fixed_effects,votechoice,Vote choice,study_idX9ed122541d0f,NA,FALSE,1.1904015459594395,1.075677786138677,Combined,1.106652532290903,FALSE
overall,Overall,study_fixed_effects,votechoice,Vote choice,study_idXa0f9bbb62446,NA,FALSE,-1.1288104646706916,1.4118150474873337,Combined,-0.7995455684366609,FALSE
overall,Overall,study_fixed_effects,votechoice,Vote choice,study_idXa5e00cbed344,NA,FALSE,0.28790345827528596,1.1703718332961004,Combined,0.24599315370096342,FALSE
overall,Overall,study_fixed_effects,votechoice,Vote choice,study_idXa8754cc70176,NA,FALSE,0.007209185829488137,2.529776480312069,Combined,0.002849732332320057,FALSE
overall,Overall,study_fixed_effects,votechoice,Vote choice,study_idXa91760aedac7,NA,FALSE,1.3289816307821052,1.1207258964914315,Combined,1.1858221844811863,FALSE
overall,Overall,study_fixed_effects,votechoice,Vote choice,study_idXa9854ba59c90,NA,FALSE,-1.119041977904505,2.262390252793634,Combined,-0.4946281820842779,FALSE
overall,Overall,study_fixed_effects,votechoice,Vote choice,study_idXac69a3a198f7,NA,FALSE,-0.7689046164133508,1.5599464498463442,Combined,-0.4929044945671619,FALSE
overall,Overall,study_fixed_effects,votechoice,Vote choice,study_idXac749d823e04,NA,FALSE,-2.3595830893749405,2.8404534042767304,Combined,-0.8307064941893547,FALSE
overall,Overall,study_fixed_effects,votechoice,Vote choice,study_idXb08b17d9cc64,NA,FALSE,-0.10699885090000126,1.1481959614498942,Combined,-0.09318866682381251,FALSE
overall,Overall,study_fixed_effects,votechoice,Vote choice,study_idXb12c1f8ccf08,NA,FALSE,1.3136636572731448,1.152313338287477,Combined,1.1400229552366896,FALSE
overall,Overall,study_fixed_effects,votechoice,Vote choice,study_idXb207ac778630,NA,FALSE,-4.5420491141920465,2.555741333436889,Combined,-1.7771943720470438,FALSE
overall,Overall,study_fixed_effects,votechoice,Vote choice,study_idXb218652f3e19,NA,FALSE,-7.3261725950322605,4.186251895617006,Combined,-1.750055366401325,FALSE
overall,Overall,study_fixed_effects,votechoice,Vote choice,study_idXb4a2ade86f66,NA,FALSE,-4.454265124441218,3.7585572495187103,Combined,-1.185099714793913,FALSE
overall,Overall,study_fixed_effects,votechoice,Vote choice,study_idXb87a6fcc9dd0,NA,FALSE,-1.3366320914496894,2.5952017465137023,Combined,-0.5150397626100828,FALSE
overall,Overall,study_fixed_effects,votechoice,Vote choice,study_idXbb1e5503bebf,NA,FALSE,-1.0056620820958062,3.573508230618066,Combined,-0.2814215099546222,FALSE
overall,Overall,study_fixed_effects,votechoice,Vote choice,study_idXbce30ccbb53c,NA,FALSE,-4.234763279824833,2.7879916414038206,Combined,-1.5189296900806086,FALSE
overall,Overall,study_fixed_effects,votechoice,Vote choice,study_idXbd63ac3c6221,NA,FALSE,-2.2698527835443882,2.307267652992514,Combined,-0.9837839058682253,FALSE
overall,Overall,study_fixed_effects,votechoice,Vote choice,study_idXbebc5dbae712,NA,FALSE,2.592229194066748,1.202446592441455,Combined,2.1557957005004855,TRUE
overall,Overall,study_fixed_effects,votechoice,Vote choice,study_idXbf62992cbc10,NA,FALSE,-4.893436900286373,2.952196211454527,Combined,-1.6575581532486994,FALSE
overall,Overall,study_fixed_effects,votechoice,Vote choice,study_idXbf86b7c37550,NA,FALSE,-1.2656237609123049,3.9609974827107894,Combined,-0.3195214756981238,FALSE
overall,Overall,study_fixed_effects,votechoice,Vote choice,study_idXc03c2d306034,NA,FALSE,4.125230977148955,4.653950250177585,Combined,0.8863934411399315,FALSE
overall,Overall,study_fixed_effects,votechoice,Vote choice,study_idXc207f6749db7,NA,FALSE,-2.2597268186382182,2.271299076159614,Combined,-0.994905004962639,FALSE
overall,Overall,study_fixed_effects,votechoice,Vote choice,study_idXc24349f28ce7,NA,FALSE,-1.6685105326550225,2.430288834950644,Combined,-0.6865482442497036,FALSE
overall,Overall,study_fixed_effects,votechoice,Vote choice,study_idXc359093d039f,NA,FALSE,0.8109169867214387,1.178322869142729,Combined,0.68819591638021,FALSE
overall,Overall,study_fixed_effects,votechoice,Vote choice,study_idXc6520141bbcf,NA,FALSE,-2.19883245661627,2.352752813987933,Combined,-0.9345786108695513,FALSE
overall,Overall,study_fixed_effects,votechoice,Vote choice,study_idXc6c602d094ef,NA,FALSE,0.11687084308398234,1.1275023633902514,Combined,0.10365463246796847,FALSE
overall,Overall,study_fixed_effects,votechoice,Vote choice,study_idXc743e344bff5,NA,FALSE,-1.2934677802922145,3.603106955972282,Combined,-0.3589867844883828,FALSE
overall,Overall,study_fixed_effects,votechoice,Vote choice,study_idXc9457b7f8039,NA,FALSE,-0.24851344504025472,1.1184256375854638,Combined,-0.22219934583828307,FALSE
overall,Overall,study_fixed_effects,votechoice,Vote choice,study_idXcac4fba0eb39,NA,FALSE,1.212541064250432,1.1676768701028009,Combined,1.0384217545935301,FALSE
overall,Overall,study_fixed_effects,votechoice,Vote choice,study_idXcb23f4570599,NA,FALSE,0.1367463716303095,1.2282238005402333,Combined,0.11133668926637126,FALSE
overall,Overall,study_fixed_effects,votechoice,Vote choice,study_idXcbca87b096bc,NA,FALSE,2.744203696301985,5.076889639561399,Combined,0.5405285304840822,FALSE
overall,Overall,study_fixed_effects,votechoice,Vote choice,study_idXcd1c7907cdb8,NA,FALSE,-2.697150466839754,4.593931748600942,Combined,-0.5871115668318663,FALSE
overall,Overall,study_fixed_effects,votechoice,Vote choice,study_idXcde61df57a05,NA,FALSE,-2.9610525697085697,2.943317268905463,Combined,-1.0060256163990442,FALSE
overall,Overall,study_fixed_effects,votechoice,Vote choice,study_idXd0500f1294c1,NA,FALSE,-6.16932046713931,4.185889190925818,Combined,-1.47383750160257,FALSE
overall,Overall,study_fixed_effects,votechoice,Vote choice,study_idXd3b7ef629833,NA,FALSE,0.9173365289462492,1.1737616512844204,Combined,0.7815356106944105,FALSE
overall,Overall,study_fixed_effects,votechoice,Vote choice,study_idXd4b78e57e862,NA,FALSE,-2.743763043420632,2.3257644431842315,Combined,-1.1797252518247778,FALSE
overall,Overall,study_fixed_effects,votechoice,Vote choice,study_idXd503139dae5a,NA,FALSE,-4.304382967790027,4.553767843101262,Combined,-0.9452354876437012,FALSE
overall,Overall,study_fixed_effects,votechoice,Vote choice,study_idXd54a3e61a37c,NA,FALSE,-4.642618640813528,2.652598918648204,Combined,-1.750215084600676,FALSE
overall,Overall,study_fixed_effects,votechoice,Vote choice,study_idXd5f0eea45635,NA,FALSE,-0.5129456929192543,2.7658041047336495,Combined,-0.18545987839173145,FALSE
overall,Overall,study_fixed_effects,votechoice,Vote choice,study_idXd76747117c7f,NA,FALSE,-3.192045613405831,2.341935621550817,Combined,-1.3629946032812277,FALSE
overall,Overall,study_fixed_effects,votechoice,Vote choice,study_idXd7ffbf77d995,NA,FALSE,-7.192075600356882,3.126735791755537,Combined,-2.300186545764655,TRUE
overall,Overall,study_fixed_effects,votechoice,Vote choice,study_idXd9ad8abc5d35,NA,FALSE,0.987125224390527,1.1753732114895958,Combined,0.8398398183156693,FALSE
overall,Overall,study_fixed_effects,votechoice,Vote choice,study_idXda509e35d532,NA,FALSE,1.2387819113148404,1.1991655255472966,Combined,1.0330366283249037,FALSE
overall,Overall,study_fixed_effects,votechoice,Vote choice,study_idXdc7b0fd9df64,NA,FALSE,-3.046652433323095,2.481398566764228,Combined,-1.2277964830518802,FALSE
overall,Overall,study_fixed_effects,votechoice,Vote choice,study_idXde82367108c3,NA,FALSE,1.5083998117592867,1.1798381614359144,Combined,1.2784802704834521,FALSE
overall,Overall,study_fixed_effects,votechoice,Vote choice,study_idXe486b803c7c4,NA,FALSE,-0.24223859788765786,1.3162117400495488,Combined,-0.18404227110034652,FALSE
overall,Overall,study_fixed_effects,votechoice,Vote choice,study_idXe4ab4974f4be,NA,FALSE,0.38104307552232713,1.1327451160710609,Combined,0.3363890694527815,FALSE
overall,Overall,study_fixed_effects,votechoice,Vote choice,study_idXe5fca9167903,NA,FALSE,0.8137836731780691,1.096583955821488,Combined,0.7421079515689579,FALSE
overall,Overall,study_fixed_effects,votechoice,Vote choice,study_idXe7db07728484,NA,FALSE,-3.0982525937282444,2.4326197216617573,Combined,-1.2736280011788212,FALSE
overall,Overall,study_fixed_effects,votechoice,Vote choice,study_idXe8542bf44750,NA,FALSE,0.6222598219503781,1.094473887999671,Combined,0.5685469783912882,FALSE
overall,Overall,study_fixed_effects,votechoice,Vote choice,study_idXe9ef1f1fb8ef,NA,FALSE,-1.5479850304096254,3.0259507401005616,Combined,-0.5115698051179053,FALSE
overall,Overall,study_fixed_effects,votechoice,Vote choice,study_idXf0130cfec75e,NA,FALSE,-3.0628487669253275,4.142795894496024,Combined,-0.7393192532112245,FALSE
overall,Overall,study_fixed_effects,votechoice,Vote choice,study_idXf337919542ab,NA,FALSE,-2.7366319669150947,3.9121225640494113,Combined,-0.6995261324538937,FALSE
overall,Overall,study_fixed_effects,votechoice,Vote choice,study_idXf76ffe03051e,NA,FALSE,-3.4216530607382807,2.2885433513237796,Combined,-1.495122676509085,FALSE
overall,Overall,study_fixed_effects,votechoice,Vote choice,study_idXfb6f85b84f14,NA,FALSE,-1.8767295131879398,2.5304726986604376,Combined,-0.7416517531216317,FALSE
overall,Overall,study_fixed_effects,votechoice,Vote choice,study_idXfe8b4566d11e,NA,FALSE,-0.04569567146941731,1.123650790938695,Combined,-0.04066714662412444,FALSE
overall,Overall,study_fixed_effects,votechoice_dichotomized,Vote choice (dichotomized),intercept,Intercept,TRUE,2.203730293130685,5.535293789620193,2020D-2018,0.3981234559334736,FALSE
overall,Overall,study_fixed_effects,votechoice_dichotomized,Vote choice (dichotomized),intercept,Intercept,TRUE,-0.33434754493885954,4.7856808882151745,2020P-2018,-0.06986415365934583,FALSE
overall,Overall,study_fixed_effects,votechoice_dichotomized,Vote choice (dichotomized),intercept,Intercept,TRUE,-2.5380778380695443,3.8235066986993562,2020P-2020D,-0.6638089162843427,FALSE
overall,Overall,study_fixed_effects,votechoice_dichotomized,Vote choice (dichotomized),intercept,Intercept,TRUE,3.248186373732101,1.5224410856455068,Combined,2.133538305263804,TRUE
overall,Overall,study_fixed_effects,votechoice_dichotomized,Vote choice (dichotomized),study_idX03cc29d0f06b,NA,FALSE,-2.270122611206667,2.141403866042597,Combined,-1.060109513765821,FALSE
overall,Overall,study_fixed_effects,votechoice_dichotomized,Vote choice (dichotomized),study_idX0b29d31bb747,NA,FALSE,-6.331989123264844,3.590136969006496,Combined,-1.7637179801017744,FALSE
overall,Overall,study_fixed_effects,votechoice_dichotomized,Vote choice (dichotomized),study_idX0ca4a39fd242,NA,FALSE,-1.2594342061874242,4.566866747254189,Combined,-0.27577642963737753,FALSE
overall,Overall,study_fixed_effects,votechoice_dichotomized,Vote choice (dichotomized),study_idX0d38ddbcda23,NA,FALSE,-4.9490899492236196,3.637615535128186,Combined,-1.360531342971961,FALSE
overall,Overall,study_fixed_effects,votechoice_dichotomized,Vote choice (dichotomized),study_idX0f0abe8145e8,NA,FALSE,-1.4846610610108533,2.0780935689017612,Combined,-0.7144341733348766,FALSE
overall,Overall,study_fixed_effects,votechoice_dichotomized,Vote choice (dichotomized),study_idX113182778c3f,NA,FALSE,-5.587980054452563,3.7332254547650408,Combined,-1.4968236240112789,FALSE
overall,Overall,study_fixed_effects,votechoice_dichotomized,Vote choice (dichotomized),study_idX14c85a139dd6,NA,FALSE,-1.9433602667442351,2.0344255483506988,Combined,-0.955237840145937,FALSE
overall,Overall,study_fixed_effects,votechoice_dichotomized,Vote choice (dichotomized),study_idX17dfb74370ef,NA,FALSE,-5.0059118278990935,2.0403736485323347,Combined,-2.4534289743939333,TRUE
overall,Overall,study_fixed_effects,votechoice_dichotomized,Vote choice (dichotomized),study_idX1ba0c452ca90,NA,FALSE,-2.4979049883482807,4.40416305968497,Combined,-0.5671690522119215,FALSE
overall,Overall,study_fixed_effects,votechoice_dichotomized,Vote choice (dichotomized),study_idX1bd946eb3686,NA,FALSE,-0.945521594493037,2.0422520040163583,Combined,-0.46297988330213113,FALSE
overall,Overall,study_fixed_effects,votechoice_dichotomized,Vote choice (dichotomized),study_idX201e65ae9067,NA,FALSE,2.3848390471310204,6.248287854235611,Combined,0.3816788059011042,FALSE
overall,Overall,study_fixed_effects,votechoice_dichotomized,Vote choice (dichotomized),study_idX2381dc490ceb,NA,FALSE,-1.482005600285176,2.1428848085045824,Combined,-0.6915936845524596,FALSE
overall,Overall,study_fixed_effects,votechoice_dichotomized,Vote choice (dichotomized),study_idX284250c935ca,NA,FALSE,-1.803966938778666,2.0312245620902267,Combined,-0.8881179227777249,FALSE
overall,Overall,study_fixed_effects,votechoice_dichotomized,Vote choice (dichotomized),study_idX29e0b3e3d212,NA,FALSE,-4.487617162424415,2.197884483884505,Combined,-2.0417893639674247,TRUE
overall,Overall,study_fixed_effects,votechoice_dichotomized,Vote choice (dichotomized),study_idX2ac92f4fab06,NA,FALSE,-2.755162696598391,2.1194909699662756,Combined,-1.299917166734723,FALSE
overall,Overall,study_fixed_effects,votechoice_dichotomized,Vote choice (dichotomized),study_idX2c27b3c82c5e,NA,FALSE,-2.947154119188529,4.109396723837486,Combined,-0.7171743974225935,FALSE
overall,Overall,study_fixed_effects,votechoice_dichotomized,Vote choice (dichotomized),study_idX2fe2886d447c,NA,FALSE,-3.441164030861012,3.677993136102078,Combined,-0.9356091497516886,FALSE
overall,Overall,study_fixed_effects,votechoice_dichotomized,Vote choice (dichotomized),study_idX3051b9505c0c,NA,FALSE,-3.2410967797188404,4.455642686539314,Combined,-0.7274139799204122,FALSE
overall,Overall,study_fixed_effects,votechoice_dichotomized,Vote choice (dichotomized),study_idX371271f59848,NA,FALSE,0.12514457503359983,2.1491476443974338,Combined,0.05822986399274917,FALSE
overall,Overall,study_fixed_effects,votechoice_dichotomized,Vote choice (dichotomized),study_idX37ed37edc29e,NA,FALSE,-0.6731897077238697,2.1032628484526166,Combined,-0.3200692239769934,FALSE
overall,Overall,study_fixed_effects,votechoice_dichotomized,Vote choice (dichotomized),study_idX38974a4c2046,NA,FALSE,-3.2939602190574795,3.8506702720917576,Combined,-0.8554251562204357,FALSE
overall,Overall,study_fixed_effects,votechoice_dichotomized,Vote choice (dichotomized),study_idX39f5116e55a1,NA,FALSE,-1.814145630091229,2.067020471997681,Combined,-0.8776621492954737,FALSE
overall,Overall,study_fixed_effects,votechoice_dichotomized,Vote choice (dichotomized),study_idX3b305caa5847,NA,FALSE,-2.5705170489420595,3.668036378889166,Combined,-0.7007883192588507,FALSE
overall,Overall,study_fixed_effects,votechoice_dichotomized,Vote choice (dichotomized),study_idX3bab95a16d3f,NA,FALSE,-2.104401787023516,1.9880380125478234,Combined,-1.058531966562633,FALSE
overall,Overall,study_fixed_effects,votechoice_dichotomized,Vote choice (dichotomized),study_idX3f36c1eb8e50,NA,FALSE,-1.9809813125762465,2.0494219286818516,Combined,-0.9666049166607558,FALSE
overall,Overall,study_fixed_effects,votechoice_dichotomized,Vote choice (dichotomized),study_idX4035b3649f55,NA,FALSE,-1.0937150912635587,2.0453485340239435,Combined,-0.534732869762702,FALSE
overall,Overall,study_fixed_effects,votechoice_dichotomized,Vote choice (dichotomized),study_idX43915f01925b,NA,FALSE,0.3510133835452811,5.202003987717841,Combined,0.06747656948630548,FALSE
overall,Overall,study_fixed_effects,votechoice_dichotomized,Vote choice (dichotomized),study_idX467e42562cc3,NA,FALSE,-3.5869714953275427,3.6344139123013006,Combined,-0.9869463362956044,FALSE
overall,Overall,study_fixed_effects,votechoice_dichotomized,Vote choice (dichotomized),study_idX46cbfb66b14a,NA,FALSE,3.3496705846644956,3.9229040441116174,Combined,0.8538752278920612,FALSE
overall,Overall,study_fixed_effects,votechoice_dichotomized,Vote choice (dichotomized),study_idX48c00dcea613,NA,FALSE,-5.046137220027584,4.771703120626509,Combined,-1.0575128193149288,FALSE
overall,Overall,study_fixed_effects,votechoice_dichotomized,Vote choice (dichotomized),study_idX493ad50c4528,NA,FALSE,-2.3182657394109945,2.1105342792534505,Combined,-1.0984260062485334,FALSE
overall,Overall,study_fixed_effects,votechoice_dichotomized,Vote choice (dichotomized),study_idX4a7bc869dba3,NA,FALSE,-0.11385429312865065,4.9689340546830225,Combined,-0.022913222811107248,FALSE
overall,Overall,study_fixed_effects,votechoice_dichotomized,Vote choice (dichotomized),study_idX4ac7e3ed36b6,NA,FALSE,-1.1836400095458213,3.8976025183968366,Combined,-0.30368412478157897,FALSE
overall,Overall,study_fixed_effects,votechoice_dichotomized,Vote choice (dichotomized),study_idX4cd2c9923737,NA,FALSE,-4.310391013491388,4.721149673511814,Combined,-0.9129960521427645,FALSE
overall,Overall,study_fixed_effects,votechoice_dichotomized,Vote choice (dichotomized),study_idX4d1542866d9e,NA,FALSE,3.299631438861639,4.571166332626039,Combined,0.7218357851717178,FALSE
overall,Overall,study_fixed_effects,votechoice_dichotomized,Vote choice (dichotomized),study_idX4e7bf05595bf,NA,FALSE,0.31465650320985183,2.246645959958905,Combined,0.14005611423332917,FALSE
overall,Overall,study_fixed_effects,votechoice_dichotomized,Vote choice (dichotomized),study_idX4f0673c63216,NA,FALSE,-1.8758149444385845,3.8569629345567744,Combined,-0.48634507934521937,FALSE
overall,Overall,study_fixed_effects,votechoice_dichotomized,Vote choice (dichotomized),study_idX51f97f3cb7a9,NA,FALSE,-0.9030048691159447,2.13052150996847,Combined,-0.4238421742708941,FALSE
overall,Overall,study_fixed_effects,votechoice_dichotomized,Vote choice (dichotomized),study_idX56c1e861bf4a,NA,FALSE,-0.6114590880147205,3.655079464844134,Combined,-0.1672902310048122,FALSE
overall,Overall,study_fixed_effects,votechoice_dichotomized,Vote choice (dichotomized),study_idX5a248af8c0f1,NA,FALSE,4.156684679352094,5.1554104892870125,Combined,0.8062761807211513,FALSE
overall,Overall,study_fixed_effects,votechoice_dichotomized,Vote choice (dichotomized),study_idX5bee0c849477,NA,FALSE,0.15439167678505827,4.946836771953038,Combined,0.031210182163359235,FALSE
overall,Overall,study_fixed_effects,votechoice_dichotomized,Vote choice (dichotomized),study_idX5c1c1e604f1e,NA,FALSE,0.5659997438151089,4.55167596225169,Combined,0.124349744689451,FALSE
overall,Overall,study_fixed_effects,votechoice_dichotomized,Vote choice (dichotomized),study_idX5f44bd39b5ef,NA,FALSE,0.6044104924188981,2.260234067517623,Combined,0.26741057534926543,FALSE
overall,Overall,study_fixed_effects,votechoice_dichotomized,Vote choice (dichotomized),study_idX603bfe4656f5,NA,FALSE,-1.071143202927442,2.210203867481416,Combined,-0.4846354757980028,FALSE
overall,Overall,study_fixed_effects,votechoice_dichotomized,Vote choice (dichotomized),study_idX6165ecebc935,NA,FALSE,-2.2049976423303126,2.2367713615059213,Combined,-0.9857948292246478,FALSE
overall,Overall,study_fixed_effects,votechoice_dichotomized,Vote choice (dichotomized),study_idX61d643d0e3b4,NA,FALSE,-4.2759940377264956,4.001672239657004,Combined,-1.0685517907616053,FALSE
overall,Overall,study_fixed_effects,votechoice_dichotomized,Vote choice (dichotomized),study_idX620ceeae31bd,NA,FALSE,-12.309962379231816,4.3183049283078905,Combined,-2.850646858802401,TRUE
overall,Overall,study_fixed_effects,votechoice_dichotomized,Vote choice (dichotomized),study_idX6725be1de97c,NA,FALSE,5.54004487011793,6.282981206287071,Combined,0.881754168638015,FALSE
overall,Overall,study_fixed_effects,votechoice_dichotomized,Vote choice (dichotomized),study_idX67bc71554412,NA,FALSE,-3.2643462509457084,2.234048988533053,Combined,-1.461179350900976,FALSE
overall,Overall,study_fixed_effects,votechoice_dichotomized,Vote choice (dichotomized),study_idX6b8d710d7a12,NA,FALSE,-0.43859366852714926,2.085796490348846,Combined,-0.2102763479354571,FALSE
overall,Overall,study_fixed_effects,votechoice_dichotomized,Vote choice (dichotomized),study_idX6d9559cf9fca,NA,FALSE,-6.055122855572398,4.290667039797566,Combined,-1.4112311208044888,FALSE
overall,Overall,study_fixed_effects,votechoice_dichotomized,Vote choice (dichotomized),study_idX70744a27252a,NA,FALSE,-6.392985110074514,4.120330498880079,Combined,-1.5515709508769142,FALSE
overall,Overall,study_fixed_effects,votechoice_dichotomized,Vote choice (dichotomized),study_idX7572bae2e47c,NA,FALSE,-4.862459038019639,3.7015091640551243,Combined,-1.3136423070995875,FALSE
overall,Overall,study_fixed_effects,votechoice_dichotomized,Vote choice (dichotomized),study_idX769f1c9a0c8c,NA,FALSE,-1.742872861705725,2.0459052040897405,Combined,-0.8518834881605182,FALSE
overall,Overall,study_fixed_effects,votechoice_dichotomized,Vote choice (dichotomized),study_idX77de84900dcf,NA,FALSE,0.0586689580643312,2.1958912785015543,Combined,0.02671760603027946,FALSE
overall,Overall,study_fixed_effects,votechoice_dichotomized,Vote choice (dichotomized),study_idX7b2202c3d630,NA,FALSE,-1.2032972866146694,2.2547867854216066,Combined,-0.5336634463154676,FALSE
overall,Overall,study_fixed_effects,votechoice_dichotomized,Vote choice (dichotomized),study_idX7f3b23100683,NA,FALSE,-1.8404203543022437,3.7954094284588984,Combined,-0.48490693533675877,FALSE
overall,Overall,study_fixed_effects,votechoice_dichotomized,Vote choice (dichotomized),study_idX805dc7d17075,NA,FALSE,-2.299587087140428,3.808839220261177,Combined,-0.6037501070950279,FALSE
overall,Overall,study_fixed_effects,votechoice_dichotomized,Vote choice (dichotomized),study_idX80c2e207179a,NA,FALSE,-0.6791753707395266,2.129805594184848,Combined,-0.31889078167224505,FALSE
overall,Overall,study_fixed_effects,votechoice_dichotomized,Vote choice (dichotomized),study_idX80e36e0e4fe3,NA,FALSE,-2.7256256730325137,3.7170167427260035,Combined,-0.7332831304476668,FALSE
overall,Overall,study_fixed_effects,votechoice_dichotomized,Vote choice (dichotomized),study_idX818b70255128,NA,FALSE,-4.877710052477787,3.803687361421133,Combined,-1.2823635564662648,FALSE
overall,Overall,study_fixed_effects,votechoice_dichotomized,Vote choice (dichotomized),study_idX84eebdcf94ef,NA,FALSE,-1.4427920772247995,2.21212975120098,Combined,-0.6522185583560358,FALSE
overall,Overall,study_fixed_effects,votechoice_dichotomized,Vote choice (dichotomized),study_idX86e782d62c2e,NA,FALSE,-1.8948180000416623,2.0348575321277496,Combined,-0.9311796870910884,FALSE
overall,Overall,study_fixed_effects,votechoice_dichotomized,Vote choice (dichotomized),study_idX877266884b5c,NA,FALSE,-2.2104687994177077,5.063543462191212,Combined,-0.4365458331547812,FALSE
overall,Overall,study_fixed_effects,votechoice_dichotomized,Vote choice (dichotomized),study_idX87f354ace18b,NA,FALSE,-1.1737671928646911,2.0200491894351065,Combined,-0.5810587182745424,FALSE
overall,Overall,study_fixed_effects,votechoice_dichotomized,Vote choice (dichotomized),study_idX8eabc6f822c6,NA,FALSE,-0.6685058864859448,3.9143435567168923,Combined,-0.1707836516646091,FALSE
overall,Overall,study_fixed_effects,votechoice_dichotomized,Vote choice (dichotomized),study_idX8eb97376c894,NA,FALSE,-1.975844178813708,2.0655016139408238,Combined,-0.9565928999900145,FALSE
overall,Overall,study_fixed_effects,votechoice_dichotomized,Vote choice (dichotomized),study_idX8f444bfb8688,NA,FALSE,-3.0550503973244463,2.125297535328586,Combined,-1.4374695055824802,FALSE
overall,Overall,study_fixed_effects,votechoice_dichotomized,Vote choice (dichotomized),study_idX9075c5776f7b,NA,FALSE,0.4585066494182102,2.178157547073661,Combined,0.21050205942825878,FALSE
overall,Overall,study_fixed_effects,votechoice_dichotomized,Vote choice (dichotomized),study_idX95c594fe1042,NA,FALSE,-3.2586710555257596,2.1706678002691713,Combined,-1.501229739125292,FALSE
overall,Overall,study_fixed_effects,votechoice_dichotomized,Vote choice (dichotomized),study_idX96102ce6a0a6,NA,FALSE,-4.134342341791596,3.706440861169939,Combined,-1.1154480798829176,FALSE
overall,Overall,study_fixed_effects,votechoice_dichotomized,Vote choice (dichotomized),study_idX96ee7ca4f42d,NA,FALSE,-4.076907445230344,3.584405470645179,Combined,-1.1374013008903585,FALSE
overall,Overall,study_fixed_effects,votechoice_dichotomized,Vote choice (dichotomized),study_idX99a1e984b493,NA,FALSE,-5.538397638010692,3.9680228718330652,Combined,-1.3957574885278263,FALSE
overall,Overall,study_fixed_effects,votechoice_dichotomized,Vote choice (dichotomized),study_idX9ed122541d0f,NA,FALSE,-0.8940502103779935,2.029439976934819,Combined,-0.44054035622592275,FALSE
overall,Overall,study_fixed_effects,votechoice_dichotomized,Vote choice (dichotomized),study_idXa0f9bbb62446,NA,FALSE,-4.806997492688932,2.4556962989050137,Combined,-1.9574885928819274,FALSE
overall,Overall,study_fixed_effects,votechoice_dichotomized,Vote choice (dichotomized),study_idXa5e00cbed344,NA,FALSE,-1.5680737556986641,2.110086591097842,Combined,-0.7431324204012035,FALSE
overall,Overall,study_fixed_effects,votechoice_dichotomized,Vote choice (dichotomized),study_idXa8754cc70176,NA,FALSE,-1.658065033577486,4.091590245793978,Combined,-0.40523731213845837,FALSE
overall,Overall,study_fixed_effects,votechoice_dichotomized,Vote choice (dichotomized),study_idXa91760aedac7,NA,FALSE,-0.7836598978172644,2.0286231144221265,Combined,-0.38630137468412795,FALSE
overall,Overall,study_fixed_effects,votechoice_dichotomized,Vote choice (dichotomized),study_idXa9854ba59c90,NA,FALSE,-2.070161916044842,3.5196153713241003,Combined,-0.5881784506657711,FALSE
overall,Overall,study_fixed_effects,votechoice_dichotomized,Vote choice (dichotomized),study_idXac69a3a198f7,NA,FALSE,-2.4848763952432504,2.805022660628084,Combined,-0.8858667810857727,FALSE
overall,Overall,study_fixed_effects,votechoice_dichotomized,Vote choice (dichotomized),study_idXac749d823e04,NA,FALSE,1.492020064310918,4.820980873138792,Combined,0.30948475083650556,FALSE
overall,Overall,study_fixed_effects,votechoice_dichotomized,Vote choice (dichotomized),study_idXb08b17d9cc64,NA,FALSE,-1.0920536055315404,2.1748056024199913,Combined,-0.5021384919720501,FALSE
overall,Overall,study_fixed_effects,votechoice_dichotomized,Vote choice (dichotomized),study_idXb12c1f8ccf08,NA,FALSE,-0.834315962399496,2.121942348872712,Combined,-0.3931850282561771,FALSE
overall,Overall,study_fixed_effects,votechoice_dichotomized,Vote choice (dichotomized),study_idXb207ac778630,NA,FALSE,-6.06522661665607,4.229894397988302,Combined,-1.4338955174721704,FALSE
overall,Overall,study_fixed_effects,votechoice_dichotomized,Vote choice (dichotomized),study_idXb218652f3e19,NA,FALSE,-7.309952260002446,5.1572643945467345,Combined,-1.417408862677654,FALSE
overall,Overall,study_fixed_effects,votechoice_dichotomized,Vote choice (dichotomized),study_idXb4a2ade86f66,NA,FALSE,-6.233059029089793,5.875429551189671,Combined,-1.060868652203941,FALSE
overall,Overall,study_fixed_effects,votechoice_dichotomized,Vote choice (dichotomized),study_idXb87a6fcc9dd0,NA,FALSE,-3.48282514129956,4.124649689271531,Combined,-0.8443929554450657,FALSE
overall,Overall,study_fixed_effects,votechoice_dichotomized,Vote choice (dichotomized),study_idXbb1e5503bebf,NA,FALSE,-0.3226160500162327,4.516483219194619,Combined,-0.07143080896329816,FALSE
overall,Overall,study_fixed_effects,votechoice_dichotomized,Vote choice (dichotomized),study_idXbce30ccbb53c,NA,FALSE,-5.605203540129382,4.473492887358744,Combined,-1.2529814355955813,FALSE
overall,Overall,study_fixed_effects,votechoice_dichotomized,Vote choice (dichotomized),study_idXbd63ac3c6221,NA,FALSE,-2.884251618933415,3.777883627275789,Combined,-0.7634569784282194,FALSE
overall,Overall,study_fixed_effects,votechoice_dichotomized,Vote choice (dichotomized),study_idXbebc5dbae712,NA,FALSE,0.7864588433382558,2.277515085517305,Combined,0.345314438678953,FALSE
overall,Overall,study_fixed_effects,votechoice_dichotomized,Vote choice (dichotomized),study_idXbf62992cbc10,NA,FALSE,-4.342894179288414,4.793042253098583,Combined,-0.906083015746594,FALSE
overall,Overall,study_fixed_effects,votechoice_dichotomized,Vote choice (dichotomized),study_idXbf86b7c37550,NA,FALSE,1.3988633616893507,4.975399462733781,Combined,0.2811559900198911,FALSE
overall,Overall,study_fixed_effects,votechoice_dichotomized,Vote choice (dichotomized),study_idXc03c2d306034,NA,FALSE,6.297192355264937,5.91787683986459,Combined,1.0640965545016354,FALSE
overall,Overall,study_fixed_effects,votechoice_dichotomized,Vote choice (dichotomized),study_idXc207f6749db7,NA,FALSE,-3.922905674789319,3.5313552272920057,Combined,-1.1108782386068736,FALSE
overall,Overall,study_fixed_effects,votechoice_dichotomized,Vote choice (dichotomized),study_idXc24349f28ce7,NA,FALSE,-2.5883322626399767,3.820282020327171,Combined,-0.6775238709780674,FALSE
overall,Overall,study_fixed_effects,votechoice_dichotomized,Vote choice (dichotomized),study_idXc359093d039f,NA,FALSE,-1.7511352775997626,2.148679750797907,Combined,-0.8149819799574519,FALSE
overall,Overall,study_fixed_effects,votechoice_dichotomized,Vote choice (dichotomized),study_idXc6520141bbcf,NA,FALSE,-3.1871011941032354,3.8196644838711964,Combined,-0.8343929702624395,FALSE
overall,Overall,study_fixed_effects,votechoice_dichotomized,Vote choice (dichotomized),study_idXc6c602d094ef,NA,FALSE,-2.0430313290506072,2.0563655632679514,Combined,-0.9935156304620499,FALSE
overall,Overall,study_fixed_effects,votechoice_dichotomized,Vote choice (dichotomized),study_idXc743e344bff5,NA,FALSE,-1.3615819156024933,4.555298003457446,Combined,-0.298900733732252,FALSE
overall,Overall,study_fixed_effects,votechoice_dichotomized,Vote choice (dichotomized),study_idXc9457b7f8039,NA,FALSE,-3.0181056588297093,2.042704611684862,Combined,-1.4775046972358465,FALSE
overall,Overall,study_fixed_effects,votechoice_dichotomized,Vote choice (dichotomized),study_idXcac4fba0eb39,NA,FALSE,-1.4089190605779305,2.1548313495056908,Combined,-0.6538419170953358,FALSE
overall,Overall,study_fixed_effects,votechoice_dichotomized,Vote choice (dichotomized),study_idXcb23f4570599,NA,FALSE,-2.277465787540606,2.2534693524914835,Combined,-1.0106486627042837,FALSE
overall,Overall,study_fixed_effects,votechoice_dichotomized,Vote choice (dichotomized),study_idXcbca87b096bc,NA,FALSE,6.508019246867852,6.196748744785053,Combined,1.0502312607631143,FALSE
overall,Overall,study_fixed_effects,votechoice_dichotomized,Vote choice (dichotomized),study_idXcd1c7907cdb8,NA,FALSE,0.037206467821316605,5.722765128110902,Combined,0.0065014843329064854,FALSE
overall,Overall,study_fixed_effects,votechoice_dichotomized,Vote choice (dichotomized),study_idXcde61df57a05,NA,FALSE,-2.677687204715433,4.715460662746827,Combined,-0.5678527287630133,FALSE
overall,Overall,study_fixed_effects,votechoice_dichotomized,Vote choice (dichotomized),study_idXd0500f1294c1,NA,FALSE,-5.91728196374405,5.245363725944116,Combined,-1.1280975491702427,FALSE
overall,Overall,study_fixed_effects,votechoice_dichotomized,Vote choice (dichotomized),study_idXd3b7ef629833,NA,FALSE,-1.3251636573383325,2.1560145379120708,Combined,-0.6146357707873568,FALSE
overall,Overall,study_fixed_effects,votechoice_dichotomized,Vote choice (dichotomized),study_idXd4b78e57e862,NA,FALSE,-5.568996790480328,3.775797426372574,Combined,-1.4749193777142033,FALSE
overall,Overall,study_fixed_effects,votechoice_dichotomized,Vote choice (dichotomized),study_idXd503139dae5a,NA,FALSE,-5.180167034445523,5.6111772214917925,Combined,-0.9231872083106866,FALSE
overall,Overall,study_fixed_effects,votechoice_dichotomized,Vote choice (dichotomized),study_idXd54a3e61a37c,NA,FALSE,-5.155742683020932,4.182763752336701,Combined,-1.2326162767717102,FALSE
overall,Overall,study_fixed_effects,votechoice_dichotomized,Vote choice (dichotomized),study_idXd5f0eea45635,NA,FALSE,1.0252737282307751,4.924347553990905,Combined,0.20820498898373832,FALSE
overall,Overall,study_fixed_effects,votechoice_dichotomized,Vote choice (dichotomized),study_idXd76747117c7f,NA,FALSE,-3.5724137763569823,3.7966264086385966,Combined,-0.940944246773542,FALSE
overall,Overall,study_fixed_effects,votechoice_dichotomized,Vote choice (dichotomized),study_idXd7ffbf77d995,NA,FALSE,-13.446375908390506,4.859701430650655,Combined,-2.766913996728848,TRUE
overall,Overall,study_fixed_effects,votechoice_dichotomized,Vote choice (dichotomized),study_idXd9ad8abc5d35,NA,FALSE,0.5385361942397171,2.148893079341954,Combined,0.2506109770731965,FALSE
overall,Overall,study_fixed_effects,votechoice_dichotomized,Vote choice (dichotomized),study_idXda509e35d532,NA,FALSE,-1.1210370551294067,2.0620223043221575,Combined,-0.5436590345214146,FALSE
overall,Overall,study_fixed_effects,votechoice_dichotomized,Vote choice (dichotomized),study_idXdc7b0fd9df64,NA,FALSE,-4.066242152370452,4.178395140179786,Combined,-0.9731588363362618,FALSE
overall,Overall,study_fixed_effects,votechoice_dichotomized,Vote choice (dichotomized),study_idXde82367108c3,NA,FALSE,-0.8259039844347744,2.1243737447991458,Combined,-0.38877527386917576,FALSE
overall,Overall,study_fixed_effects,votechoice_dichotomized,Vote choice (dichotomized),study_idXe486b803c7c4,NA,FALSE,-2.7137938091596476,2.4736487551606188,Combined,-1.0970813069147465,FALSE
overall,Overall,study_fixed_effects,votechoice_dichotomized,Vote choice (dichotomized),study_idXe4ab4974f4be,NA,FALSE,-1.8959909431049173,1.9991125501812892,Combined,-0.948416307492532,FALSE
overall,Overall,study_fixed_effects,votechoice_dichotomized,Vote choice (dichotomized),study_idXe5fca9167903,NA,FALSE,-1.797654400738241,1.968224728478909,Combined,-0.9133379815461983,FALSE
overall,Overall,study_fixed_effects,votechoice_dichotomized,Vote choice (dichotomized),study_idXe7db07728484,NA,FALSE,-4.398633692296234,3.814776173686331,Combined,-1.1530515794444904,FALSE
overall,Overall,study_fixed_effects,votechoice_dichotomized,Vote choice (dichotomized),study_idXe8542bf44750,NA,FALSE,-1.5066225179493977,1.9602005323977967,Combined,-0.7686063201433968,FALSE
overall,Overall,study_fixed_effects,votechoice_dichotomized,Vote choice (dichotomized),study_idXe9ef1f1fb8ef,NA,FALSE,-5.729868467453494,4.8635401248201795,Combined,-1.1781271091426115,FALSE
overall,Overall,study_fixed_effects,votechoice_dichotomized,Vote choice (dichotomized),study_idXf0130cfec75e,NA,FALSE,-2.4171731547240283,5.132990796041115,Combined,-0.4709093101410398,FALSE
overall,Overall,study_fixed_effects,votechoice_dichotomized,Vote choice (dichotomized),study_idXf337919542ab,NA,FALSE,-2.1010589229948278,4.9040084132856006,Combined,-0.4284370551450899,FALSE
overall,Overall,study_fixed_effects,votechoice_dichotomized,Vote choice (dichotomized),study_idXf76ffe03051e,NA,FALSE,-4.8696675269784375,3.649715239777389,Combined,-1.3342595811051434,FALSE
overall,Overall,study_fixed_effects,votechoice_dichotomized,Vote choice (dichotomized),study_idXfb6f85b84f14,NA,FALSE,-2.6978191710923785,4.006607472876103,Combined,-0.6733425196643423,FALSE
overall,Overall,study_fixed_effects,votechoice_dichotomized,Vote choice (dichotomized),study_idXfe8b4566d11e,NA,FALSE,-2.505397078334733,2.0519855198472894,Combined,-1.220962357727157,FALSE
primary,Fact type,standard,favorability,Favorability,candidate_facts,Candidate facts,TRUE,-0.6341411092125588,0.9026569496958289,2020D-2018,-0.7025272551507495,FALSE
primary,Fact type,standard,favorability,Favorability,candidate_facts,Candidate facts,TRUE,-2.066111813125017,0.7800495147094536,2020P-2018,-2.648693158785677,TRUE
primary,Fact type,standard,favorability,Favorability,candidate_facts,Candidate facts,TRUE,-1.4319707039124578,0.5434849265695677,2020P-2020D,-2.6347937797482985,TRUE
primary,Fact type,standard,favorability,Favorability,candidate_facts,Candidate facts,TRUE,0.2251786928917373,0.1882587009851617,Combined,1.1961130705426761,FALSE
primary,Fact type,standard,favorability,Favorability,intercept,Intercept,FALSE,2.9745168108013993,0.9939034382577996,2020D-2018,2.992762371378241,TRUE
primary,Fact type,standard,favorability,Favorability,intercept,Intercept,FALSE,1.4994859071356745,0.7669880137631991,2020P-2018,1.9550317348226876,FALSE
primary,Fact type,standard,favorability,Favorability,intercept,Intercept,FALSE,-1.475030903665725,0.6889827783085745,2020P-2020D,-2.1408821092551364,TRUE
primary,Fact type,standard,favorability,Favorability,intercept,Intercept,FALSE,0.7986408840666781,0.18040383986651162,Combined,4.426961669206299,TRUE
primary,Fact type,standard,favorability,Favorability,policy_facts,Policy facts,TRUE,0.30860883019649105,0.8820418307529838,2020D-2018,0.3498800390600943,FALSE
primary,Fact type,standard,favorability,Favorability,policy_facts,Policy facts,TRUE,0.5901794383497223,0.7025604482064166,2020P-2018,0.840040796285082,FALSE
primary,Fact type,standard,favorability,Favorability,policy_facts,Policy facts,TRUE,0.28157060815323126,0.6165873532407673,2020P-2020D,0.4566597201082756,FALSE
primary,Fact type,standard,favorability,Favorability,policy_facts,Policy facts,TRUE,0.18048154379756517,0.19560647967882272,Combined,0.9226767134396978,FALSE
primary,Fact type,standard,favorability,Favorability,primary_focus_candidate,Primary focus: Candidate,FALSE,-1.8312475064462128,0.9994457749706387,2020D-2018,-1.8322629924570049,FALSE
primary,Fact type,standard,favorability,Favorability,primary_focus_candidate,Primary focus: Candidate,FALSE,-1.559602926317693,0.8517436191534783,2020P-2018,-1.8310708659816368,FALSE
primary,Fact type,standard,favorability,Favorability,primary_focus_candidate,Primary focus: Candidate,FALSE,0.27164458012852,0.6144621788280722,2020P-2020D,0.4420851103425305,FALSE
primary,Fact type,standard,favorability,Favorability,primary_focus_candidate,Primary focus: Candidate,FALSE,0.028776760908965724,0.20514238597055168,Combined,0.14027701185603178,FALSE
primary,Fact type,standard,favorability,Favorability,primary_focus_issues,Primary focus: Issues,FALSE,-3.9630855429401866,1.1840719145772813,2020D-2018,-3.3469973353392346,TRUE
primary,Fact type,standard,favorability,Favorability,primary_focus_issues,Primary focus: Issues,FALSE,-2.852482839341062,0.9236768584080514,2020P-2018,-3.0881826402550456,TRUE
primary,Fact type,standard,favorability,Favorability,primary_focus_issues,Primary focus: Issues,FALSE,1.1106027035991242,0.8115292018973584,2020P-2020D,1.3685307947052685,FALSE
primary,Fact type,standard,favorability,Favorability,primary_focus_issues,Primary focus: Issues,FALSE,0.35185743837162414,0.21751863964334786,Combined,1.6175967215892095,FALSE
primary,Fact type,standard,favorability,Favorability,race_levelGov,Race: Gov,FALSE,1.5816401378430518,0.6857503239568573,Combined,2.306437317764297,TRUE
primary,Fact type,standard,favorability,Favorability,race_levelOther,Race: Other,FALSE,-1.229859408876458,0.5574400769774859,Combined,-2.206262986229693,TRUE
primary,Fact type,standard,favorability,Favorability,race_levelStateLeg,Race: StateLeg,FALSE,-1.8341878735438328,1.067947631977913,2020D-2018,-1.7174885908467157,FALSE
primary,Fact type,standard,favorability,Favorability,race_levelStateLeg,Race: StateLeg,FALSE,-1.0837642467932505,0.4126169683130374,Combined,-2.6265624780875183,TRUE
primary,Fact type,standard,votechoice,Vote choice,candidate_facts,Candidate facts,TRUE,-0.4452647071515726,1.0216776100855869,2020D-2018,-0.4358172311462051,FALSE
primary,Fact type,standard,votechoice,Vote choice,candidate_facts,Candidate facts,TRUE,-1.5966052768308479,0.9516645216557682,2020P-2018,-1.6776975924803517,FALSE
primary,Fact type,standard,votechoice,Vote choice,candidate_facts,Candidate facts,TRUE,-1.1513405696792753,0.44484402812421847,2020P-2020D,-2.5881893357861925,TRUE
primary,Fact type,standard,votechoice,Vote choice,candidate_facts,Candidate facts,TRUE,0.05650113401655079,0.15698105791375053,Combined,0.3599232593246631,FALSE
primary,Fact type,standard,votechoice,Vote choice,intercept,Intercept,FALSE,1.421417645406319,1.055806199493969,2020D-2018,1.3462865117552651,FALSE
primary,Fact type,standard,votechoice,Vote choice,intercept,Intercept,FALSE,0.5759332405482154,0.9359888960822565,2020P-2018,0.6153205908306002,FALSE
primary,Fact type,standard,votechoice,Vote choice,intercept,Intercept,FALSE,-0.8454844048581036,0.5491755679291997,2020P-2020D,-1.5395521108963541,FALSE
primary,Fact type,standard,votechoice,Vote choice,intercept,Intercept,FALSE,1.0606481425685463,0.16515699217018476,Combined,6.422060178206743,TRUE
primary,Fact type,standard,votechoice,Vote choice,policy_facts,Policy facts,TRUE,-0.37288791705097435,0.9722148549120956,2020D-2018,-0.3835447639654607,FALSE
primary,Fact type,standard,votechoice,Vote choice,policy_facts,Policy facts,TRUE,0.2840047913966758,0.8841278612945142,2020P-2018,0.32122592650891496,FALSE
primary,Fact type,standard,votechoice,Vote choice,policy_facts,Policy facts,TRUE,0.6568927084476501,0.48689266640979867,2020P-2020D,1.349153014136321,FALSE
primary,Fact type,standard,votechoice,Vote choice,policy_facts,Policy facts,TRUE,0.3490254049937855,0.17269777829273927,Combined,2.021018500899033,TRUE
primary,Fact type,standard,votechoice,Vote choice,primary_focus_candidate,Primary focus: Candidate,FALSE,-0.4542831628149928,1.1319958087540554,2020D-2018,-0.40131170036310027,FALSE
primary,Fact type,standard,votechoice,Vote choice,primary_focus_candidate,Primary focus: Candidate,FALSE,-0.13686156784366546,1.0683497151550638,2020P-2018,-0.12810558743285752,FALSE
primary,Fact type,standard,votechoice,Vote choice,primary_focus_candidate,Primary focus: Candidate,FALSE,0.3174215949713273,0.4642949900734187,2020P-2020D,0.6836636228212017,FALSE
primary,Fact type,standard,votechoice,Vote choice,primary_focus_candidate,Primary focus: Candidate,FALSE,-0.12901356634562713,0.17404865282218007,Combined,-0.7412500140258836,FALSE
primary,Fact type,standard,votechoice,Vote choice,primary_focus_issues,Primary focus: Issues,FALSE,-2.3974402993575055,1.2654400589187742,2020D-2018,-1.894550660428707,FALSE
primary,Fact type,standard,votechoice,Vote choice,primary_focus_issues,Primary focus: Issues,FALSE,-2.7319167922163134,1.1520041629209827,2020P-2018,-2.3714469792273647,TRUE
primary,Fact type,standard,votechoice,Vote choice,primary_focus_issues,Primary focus: Issues,FALSE,-0.3344764928588081,0.6017353512188606,2020P-2020D,-0.5558531540174607,FALSE
primary,Fact type,standard,votechoice,Vote choice,primary_focus_issues,Primary focus: Issues,FALSE,-0.3034465895993324,0.19357975255341456,Combined,-1.5675533499589644,FALSE
primary,Fact type,standard,votechoice,Vote choice,race_levelGov,Race: Gov,FALSE,-0.4921366845698194,1.1821656387336381,Combined,-0.4163009551664918,FALSE
primary,Fact type,standard,votechoice,Vote choice,race_levelOther,Race: Other,FALSE,-0.5589974032395117,0.5325549218635844,Combined,-1.0496521209181513,FALSE
primary,Fact type,standard,votechoice,Vote choice,race_levelRunoff,Race: GA Runoff,FALSE,-0.9098950074963933,0.40920727940145624,Combined,-2.223555281878877,TRUE
primary,Fact type,standard,votechoice,Vote choice,race_levelStateLeg,Race: StateLeg,FALSE,-2.3187411425302704,2.276633398349544,2020D-2018,-1.0184956191063754,FALSE
primary,Fact type,standard,votechoice,Vote choice,race_levelStateLeg,Race: StateLeg,FALSE,-1.900218062333747,0.5035475786072179,Combined,-3.773661403733953,TRUE
primary,Fact type,standard,votechoice_dichotomized,Vote choice (dichotomized),candidate_facts,Candidate facts,TRUE,-0.26653212572904317,1.2957161782197129,2020D-2018,-0.2057025529273338,FALSE
primary,Fact type,standard,votechoice_dichotomized,Vote choice (dichotomized),candidate_facts,Candidate facts,TRUE,-1.5269647528879893,1.1474156156298405,2020P-2018,-1.3307861005968673,FALSE
primary,Fact type,standard,votechoice_dichotomized,Vote choice (dichotomized),candidate_facts,Candidate facts,TRUE,-1.260432627158946,0.7185058402698561,2020P-2020D,-1.754241310948222,FALSE
primary,Fact type,standard,votechoice_dichotomized,Vote choice (dichotomized),candidate_facts,Candidate facts,TRUE,0.04491646280363653,0.24940971163774128,Combined,0.18009107387476592,FALSE
primary,Fact type,standard,votechoice_dichotomized,Vote choice (dichotomized),intercept,Intercept,FALSE,1.3745714623369913,1.3905822467782165,2020D-2018,0.9884862729419134,FALSE
primary,Fact type,standard,votechoice_dichotomized,Vote choice (dichotomized),intercept,Intercept,FALSE,0.7721438542611454,1.1474929627636397,2020P-2018,0.672896374372094,FALSE
primary,Fact type,standard,votechoice_dichotomized,Vote choice (dichotomized),intercept,Intercept,FALSE,-0.6024276080758459,0.8863080024949774,2020P-2020D,-0.6797045794238553,FALSE
primary,Fact type,standard,votechoice_dichotomized,Vote choice (dichotomized),intercept,Intercept,FALSE,1.1806144461289736,0.2662892448952548,Combined,4.4335791578566,TRUE
primary,Fact type,standard,votechoice_dichotomized,Vote choice (dichotomized),policy_facts,Policy facts,TRUE,-0.20653443539719446,1.2576497286197768,2020D-2018,-0.1642225420140298,FALSE
primary,Fact type,standard,votechoice_dichotomized,Vote choice (dichotomized),policy_facts,Policy facts,TRUE,0.0028950139993206836,1.073875323983161,2020P-2018,0.002695856711357006,FALSE
primary,Fact type,standard,votechoice_dichotomized,Vote choice (dichotomized),policy_facts,Policy facts,TRUE,0.20942944939651514,0.7892358035006759,2020P-2020D,0.26535725884150896,FALSE
primary,Fact type,standard,votechoice_dichotomized,Vote choice (dichotomized),policy_facts,Policy facts,TRUE,0.4858845065203289,0.27590705673382965,Combined,1.7610441438946833,FALSE
primary,Fact type,standard,votechoice_dichotomized,Vote choice (dichotomized),primary_focus_candidate,Primary focus: Candidate,FALSE,-0.12893410817672699,1.4271866356768752,2020D-2018,-0.09034144866104152,FALSE
primary,Fact type,standard,votechoice_dichotomized,Vote choice (dichotomized),primary_focus_candidate,Primary focus: Candidate,FALSE,-0.24215903557428514,1.2952248450927695,2020P-2018,-0.18696293272303674,FALSE
primary,Fact type,standard,votechoice_dichotomized,Vote choice (dichotomized),primary_focus_candidate,Primary focus: Candidate,FALSE,-0.11322492739755816,0.7471957878159516,2020P-2020D,-0.15153314465076667,FALSE
primary,Fact type,standard,votechoice_dichotomized,Vote choice (dichotomized),primary_focus_candidate,Primary focus: Candidate,FALSE,0.014092772926571464,0.2788421503074407,Combined,0.05054032509444254,FALSE
primary,Fact type,standard,votechoice_dichotomized,Vote choice (dichotomized),primary_focus_issues,Primary focus: Issues,FALSE,-2.6909875780110695,1.638816415476939,2020D-2018,-1.6420311345416447,FALSE
primary,Fact type,standard,votechoice_dichotomized,Vote choice (dichotomized),primary_focus_issues,Primary focus: Issues,FALSE,-2.9771531217976914,1.39827909149569,2020P-2018,-2.129155144995507,TRUE
primary,Fact type,standard,votechoice_dichotomized,Vote choice (dichotomized),primary_focus_issues,Primary focus: Issues,FALSE,-0.28616554378662196,0.9806841742016639,2020P-2020D,-0.29180193921205877,FALSE
primary,Fact type,standard,votechoice_dichotomized,Vote choice (dichotomized),primary_focus_issues,Primary focus: Issues,FALSE,-0.21894164947455652,0.3104495377285821,Combined,-0.7052407005545986,FALSE
primary,Fact type,standard,votechoice_dichotomized,Vote choice (dichotomized),race_levelGov,Race: Gov,FALSE,-0.24388352091407606,1.4423430109149067,Combined,-0.16908843393595807,FALSE
primary,Fact type,standard,votechoice_dichotomized,Vote choice (dichotomized),race_levelOther,Race: Other,FALSE,-0.1773633734285561,0.784379251271815,Combined,-0.2261194098912918,FALSE
primary,Fact type,standard,votechoice_dichotomized,Vote choice (dichotomized),race_levelRunoff,Race: GA Runoff,FALSE,-1.1456511873259039,0.6635777312338041,Combined,-1.7264762414431394,FALSE
primary,Fact type,standard,votechoice_dichotomized,Vote choice (dichotomized),race_levelStateLeg,Race: StateLeg,FALSE,-4.185566473431588,2.960053222555228,2020D-2018,-1.4140173026410827,FALSE
primary,Fact type,standard,votechoice_dichotomized,Vote choice (dichotomized),race_levelStateLeg,Race: StateLeg,FALSE,-2.610087794853892,0.8452859709035192,Combined,-3.0878162949563577,TRUE
primary,Fact type,study_fixed_effects,favorability,Favorability,candidate_facts,Candidate facts,TRUE,0.9540701439677515,0.7428945340801724,Combined,1.2842605513971777,FALSE
primary,Fact type,study_fixed_effects,favorability,Favorability,intercept,Intercept,FALSE,1.1747274038179474,2.6351865866819493,Combined,0.44578528509326,FALSE
primary,Fact type,study_fixed_effects,favorability,Favorability,policy_facts,Policy facts,TRUE,-0.7375962813799064,0.6593912267629959,Combined,-1.118601903456959,FALSE
primary,Fact type,study_fixed_effects,favorability,Favorability,primary_focus_candidate,Primary focus: Candidate,FALSE,0.7976740114520421,0.8771505635853617,Combined,0.9093923490073832,FALSE
primary,Fact type,study_fixed_effects,favorability,Favorability,primary_focus_issues,Primary focus: Issues,FALSE,2.1038320887775925,0.9175448067093156,Combined,2.292893026470042,TRUE
primary,Fact type,study_fixed_effects,favorability,Favorability,study_idX08b80ae785a7,NA,FALSE,2.4896748492779825,3.7786435265527385,Combined,0.658880582881899,FALSE
primary,Fact type,study_fixed_effects,favorability,Favorability,study_idX0c2b064a71c5,NA,FALSE,2.901966889754039,2.7626783959226815,Combined,1.0504179183639064,FALSE
primary,Fact type,study_fixed_effects,favorability,Favorability,study_idX0ca4a39fd242,NA,FALSE,-2.186610413768184,2.6305273200094113,Combined,-0.8312441376812467,FALSE
primary,Fact type,study_fixed_effects,favorability,Favorability,study_idX201e65ae9067,NA,FALSE,-2.1842666162027804,3.84633306328154,Combined,-0.5678828588856655,FALSE
primary,Fact type,study_fixed_effects,favorability,Favorability,study_idX3c2f80c20258,NA,FALSE,-6.1180669425906915,3.369133434079018,Combined,-1.8159170784706893,FALSE
primary,Fact type,study_fixed_effects,favorability,Favorability,study_idX3f0cfe830de9,NA,FALSE,4.257321937680622,2.7247147826041815,Combined,1.562483517490088,FALSE
primary,Fact type,study_fixed_effects,favorability,Favorability,study_idX43915f01925b,NA,FALSE,-0.32445323652794533,2.9758720221070307,Combined,-0.1090279535267851,FALSE
primary,Fact type,study_fixed_effects,favorability,Favorability,study_idX495cbb4fe018,NA,FALSE,5.794474152831416,7.428947869674434,Combined,0.77998584112898794,FALSE
primary,Fact type,study_fixed_effects,favorability,Favorability,study_idX4d1542866d9e,NA,FALSE,1.3602708540572963,2.632586455756231,Combined,0.5167051023464101,FALSE
primary,Fact type,study_fixed_effects,favorability,Favorability,study_idX52ae33d7915c,NA,FALSE,0.4881522782579333,3.7325373683056045,Combined,0.13078295810325172,FALSE
primary,Fact type,study_fixed_effects,favorability,Favorability,study_idX5a248af8c0f1,NA,FALSE,2.1068000310302204,2.9448833061652393,Combined,0.7154103616328512,FALSE
primary,Fact type,study_fixed_effects,favorability,Favorability,study_idX5bee0c849477,NA,FALSE,-0.6544836104309755,2.8429177292346073,Combined,-0.23021545917446606,FALSE
primary,Fact type,study_fixed_effects,favorability,Favorability,study_idX5c1c1e604f1e,NA,FALSE,-0.14857087988745582,2.5998505818960083,Combined,-0.05714593020153745,FALSE
primary,Fact type,study_fixed_effects,favorability,Favorability,study_idX6725be1de97c,NA,FALSE,4.555006863556436,3.628235375479323,Combined,1.2554331216603272,FALSE
primary,Fact type,study_fixed_effects,favorability,Favorability,study_idX6dc1b2269d4d,NA,FALSE,0.858280374969519,3.492861617431682,Combined,0.2457241279431553,FALSE
primary,Fact type,study_fixed_effects,favorability,Favorability,study_idX877266884b5c,NA,FALSE,0.41696257240787465,3.057036231853771,Combined,0.13639438357426031,FALSE
primary,Fact type,study_fixed_effects,favorability,Favorability,study_idX96c94303546c,NA,FALSE,-0.3645374093200347,2.735156869422309,Combined,-0.1332784285228322,FALSE
primary,Fact type,study_fixed_effects,favorability,Favorability,study_idX9b63b51005a1,NA,FALSE,6.140595997970463,3.803621141977331,Combined,1.6144078941516884,FALSE
primary,Fact type,study_fixed_effects,favorability,Favorability,study_idXb218652f3e19,NA,FALSE,-2.4680672298857917,3.0084030773288557,Combined,-0.8203911398991038,FALSE
primary,Fact type,study_fixed_effects,favorability,Favorability,study_idXbb1e5503bebf,NA,FALSE,-1.3744204142720977,2.6045344866932605,Combined,-0.5277029047970387,FALSE
primary,Fact type,study_fixed_effects,favorability,Favorability,study_idXbf86b7c37550,NA,FALSE,0.20885782325030097,2.817363905188726,Combined,0.07413235573354528,FALSE
primary,Fact type,study_fixed_effects,favorability,Favorability,study_idXc03c2d306034,NA,FALSE,0.8785537001325218,3.416914501427454,Combined,0.2571190176884719,FALSE
primary,Fact type,study_fixed_effects,favorability,Favorability,study_idXc743e344bff5,NA,FALSE,-0.50260794481097,2.607186936740511,Combined,-0.1927778701742528,FALSE
primary,Fact type,study_fixed_effects,favorability,Favorability,study_idXcbca87b096bc,NA,FALSE,0.4196226313112534,3.9155098049815638,Combined,0.10716934759743992,FALSE
primary,Fact type,study_fixed_effects,favorability,Favorability,study_idXcd1c7907cdb8,NA,FALSE,-1.9701014629141191,3.3161886795491005,Combined,-0.594086058813153,FALSE
primary,Fact type,study_fixed_effects,favorability,Favorability,study_idXd0500f1294c1,NA,FALSE,-5.748267872416263,3.0168392613844954,Combined,-1.9053941474423313,FALSE
primary,Fact type,study_fixed_effects,favorability,Favorability,study_idXd503139dae5a,NA,FALSE,-0.8741135132802217,3.3459164683500333,Combined,-0.2612478588598095,FALSE
primary,Fact type,study_fixed_effects,favorability,Favorability,study_idXd783f4c0b772,NA,FALSE,-1.0731250572480282,3.6404828973301,Combined,-0.29477547004411125,FALSE
primary,Fact type,study_fixed_effects,favorability,Favorability,study_idXe1243115280f,NA,FALSE,2.968129342761666,3.299195134389293,Combined,0.8996525582325369,FALSE
primary,Fact type,study_fixed_effects,favorability,Favorability,study_idXf0130cfec75e,NA,FALSE,-2.4847137873234173,3.010269190837817,Combined,-0.8254124896490976,FALSE
primary,Fact type,study_fixed_effects,favorability,Favorability,study_idXf337919542ab,NA,FALSE,-0.9172593783427839,2.8602096588331185,Combined,-0.3206965529642323,FALSE
primary,Fact type,study_fixed_effects,votechoice,Vote choice,candidate_facts,Candidate facts,TRUE,0.7415038940965508,0.9385516607538417,Combined,0.7900512301059457,FALSE
primary,Fact type,study_fixed_effects,votechoice,Vote choice,intercept,Intercept,FALSE,0.6226516126107285,3.5979755630036605,Combined,0.17305609827180893,FALSE
primary,Fact type,study_fixed_effects,votechoice,Vote choice,policy_facts,Policy facts,TRUE,-0.4432728328365369,0.872606630252067,Combined,-0.5079870098035929,FALSE
primary,Fact type,study_fixed_effects,votechoice,Vote choice,primary_focus_candidate,Primary focus: Candidate,FALSE,1.5821299464831722,1.0848940890902816,Combined,1.4583266351924165,FALSE
primary,Fact type,study_fixed_effects,votechoice,Vote choice,primary_focus_issues,Primary focus: Issues,FALSE,3.0187965479956613,1.1559764421350973,Combined,2.611468917497939,TRUE
primary,Fact type,study_fixed_effects,votechoice,Vote choice,study_idX0ca4a39fd242,NA,FALSE,-1.4972686294133037,3.618711217696619,Combined,-0.41375742338631394,FALSE
primary,Fact type,study_fixed_effects,votechoice,Vote choice,study_idX201e65ae9067,NA,FALSE,2.318054753255,5.134065645213553,Combined,0.4515046969483344,FALSE
primary,Fact type,study_fixed_effects,votechoice,Vote choice,study_idX43915f01925b,NA,FALSE,-0.761956075878333,4.0805068050563085,Combined,-0.18673074504719972,FALSE
primary,Fact type,study_fixed_effects,votechoice,Vote choice,study_idX4cd2c9923737,NA,FALSE,-3.1358518959674972,3.7298660542467146,Combined,-0.8407411554088141,FALSE
primary,Fact type,study_fixed_effects,votechoice,Vote choice,study_idX4d1542866d9e,NA,FALSE,2.4793653363776755,3.6135643569705476,Combined,0.6861273500207605,FALSE
primary,Fact type,study_fixed_effects,votechoice,Vote choice,study_idX5a248af8c0f1,NA,FALSE,2.319267779507243,4.07027351532587,Combined,0.5698063706958426,FALSE
primary,Fact type,study_fixed_effects,votechoice,Vote choice,study_idX5bee0c849477,NA,FALSE,0.7605514188915214,3.890040245374556,Combined,0.19551248082737793,FALSE
primary,Fact type,study_fixed_effects,votechoice,Vote choice,study_idX5c1c1e604f1e,NA,FALSE,0.46100058324961146,3.5858928813989825,Combined,0.12855949647602383,FALSE
primary,Fact type,study_fixed_effects,votechoice,Vote choice,study_idX6725be1de97c,NA,FALSE,2.9348765324639676,5.106738524672893,Combined,0.5747066387449234,FALSE
primary,Fact type,study_fixed_effects,votechoice,Vote choice,study_idX877266884b5c,NA,FALSE,-2.1014950197433047,4.119818695420984,Combined,-0.5100940539152933,FALSE
primary,Fact type,study_fixed_effects,votechoice,Vote choice,study_idXb218652f3e19,NA,FALSE,-7.983719711589162,4.188564450708653,Combined,-1.9060754121232193,FALSE
primary,Fact type,study_fixed_effects,votechoice,Vote choice,study_idXbb1e5503bebf,NA,FALSE,-0.8165018896023366,3.5618512465912153,Combined,-0.22923525803716543,FALSE
primary,Fact type,study_fixed_effects,votechoice,Vote choice,study_idXbf86b7c37550,NA,FALSE,-1.1919662721701265,3.9463979340968627,Combined,-0.30203904727182795,FALSE
primary,Fact type,study_fixed_effects,votechoice,Vote choice,study_idXc03c2d306034,NA,FALSE,3.7407832099873395,4.636974869528426,Combined,0.8067292394810353,FALSE
primary,Fact type,study_fixed_effects,votechoice,Vote choice,study_idXc743e344bff5,NA,FALSE,-1.2214020410954949,3.5932343283405097,Combined,-0.33991716918155573,FALSE
primary,Fact type,study_fixed_effects,votechoice,Vote choice,study_idXcbca87b096bc,NA,FALSE,2.315736897234049,5.096417886586867,Combined,0.4543852071724296,FALSE
primary,Fact type,study_fixed_effects,votechoice,Vote choice,study_idXcd1c7907cdb8,NA,FALSE,-2.1718544193126514,4.572757550935081,Combined,-0.47495507800725845,FALSE
primary,Fact type,study_fixed_effects,votechoice,Vote choice,study_idXd0500f1294c1,NA,FALSE,-5.94009061630497,4.165026697140208,Combined,-1.4261830831441147,FALSE
primary,Fact type,study_fixed_effects,votechoice,Vote choice,study_idXd503139dae5a,NA,FALSE,-4.25350892007065,4.537611545315563,Combined,-0.9373893903416636,FALSE
primary,Fact type,study_fixed_effects,votechoice,Vote choice,study_idXf0130cfec75e,NA,FALSE,-2.1831657641446784,4.129409019023182,Combined,-0.5286872174898067,FALSE
primary,Fact type,study_fixed_effects,votechoice,Vote choice,study_idXf337919542ab,NA,FALSE,-2.4297810179338453,3.8879145006529687,Combined,-0.6249574206237734,FALSE
primary,Fact type,study_fixed_effects,votechoice_dichotomized,Vote choice (dichotomized),candidate_facts,Candidate facts,TRUE,0.4525680749439508,1.1054104854728926,Combined,0.40941178041236237,FALSE
primary,Fact type,study_fixed_effects,votechoice_dichotomized,Vote choice (dichotomized),intercept,Intercept,FALSE,-0.3203241134928651,4.540171355169699,Combined,-0.07055330921114371,FALSE
primary,Fact type,study_fixed_effects,votechoice_dichotomized,Vote choice (dichotomized),policy_facts,Policy facts,TRUE,-0.35823082669041817,1.0294316382594964,Combined,-0.3479889420302782,FALSE
primary,Fact type,study_fixed_effects,votechoice_dichotomized,Vote choice (dichotomized),primary_focus_candidate,Primary focus: Candidate,FALSE,2.108996747212342,1.2880364534527846,Combined,1.6373734932414716,FALSE
primary,Fact type,study_fixed_effects,votechoice_dichotomized,Vote choice (dichotomized),primary_focus_issues,Primary focus: Issues,FALSE,3.4953852931310068,1.3706496817611522,Combined,2.550166785607665,TRUE
primary,Fact type,study_fixed_effects,votechoice_dichotomized,Vote choice (dichotomized),study_idX0ca4a39fd242,NA,FALSE,-0.6105019825485131,4.5709005104075935,Combined,-0.13356273696144697,FALSE
primary,Fact type,study_fixed_effects,votechoice_dichotomized,Vote choice (dichotomized),study_idX201e65ae9067,NA,FALSE,2.652046283468969,6.206086395763448,Combined,0.427329900737343,FALSE
primary,Fact type,study_fixed_effects,votechoice_dichotomized,Vote choice (dichotomized),study_idX43915f01925b,NA,FALSE,0.8757402020883495,5.180085278428634,Combined,0.1690590318532368,FALSE
primary,Fact type,study_fixed_effects,votechoice_dichotomized,Vote choice (dichotomized),study_idX4cd2c9923737,NA,FALSE,-3.0261764889392846,4.720611296647338,Combined,-0.6410560621859566,FALSE
primary,Fact type,study_fixed_effects,votechoice_dichotomized,Vote choice (dichotomized),study_idX4d1542866d9e,NA,FALSE,3.743467185722088,4.554547493900384,Combined,0.8219185749485488,FALSE
primary,Fact type,study_fixed_effects,votechoice_dichotomized,Vote choice (dichotomized),study_idX5a248af8c0f1,NA,FALSE,4.677249319687673,5.126509600800872,Combined,0.9123652707013337,FALSE
primary,Fact type,study_fixed_effects,votechoice_dichotomized,Vote choice (dichotomized),study_idX5bee0c849477,NA,FALSE,1.5694456780453943,4.938555051451225,Combined,0.31779450906074297,FALSE
primary,Fact type,study_fixed_effects,votechoice_dichotomized,Vote choice (dichotomized),study_idX5c1c1e604f1e,NA,FALSE,1.426406272187574,4.532622561443285,Combined,0.31469778320420655,FALSE
primary,Fact type,study_fixed_effects,votechoice_dichotomized,Vote choice (dichotomized),study_idX6725be1de97c,NA,FALSE,4.986897778262268,6.264574929523261,Combined,0.7960472712618308,FALSE
primary,Fact type,study_fixed_effects,votechoice_dichotomized,Vote choice (dichotomized),study_idX877266884b5c,NA,FALSE,-1.3877947717867454,5.077198857459331,Combined,-0.2733386677868293,FALSE
primary,Fact type,study_fixed_effects,votechoice_dichotomized,Vote choice (dichotomized),study_idXb218652f3e19,NA,FALSE,-8.169257654856192,5.15212036428195,Combined,-1.5856107926924838,FALSE
primary,Fact type,study_fixed_effects,votechoice_dichotomized,Vote choice (dichotomized),study_idXbb1e5503bebf,NA,FALSE,-0.010571647792694025,4.497508525851068,Combined,-0.0023505564763089673,FALSE
primary,Fact type,study_fixed_effects,votechoice_dichotomized,Vote choice (dichotomized),study_idXbf86b7c37550,NA,FALSE,1.4958185820777463,4.952540845187732,Combined,0.3020305392395094,FALSE
primary,Fact type,study_fixed_effects,votechoice_dichotomized,Vote choice (dichotomized),study_idXc03c2d306034,NA,FALSE,5.773789366518242,5.8907779494878385,Combined,0.9801403848570175,FALSE
primary,Fact type,study_fixed_effects,votechoice_dichotomized,Vote choice (dichotomized),study_idXc743e344bff5,NA,FALSE,-1.1278530485681677,4.538248055719846,Combined,-0.2485216838569813,FALSE
primary,Fact type,study_fixed_effects,votechoice_dichotomized,Vote choice (dichotomized),study_idXcbca87b096bc,NA,FALSE,6.152105964825493,6.212179956251365,Combined,0.9903296440462226,FALSE
primary,Fact type,study_fixed_effects,votechoice_dichotomized,Vote choice (dichotomized),study_idXcd1c7907cdb8,NA,FALSE,0.6882013499224355,5.6901880140473216,Combined,0.1209452742551702,FALSE
primary,Fact type,study_fixed_effects,votechoice_dichotomized,Vote choice (dichotomized),study_idXd0500f1294c1,NA,FALSE,-5.615450616366447,5.215182273096604,Combined,-1.0767505951488396,FALSE
primary,Fact type,study_fixed_effects,votechoice_dichotomized,Vote choice (dichotomized),study_idXd503139dae5a,NA,FALSE,-5.008403307724025,5.582972404636274,Combined,-0.8970854492429322,FALSE
primary,Fact type,study_fixed_effects,votechoice_dichotomized,Vote choice (dichotomized),study_idXf0130cfec75e,NA,FALSE,-1.2999802849213407,5.111395808265563,Combined,-0.2543298022076791,FALSE
primary,Fact type,study_fixed_effects,votechoice_dichotomized,Vote choice (dichotomized),study_idXf337919542ab,NA,FALSE,-1.7164944068317636,4.868945890120103,Combined,-0.3525392242117159,FALSE
primary,Fact type,study_random_effects,favorability,Favorability,candidate_facts,Candidate facts,TRUE,1.4307089794695107,0.7150017988055019,Combined,2.0009865455718927,TRUE
primary,Fact type,study_random_effects,favorability,Favorability,intercept,Intercept,FALSE,0.1932225628555903,0.8464164692478762,Combined,0.22828308507192382,FALSE
primary,Fact type,study_random_effects,favorability,Favorability,policy_facts,Policy facts,TRUE,-0.6924077492626414,0.637609888188188,Combined,-1.0859426148960225,FALSE
primary,Fact type,study_random_effects,favorability,Favorability,primary_focus_candidate,Primary focus: Candidate,FALSE,1.4427506218395008,0.8132156094767132,Combined,1.774130507366773,FALSE
primary,Fact type,study_random_effects,favorability,Favorability,primary_focus_issues,Primary focus: Issues,FALSE,2.87587635025887,0.8680948829091641,Combined,3.312859466031199,TRUE
primary,Fact type,study_random_effects,votechoice,Vote choice,candidate_facts,Candidate facts,TRUE,1.095173490391061,0.9055944644296041,Combined,1.2093420768432643,FALSE
primary,Fact type,study_random_effects,votechoice,Vote choice,intercept,Intercept,FALSE,-0.07755933588539278,0.9886299960299855,Combined,-0.07845132779386191,FALSE
primary,Fact type,study_random_effects,votechoice,Vote choice,policy_facts,Policy facts,TRUE,-0.14974349342466522,0.8422333034225008,Combined,-0.17779336534920584,FALSE
primary,Fact type,study_random_effects,votechoice,Vote choice,primary_focus_candidate,Primary focus: Candidate,FALSE,0.8986440659457144,1.0280356295395046,Combined,0.8741370825330739,FALSE
primary,Fact type,study_random_effects,votechoice,Vote choice,primary_focus_issues,Primary focus: Issues,FALSE,2.664476608908857,1.1089346328148189,Combined,2.40273549951776,TRUE
primary,Fact type,study_random_effects,votechoice_dichotomized,Vote choice (dichotomized),candidate_facts,Candidate facts,TRUE,0.8769439094975382,1.0712778449512852,Combined,0.8185961407028033,FALSE
primary,Fact type,study_random_effects,votechoice_dichotomized,Vote choice (dichotomized),intercept,Intercept,FALSE,-0.0965811103290232,1.1916457364212503,Combined,-0.08104850911402203,FALSE
primary,Fact type,study_random_effects,votechoice_dichotomized,Vote choice (dichotomized),policy_facts,Policy facts,TRUE,0.07327941340013663,0.9974033878465026,Combined,0.0734701869805701,FALSE
primary,Fact type,study_random_effects,votechoice_dichotomized,Vote choice (dichotomized),primary_focus_candidate,Primary focus: Candidate,FALSE,1.324714709238307,1.2256684152565418,Combined,1.0808100239419436,FALSE
primary,Fact type,study_random_effects,votechoice_dichotomized,Vote choice (dichotomized),primary_focus_issues,Primary focus: Issues,FALSE,3.076132508714963,1.320390088162427,Combined,2.329714935224926,TRUE
primary,New fact (where fact present),standard,favorability,Favorability,fact_new_only,New fact (where fact present),TRUE,2.1473665076500668,0.7536767616599483,2020D-2018,2.8491876317382565,TRUE
primary,New fact (where fact present),standard,favorability,Favorability,fact_new_only,New fact (where fact present),TRUE,1.2447743676705383,0.6366951648659589,2020P-2018,1.9550554745183215,FALSE
primary,New fact (where fact present),standard,favorability,Favorability,fact_new_only,New fact (where fact present),TRUE,-0.9025921399795286,0.45317283771445815,2020P-2020D,-1.9917172099980256,TRUE
primary,New fact (where fact present),standard,favorability,Favorability,fact_new_only,New fact (where fact present),TRUE,0.11113723996297366,0.13501485781376701,Combined,0.8231482205926626,FALSE
primary,New fact (where fact present),standard,favorability,Favorability,intercept,Intercept,FALSE,1.614720658120205,1.081662118664048,2020D-2018,1.4928142811495821,FALSE
primary,New fact (where fact present),standard,favorability,Favorability,intercept,Intercept,FALSE,-0.03391936233506443,0.8334295281642354,2020P-2018,-0.040698536815437,FALSE
primary,New fact (where fact present),standard,favorability,Favorability,intercept,Intercept,FALSE,-1.6486400204552694,0.7598322920526507,2020P-2020D,-2.1697419781956713,TRUE
primary,New fact (where fact present),standard,favorability,Favorability,intercept,Intercept,FALSE,0.8365181950667888,0.20819947866851504,Combined,4.017868826648946,TRUE
primary,New fact (where fact present),standard,favorability,Favorability,primary_focus_candidate,Primary focus: Candidate,FALSE,-1.8069236230532373,0.9329117230420906,2020D-2018,-1.9368645268612554,FALSE
primary,New fact (where fact present),standard,favorability,Favorability,primary_focus_candidate,Primary focus: Candidate,FALSE,-2.2553322266565887,0.7997188039183295,2020P-2018,-2.8201565545367773,TRUE
primary,New fact (where fact present),standard,favorability,Favorability,primary_focus_candidate,Primary focus: Candidate,FALSE,-0.44840860360335133,0.5487468908182535,2020P-2020D,-0.8171501490144489,FALSE
primary,New fact (where fact present),standard,favorability,Favorability,primary_focus_candidate,Primary focus: Candidate,FALSE,-0.028690417073120294,0.17189237192592619,Combined,-0.16690919295408813,FALSE
primary,New fact (where fact present),standard,favorability,Favorability,primary_focus_issues,Primary focus: Issues,FALSE,-4.1890588753325035,1.0129068297070607,2020D-2018,-4.135680353289756,TRUE
primary,New fact (where fact present),standard,favorability,Favorability,primary_focus_issues,Primary focus: Issues,FALSE,-2.10567288047206,0.8081582817070204,2020P-2018,-2.605520388932207,TRUE
primary,New fact (where fact present),standard,favorability,Favorability,primary_focus_issues,Primary focus: Issues,FALSE,2.083385994860444,0.665141778225746,2020P-2020D,3.1322434750946475,TRUE
primary,New fact (where fact present),standard,favorability,Favorability,primary_focus_issues,Primary focus: Issues,FALSE,0.48718183380345104,0.17454006789710283,Combined,2.7912320630622243,TRUE
primary,New fact (where fact present),standard,favorability,Favorability,race_levelGov,Race: Gov,FALSE,1.366738249030232,0.7071617817324599,Combined,1.9327094369861029,FALSE
primary,New fact (where fact present),standard,favorability,Favorability,race_levelOther,Race: Other,FALSE,-0.6744209522195374,0.5958410270984092,Combined,-1.1318806888874233,FALSE
primary,New fact (where fact present),standard,favorability,Favorability,race_levelStateLeg,Race: StateLeg,FALSE,-1.0693511606143224,1.1178172249512577,2020D-2018,-0.9566422280359398,FALSE
primary,New fact (where fact present),standard,favorability,Favorability,race_levelStateLeg,Race: StateLeg,FALSE,-1.3226131328596507,0.4169436129223392,Combined,-3.172163074017405,TRUE
primary,New fact (where fact present),standard,votechoice,Vote choice,fact_new_only,New fact (where fact present),TRUE,1.235655450933673,0.8348602440911863,2020D-2018,1.4800746109054277,FALSE
primary,New fact (where fact present),standard,votechoice,Vote choice,fact_new_only,New fact (where fact present),TRUE,0.9297972602480684,0.7698893968252181,2020P-2018,1.2077023843713917,FALSE
primary,New fact (where fact present),standard,votechoice,Vote choice,fact_new_only,New fact (where fact present),TRUE,-0.30585819068560466,0.380049922758238,2020P-2020D,-0.8047842464111509,FALSE
primary,New fact (where fact present),standard,votechoice,Vote choice,fact_new_only,New fact (where fact present),TRUE,-0.03522322161236937,0.12956555579216666,Combined,-0.2718563695189961,FALSE
primary,New fact (where fact present),standard,votechoice,Vote choice,intercept,Intercept,FALSE,0.25863799225417994,1.2004180224651673,2020D-2018,0.21545660546069056,FALSE
primary,New fact (where fact present),standard,votechoice,Vote choice,intercept,Intercept,FALSE,-1.2912741682151085,1.0782428376373203,2020P-2018,-1.197572683204267,FALSE
primary,New fact (where fact present),standard,votechoice,Vote choice,intercept,Intercept,FALSE,-1.5499121604692885,0.6120153520034332,2020P-2020D,-2.532472682908441,TRUE
primary,New fact (where fact present),standard,votechoice,Vote choice,intercept,Intercept,FALSE,1.0160369205424824,0.20097758246155661,Combined,5.05547388966544,TRUE
primary,New fact (where fact present),standard,votechoice,Vote choice,primary_focus_candidate,Primary focus: Candidate,FALSE,-0.0038646129979760502,1.1352386489083004,2020D-2018,-0.003404229587930649,FALSE
primary,New fact (where fact present),standard,votechoice,Vote choice,primary_focus_candidate,Primary focus: Candidate,FALSE,-0.08572791954006798,1.0729831169609203,2020P-2018,-0.07989680190204737,FALSE
primary,New fact (where fact present),standard,votechoice,Vote choice,primary_focus_candidate,Primary focus: Candidate,FALSE,-0.08186330654209192,0.45301831136347276,2020P-2020D,-0.18070639638319183,FALSE
primary,New fact (where fact present),standard,votechoice,Vote choice,primary_focus_candidate,Primary focus: Candidate,FALSE,-0.07198718077457071,0.1660897063512657,Combined,-0.43342349358077564,FALSE
primary,New fact (where fact present),standard,votechoice,Vote choice,primary_focus_issues,Primary focus: Issues,FALSE,-2.689726703527705,1.1438870546370847,2020D-2018,-2.3513918551871895,TRUE
primary,New fact (where fact present),standard,votechoice,Vote choice,primary_focus_issues,Primary focus: Issues,FALSE,-1.637387138363259,1.0554653926915027,2020P-2018,-1.5513413795480488,FALSE
primary,New fact (where fact present),standard,votechoice,Vote choice,primary_focus_issues,Primary focus: Issues,FALSE,1.0523395651644458,0.5139711585054425,2020P-2020D,2.0474681268585275,TRUE
primary,New fact (where fact present),standard,votechoice,Vote choice,primary_focus_issues,Primary focus: Issues,FALSE,0.08798758351180576,0.17154029577846266,Combined,0.5129266165276883,FALSE
primary,New fact (where fact present),standard,votechoice,Vote choice,race_levelGov,Race: Gov,FALSE,-0.8890763005498438,1.180298911232809,Combined,-0.7532636793007065,FALSE
primary,New fact (where fact present),standard,votechoice,Vote choice,race_levelOther,Race: Other,FALSE,-0.5629623782306304,0.5607736438692562,Combined,-1.0039030621094678,FALSE
primary,New fact (where fact present),standard,votechoice,Vote choice,race_levelRunoff,Race: GA Runoff,FALSE,-0.9344730193203962,0.42199669688124386,Combined,-2.214408373872582,TRUE
primary,New fact (where fact present),standard,votechoice,Vote choice,race_levelStateLeg,Race: StateLeg,FALSE,-1.6896929435955608,2.2671909813756668,2020D-2018,-0.7452803744703956,FALSE
primary,New fact (where fact present),standard,votechoice,Vote choice,race_levelStateLeg,Race: StateLeg,FALSE,-1.9133278405718113,0.506645588984362,Combined,-3.776462051919429,TRUE
primary,New fact (where fact present),standard,votechoice_dichotomized,Vote choice (dichotomized),fact_new_only,New fact (where fact present),TRUE,1.6674272298751833,1.0544337535248611,2020D-2018,1.5813484956272972,FALSE
primary,New fact (where fact present),standard,votechoice_dichotomized,Vote choice (dichotomized),fact_new_only,New fact (where fact present),TRUE,0.9762359783281276,0.9292534872744472,2020P-2018,1.0505593917021314,FALSE
primary,New fact (where fact present),standard,votechoice_dichotomized,Vote choice (dichotomized),fact_new_only,New fact (where fact present),TRUE,-0.6911912515470555,0.6000282741515673,2020P-2020D,-1.1519311361191962,FALSE
primary,New fact (where fact present),standard,votechoice_dichotomized,Vote choice (dichotomized),fact_new_only,New fact (where fact present),TRUE,-0.15490029489845641,0.211154979810021,Combined,-0.7335858005234938,FALSE
primary,New fact (where fact present),standard,votechoice_dichotomized,Vote choice (dichotomized),intercept,Intercept,FALSE,0.4179097921488384,1.5473536349470687,2020D-2018,0.27008033762310196,FALSE
primary,New fact (where fact present),standard,votechoice_dichotomized,Vote choice (dichotomized),intercept,Intercept,FALSE,-1.2136936849132844,1.309143990395671,2020P-2018,-0.9270895285907107,FALSE
primary,New fact (where fact present),standard,votechoice_dichotomized,Vote choice (dichotomized),intercept,Intercept,FALSE,-1.6316034770621228,0.9766697107587854,2020P-2020D,-1.6705785580209223,FALSE
primary,New fact (where fact present),standard,votechoice_dichotomized,Vote choice (dichotomized),intercept,Intercept,FALSE,1.1306715469746922,0.3301919354630046,Combined,3.424285773028442,TRUE
primary,New fact (where fact present),standard,votechoice_dichotomized,Vote choice (dichotomized),primary_focus_candidate,Primary focus: Candidate,FALSE,0.21919173841481687,1.414480411386454,2020D-2018,0.15496272458094218,FALSE
primary,New fact (where fact present),standard,votechoice_dichotomized,Vote choice (dichotomized),primary_focus_candidate,Primary focus: Candidate,FALSE,-0.26428796096561474,1.2945057494883185,2020P-2018,-0.20416128786610666,FALSE
primary,New fact (where fact present),standard,votechoice_dichotomized,Vote choice (dichotomized),primary_focus_candidate,Primary focus: Candidate,FALSE,-0.4834796993804316,0.7186949679479184,2020P-2020D,-0.6727189154543627,FALSE
primary,New fact (where fact present),standard,votechoice_dichotomized,Vote choice (dichotomized),primary_focus_candidate,Primary focus: Candidate,FALSE,0.1488463341058767,0.2726435588061057,Combined,0.5459374677973994,FALSE
primary,New fact (where fact present),standard,votechoice_dichotomized,Vote choice (dichotomized),primary_focus_issues,Primary focus: Issues,FALSE,-3.3122892453770088,1.4496094395813206,2020D-2018,-2.284952867258971,TRUE
primary,New fact (where fact present),standard,votechoice_dichotomized,Vote choice (dichotomized),primary_focus_issues,Primary focus: Issues,FALSE,-1.9742164377421962,1.272435407999246,2020P-2018,-1.5515258576829594,FALSE
primary,New fact (where fact present),standard,votechoice_dichotomized,Vote choice (dichotomized),primary_focus_issues,Primary focus: Issues,FALSE,1.3380728076348123,0.8229224143569727,2020P-2020D,1.6260011688712788,FALSE
primary,New fact (where fact present),standard,votechoice_dichotomized,Vote choice (dichotomized),primary_focus_issues,Primary focus: Issues,FALSE,0.36332374006404694,0.28124495416027484,Combined,1.2918409190623108,FALSE
primary,New fact (where fact present),standard,votechoice_dichotomized,Vote choice (dichotomized),race_levelGov,Race: Gov,FALSE,-0.6180232815479807,1.436743782082822,Combined,-0.4301555289503626,FALSE
primary,New fact (where fact present),standard,votechoice_dichotomized,Vote choice (dichotomized),race_levelOther,Race: Other,FALSE,-0.00996720178124855,0.8140846374357782,Combined,-0.012243446593763842,FALSE
primary,New fact (where fact present),standard,votechoice_dichotomized,Vote choice (dichotomized),race_levelRunoff,Race: GA Runoff,FALSE,-1.2993845239863706,0.673892824342232,Combined,-1.928176821373137,FALSE
primary,New fact (where fact present),standard,votechoice_dichotomized,Vote choice (dichotomized),race_levelStateLeg,Race: StateLeg,FALSE,-3.626879718081887,2.942121219259876,2020D-2018,-1.23274312912038,FALSE
primary,New fact (where fact present),standard,votechoice_dichotomized,Vote choice (dichotomized),race_levelStateLeg,Race: StateLeg,FALSE,-2.7095367758330715,0.8420142331787002,Combined,-3.217922772640386,TRUE
primary,New fact (where fact present),study_fixed_effects,favorability,Favorability,fact_new_only,New fact (where fact present),TRUE,-1.482453968275413,0.5966180044521712,Combined,-2.4847623725949024,TRUE
primary,New fact (where fact present),study_fixed_effects,favorability,Favorability,intercept,Intercept,FALSE,1.9694580228132763,2.621822274060557,Combined,0.7511790720135545,FALSE
primary,New fact (where fact present),study_fixed_effects,favorability,Favorability,primary_focus_candidate,Primary focus: Candidate,FALSE,0.5905536049668902,0.8357979382339326,Combined,0.7065746132549079,FALSE
primary,New fact (where fact present),study_fixed_effects,favorability,Favorability,primary_focus_issues,Primary focus: Issues,FALSE,1.2679586885090306,0.7852322086861449,Combined,1.6147563414783845,FALSE
primary,New fact (where fact present),study_fixed_effects,favorability,Favorability,study_idX08b80ae785a7,NA,FALSE,3.7579513437662455,3.7746304986171597,Combined,0.9955812483216504,FALSE
primary,New fact (where fact present),study_fixed_effects,favorability,Favorability,study_idX0c2b064a71c5,NA,FALSE,3.7822517072512376,2.7208093910867803,Combined,1.3901200575246775,FALSE
primary,New fact (where fact present),study_fixed_effects,favorability,Favorability,study_idX0ca4a39fd242,NA,FALSE,-1.0799972147980774,2.609271819194934,Combined,-0.4139075150596232,FALSE
primary,New fact (where fact present),study_fixed_effects,favorability,Favorability,study_idX201e65ae9067,NA,FALSE,-2.8956817074762244,3.8143665656558556,Combined,-0.7591513971280657,FALSE
primary,New fact (where fact present),study_fixed_effects,favorability,Favorability,study_idX3c2f80c20258,NA,FALSE,-5.731800721772934,3.331041998826022,Combined,-1.7207230421570863,FALSE
primary,New fact (where fact present),study_fixed_effects,favorability,Favorability,study_idX3f0cfe830de9,NA,FALSE,5.177279155979056,2.6884826720257093,Combined,1.9257253207728864,FALSE
primary,New fact (where fact present),study_fixed_effects,favorability,Favorability,study_idX43915f01925b,NA,FALSE,0.04772705519946248,2.9539056868918667,Combined,0.016157271171945042,FALSE
primary,New fact (where fact present),study_fixed_effects,favorability,Favorability,study_idX495cbb4fe018,NA,FALSE,7.154218769483859,7.422676320000112,Combined,0.9638327822819238,FALSE
primary,New fact (where fact present),study_fixed_effects,favorability,Favorability,study_idX4d1542866d9e,NA,FALSE,2.454965235233669,2.635973184003022,Combined,0.9313316425721478,FALSE
primary,New fact (where fact present),study_fixed_effects,favorability,Favorability,study_idX52ae33d7915c,NA,FALSE,2.6001300497880893,3.705945670952162,Combined,0.7016104068034118,FALSE
primary,New fact (where fact present),study_fixed_effects,favorability,Favorability,study_idX5a248af8c0f1,NA,FALSE,2.8104751262087344,2.9462610420661792,Combined,0.9539124626369767,FALSE
primary,New fact (where fact present),study_fixed_effects,favorability,Favorability,study_idX5bee0c849477,NA,FALSE,-0.16362819704769724,2.8535116624144563,Combined,-0.05734274690478948,FALSE
primary,New fact (where fact present),study_fixed_effects,favorability,Favorability,study_idX5c1c1e604f1e,NA,FALSE,0.6379147235436164,2.6065179194258663,Combined,0.2447382842793304,FALSE
primary,New fact (where fact present),study_fixed_effects,favorability,Favorability,study_idX6725be1de97c,NA,FALSE,4.7270855248050765,3.6001207987474184,Combined,1.3130352532753236,FALSE
primary,New fact (where fact present),study_fixed_effects,favorability,Favorability,study_idX6dc1b2269d4d,NA,FALSE,1.6131117599189124,3.4910739397635324,Combined,0.4620674863243304,FALSE
primary,New fact (where fact present),study_fixed_effects,favorability,Favorability,study_idX877266884b5c,NA,FALSE,0.6053414642423296,3.0449101751141634,Combined,0.1988043749827968,FALSE
primary,New fact (where fact present),study_fixed_effects,favorability,Favorability,study_idX96c94303546c,NA,FALSE,-0.3912673609063615,2.7149572148670233,Combined,-0.1441154795235053,FALSE
primary,New fact (where fact present),study_fixed_effects,favorability,Favorability,study_idX9b63b51005a1,NA,FALSE,7.114927580311347,3.794451170852861,Combined,1.8750873999815256,FALSE
primary,New fact (where fact present),study_fixed_effects,favorability,Favorability,study_idXb218652f3e19,NA,FALSE,-1.2705513711522107,3.003536510068744,Combined,-0.4230184540434072,FALSE
primary,New fact (where fact present),study_fixed_effects,favorability,Favorability,study_idXbb1e5503bebf,NA,FALSE,-0.5373725802192898,2.6027639929377293,Combined,-0.2064622769015486,FALSE
primary,New fact (where fact present),study_fixed_effects,favorability,Favorability,study_idXbf86b7c37550,NA,FALSE,0.8590661346518218,2.814049268115478,Combined,0.30527757434294106,FALSE
primary,New fact (where fact present),study_fixed_effects,favorability,Favorability,study_idXc03c2d306034,NA,FALSE,1.2973929872502232,3.3934838674962595,Combined,0.3823188905292927,FALSE
primary,New fact (where fact present),study_fixed_effects,favorability,Favorability,study_idXc743e344bff5,NA,FALSE,0.8090413094469806,2.6038684513362487,Combined,0.3107074433932322,FALSE
primary,New fact (where fact present),study_fixed_effects,favorability,Favorability,study_idXcbca87b096bc,NA,FALSE,1.7780235638700512,3.8868322746302795,Combined,0.4574479777466547,FALSE
primary,New fact (where fact present),study_fixed_effects,favorability,Favorability,study_idXcd1c7907cdb8,NA,FALSE,-1.9398882887886384,3.2927266358450877,Combined,-0.5891434374389724,FALSE
primary,New fact (where fact present),study_fixed_effects,favorability,Favorability,study_idXd0500f1294c1,NA,FALSE,-5.46027767275855,3.0010596243949355,Combined,-1.8194499130817616,FALSE
primary,New fact (where fact present),study_fixed_effects,favorability,Favorability,study_idXd503139dae5a,NA,FALSE,-0.3394330316232039,3.3176922667678617,Combined,-0.10230998065226944,FALSE
primary,New fact (where fact present),study_fixed_effects,favorability,Favorability,study_idXd783f4c0b772,NA,FALSE,-0.07463006989323749,3.647195793605924,Combined,-0.020462315191324548,FALSE
primary,New fact (where fact present),study_fixed_effects,favorability,Favorability,study_idXe1243115280f,NA,FALSE,3.6077996573793705,3.2868774188771077,Combined,1.0976374222717131,FALSE
primary,New fact (where fact present),study_fixed_effects,favorability,Favorability,study_idXf0130cfec75e,NA,FALSE,-1.7309547500196527,3.014717757346089,Combined,-0.5741680944432569,FALSE
primary,New fact (where fact present),study_fixed_effects,favorability,Favorability,study_idXf337919542ab,NA,FALSE,-0.7259419292876785,2.8400975744909065,Combined,-0.2556045735216703,FALSE
primary,New fact (where fact present),study_fixed_effects,votechoice,Vote choice,fact_new_only,New fact (where fact present),TRUE,-1.7211710413361727,0.7543416385333657,Combined,-2.281686378445942,TRUE
primary,New fact (where fact present),study_fixed_effects,votechoice,Vote choice,intercept,Intercept,FALSE,0.8801259646294612,3.6149566988620827,Combined,0.24346791343489885,FALSE
primary,New fact (where fact present),study_fixed_effects,votechoice,Vote choice,primary_focus_candidate,Primary focus: Candidate,FALSE,1.9752142936568327,1.1006817447797002,Combined,1.794537161195645,FALSE
primary,New fact (where fact present),study_fixed_effects,votechoice,Vote choice,primary_focus_issues,Primary focus: Issues,FALSE,2.9212588853346824,1.043366801382622,Combined,2.7998388308536972,TRUE
primary,New fact (where fact present),study_fixed_effects,votechoice,Vote choice,study_idX0ca4a39fd242,NA,FALSE,-0.36330177616235343,3.596150415973216,Combined,-0.10102518919916594,FALSE
primary,New fact (where fact present),study_fixed_effects,votechoice,Vote choice,study_idX201e65ae9067,NA,FALSE,1.6888632217511637,5.095873406284026,Combined,0.3314178134151695,FALSE
primary,New fact (where fact present),study_fixed_effects,votechoice,Vote choice,study_idX43915f01925b,NA,FALSE,-0.31541043049541034,4.055072941348675,Combined,-0.07778169099727912,FALSE
primary,New fact (where fact present),study_fixed_effects,votechoice,Vote choice,study_idX4cd2c9923737,NA,FALSE,-3.194905138929521,3.7498387159509585,Combined,-0.8520113479385456,FALSE
primary,New fact (where fact present),study_fixed_effects,votechoice,Vote choice,study_idX4d1542866d9e,NA,FALSE,3.714674133334305,3.618022769051138,Combined,1.0267138629170414,FALSE
primary,New fact (where fact present),study_fixed_effects,votechoice,Vote choice,study_idX5a248af8c0f1,NA,FALSE,3.3600424863598457,4.075186172060598,Combined,0.8245126343910949,FALSE
primary,New fact (where fact present),study_fixed_effects,votechoice,Vote choice,study_idX5bee0c849477,NA,FALSE,1.6590394903138665,3.907613796574983,Combined,0.4245658800181359,FALSE
primary,New fact (where fact present),study_fixed_effects,votechoice,Vote choice,study_idX5c1c1e604f1e,NA,FALSE,1.499914177703834,3.597214934286702,Combined,0.4169654038204572,FALSE
primary,New fact (where fact present),study_fixed_effects,votechoice,Vote choice,study_idX6725be1de97c,NA,FALSE,2.8288639947210963,5.0768018371547505,Combined,0.5572137903862934,FALSE
primary,New fact (where fact present),study_fixed_effects,votechoice,Vote choice,study_idX877266884b5c,NA,FALSE,-2.2063986334824803,4.104029680438571,Combined,-0.53761761129532,FALSE
primary,New fact (where fact present),study_fixed_effects,votechoice,Vote choice,study_idXb218652f3e19,NA,FALSE,-6.854063529395412,4.185567622731478,Combined,-1.6375469583077693,FALSE
primary,New fact (where fact present),study_fixed_effects,votechoice,Vote choice,study_idXbb1e5503bebf,NA,FALSE,0.29480229386998097,3.5587327249159433,Combined,0.0828391218609833,FALSE
primary,New fact (where fact present),study_fixed_effects,votechoice,Vote choice,study_idXbf86b7c37550,NA,FALSE,-0.342791027821076,3.941383563346882,Combined,-0.08697225791696105,FALSE
primary,New fact (where fact present),study_fixed_effects,votechoice,Vote choice,study_idXc03c2d306034,NA,FALSE,4.094303660834271,4.609917884943787,Combined,0.8881511044277953,FALSE
primary,New fact (where fact present),study_fixed_effects,votechoice,Vote choice,study_idXc743e344bff5,NA,FALSE,0.12114906633125,3.589341951096668,Combined,0.033752444872028636,FALSE
primary,New fact (where fact present),study_fixed_effects,votechoice,Vote choice,study_idXcbca87b096bc,NA,FALSE,3.568714230619708,5.063470144702428,Combined,0.7047961434814455,FALSE
primary,New fact (where fact present),study_fixed_effects,votechoice,Vote choice,study_idXcd1c7907cdb8,NA,FALSE,-2.0066299472319242,4.545568633983477,Combined,-0.4414475082897227,FALSE
primary,New fact (where fact present),study_fixed_effects,votechoice,Vote choice,study_idXd0500f1294c1,NA,FALSE,-5.505497887768329,4.147847733745305,Combined,-1.3273143666720697,FALSE
primary,New fact (where fact present),study_fixed_effects,votechoice,Vote choice,study_idXd503139dae5a,NA,FALSE,-3.6484452827605516,4.505861485175457,Combined,-0.8097109275915707,FALSE
primary,New fact (where fact present),study_fixed_effects,votechoice,Vote choice,study_idXf0130cfec75e,NA,FALSE,-1.13203930231617,4.1357846357007215,Combined,-0.27371814589769367,FALSE
primary,New fact (where fact present),study_fixed_effects,votechoice,Vote choice,study_idXf337919542ab,NA,FALSE,-2.148989036702438,3.8642865775498136,Combined,-0.5561153381292503,FALSE
primary,New fact (where fact present),study_fixed_effects,votechoice_dichotomized,Vote choice (dichotomized),fact_new_only,New fact (where fact present),TRUE,-1.9934327554350182,0.8886821094462997,Combined,-2.2431336630339525,TRUE
primary,New fact (where fact present),study_fixed_effects,votechoice_dichotomized,Vote choice (dichotomized),intercept,Intercept,FALSE,-0.27969234457218,4.553875098411146,Combined,-0.06141853663702044,FALSE
primary,New fact (where fact present),study_fixed_effects,votechoice_dichotomized,Vote choice (dichotomized),primary_focus_candidate,Primary focus: Candidate,FALSE,2.661118560448622,1.2930885616016048,Combined,2.0579553786730513,TRUE
primary,New fact (where fact present),study_fixed_effects,votechoice_dichotomized,Vote choice (dichotomized),primary_focus_issues,Primary focus: Issues,FALSE,3.734650578116228,1.2250742319144874,Combined,3.048509617478359,TRUE
primary,New fact (where fact present),study_fixed_effects,votechoice_dichotomized,Vote choice (dichotomized),study_idX0ca4a39fd242,NA,FALSE,0.5838995910341273,4.541417360967303,Combined,0.12857210527546825,FALSE
primary,New fact (where fact present),study_fixed_effects,votechoice_dichotomized,Vote choice (dichotomized),study_idX201e65ae9067,NA,FALSE,1.975273085878293,6.15832631530185,Combined,0.32074836323145944,FALSE
primary,New fact (where fact present),study_fixed_effects,votechoice_dichotomized,Vote choice (dichotomized),study_idX43915f01925b,NA,FALSE,1.454080933802877,5.149762832639818,Combined,0.2823588155529681,FALSE
primary,New fact (where fact present),study_fixed_effects,votechoice_dichotomized,Vote choice (dichotomized),study_idX4cd2c9923737,NA,FALSE,-2.8832177635417624,4.742885391115901,Combined,-0.6079037391336589,FALSE
primary,New fact (where fact present),study_fixed_effects,votechoice_dichotomized,Vote choice (dichotomized),study_idX4d1542866d9e,NA,FALSE,5.085076019709106,4.556335532090911,Combined,1.1160451164964043,FALSE
primary,New fact (where fact present),study_fixed_effects,votechoice_dichotomized,Vote choice (dichotomized),study_idX5a248af8c0f1,NA,FALSE,5.911366267573633,5.128259493013134,Combined,1.1527042022010434,FALSE
primary,New fact (where fact present),study_fixed_effects,votechoice_dichotomized,Vote choice (dichotomized),study_idX5bee0c849477,NA,FALSE,2.749275191028186,4.951376521973399,Combined,0.5552547213542239,FALSE
primary,New fact (where fact present),study_fixed_effects,votechoice_dichotomized,Vote choice (dichotomized),study_idX5c1c1e604f1e,NA,FALSE,2.6443378261518373,4.542137350249221,Combined,0.5821791861945227,FALSE
primary,New fact (where fact present),study_fixed_effects,votechoice_dichotomized,Vote choice (dichotomized),study_idX6725be1de97c,NA,FALSE,4.723493584919371,6.227685118612616,Combined,0.7584669897330416,FALSE
primary,New fact (where fact present),study_fixed_effects,votechoice_dichotomized,Vote choice (dichotomized),study_idX877266884b5c,NA,FALSE,-1.5970364364332996,5.058965210199571,Combined,-0.31568440779419754,FALSE
primary,New fact (where fact present),study_fixed_effects,votechoice_dichotomized,Vote choice (dichotomized),study_idXb218652f3e19,NA,FALSE,-6.8740461636144445,5.145489895769895,Combined,-1.335936189334585,FALSE
primary,New fact (where fact present),study_fixed_effects,votechoice_dichotomized,Vote choice (dichotomized),study_idXbb1e5503bebf,NA,FALSE,1.1219308659737752,4.49048391592468,Combined,0.24984631656179693,FALSE
primary,New fact (where fact present),study_fixed_effects,votechoice_dichotomized,Vote choice (dichotomized),study_idXbf86b7c37550,NA,FALSE,2.49704577367747,4.943885347499421,Combined,0.5050776056003112,FALSE
primary,New fact (where fact present),study_fixed_effects,votechoice_dichotomized,Vote choice (dichotomized),study_idXc03c2d306034,NA,FALSE,6.174087381867983,5.858219582826845,Combined,1.053918736669942,FALSE
primary,New fact (where fact present),study_fixed_effects,votechoice_dichotomized,Vote choice (dichotomized),study_idXc743e344bff5,NA,FALSE,0.2664850074584213,4.5322495458410765,Combined,0.05879751429463006,FALSE
primary,New fact (where fact present),study_fixed_effects,votechoice_dichotomized,Vote choice (dichotomized),study_idXcbca87b096bc,NA,FALSE,7.347858339071171,6.172400150811142,Combined,1.1904377810154705,FALSE
primary,New fact (where fact present),study_fixed_effects,votechoice_dichotomized,Vote choice (dichotomized),study_idXcd1c7907cdb8,NA,FALSE,0.8948433376869537,5.656959682466928,Combined,0.1581844997871231,FALSE
primary,New fact (where fact present),study_fixed_effects,votechoice_dichotomized,Vote choice (dichotomized),study_idXd0500f1294c1,NA,FALSE,-5.070429776259278,5.194167985832944,Combined,-0.9761774725208808,FALSE
primary,New fact (where fact present),study_fixed_effects,votechoice_dichotomized,Vote choice (dichotomized),study_idXd503139dae5a,NA,FALSE,-4.258546276837268,5.546893664308464,Combined,-0.7677353370299707,FALSE
primary,New fact (where fact present),study_fixed_effects,votechoice_dichotomized,Vote choice (dichotomized),study_idXf0130cfec75e,NA,FALSE,0.0013313658591948,5.116024068691897,Combined,2.602344792203477e-4,FALSE
primary,New fact (where fact present),study_fixed_effects,votechoice_dichotomized,Vote choice (dichotomized),study_idXf337919542ab,NA,FALSE,-1.3813431747219955,4.839667689465957,Combined,-0.2854210791638925,FALSE
primary,New fact (where fact present),study_random_effects,favorability,Favorability,fact_new_only,New fact (where fact present),TRUE,-1.398086076977128,0.56474723373346,Combined,-2.4755961489790552,TRUE
primary,New fact (where fact present),study_random_effects,favorability,Favorability,intercept,Intercept,FALSE,1.7643293002959333,0.8686674543626601,Combined,2.0310756336444293,TRUE
primary,New fact (where fact present),study_random_effects,favorability,Favorability,primary_focus_candidate,Primary focus: Candidate,FALSE,1.3943107097656111,0.7686589409629575,Combined,1.813952372711429,FALSE
primary,New fact (where fact present),study_random_effects,favorability,Favorability,primary_focus_issues,Primary focus: Issues,FALSE,1.9680428032493344,0.7384446155347246,Combined,2.665119037836344,TRUE
primary,New fact (where fact present),study_random_effects,votechoice,Vote choice,fact_new_only,New fact (where fact present),TRUE,-1.4718256027450227,0.721665377319693,Combined,-2.0394848485200554,TRUE
primary,New fact (where fact present),study_random_effects,votechoice,Vote choice,intercept,Intercept,FALSE,1.0846564039911997,1.1194262345733972,Combined,0.968939596457244,FALSE
primary,New fact (where fact present),study_random_effects,votechoice,Vote choice,primary_focus_candidate,Primary focus: Candidate,FALSE,1.2433591851987618,1.0368815639028217,Combined,1.1991332746999168,FALSE
primary,New fact (where fact present),study_random_effects,votechoice,Vote choice,primary_focus_issues,Primary focus: Issues,FALSE,2.4746009358177807,0.9973382679787168,Combined,2.48120523925448,TRUE
primary,New fact (where fact present),study_random_effects,votechoice_dichotomized,Vote choice (dichotomized),fact_new_only,New fact (where fact present),TRUE,-1.7304378339315951,0.8541001246910259,Combined,-2.026036273624931,TRUE
primary,New fact (where fact present),study_random_effects,votechoice_dichotomized,Vote choice (dichotomized),intercept,Intercept,FALSE,1.0161096602880089,1.3285523329727076,Combined,0.7648247156469995,FALSE
primary,New fact (where fact present),study_random_effects,votechoice_dichotomized,Vote choice (dichotomized),primary_focus_candidate,Primary focus: Candidate,FALSE,1.84874501556553,1.225243233364986,Combined,1.5088800045752302,FALSE
primary,New fact (where fact present),study_random_effects,votechoice_dichotomized,Vote choice (dichotomized),primary_focus_issues,Primary focus: Issues,FALSE,3.266811936742396,1.177429740904882,Combined,2.7745281295780546,TRUE
primary,Persuasive techniques,standard,favorability,Favorability,intercept,Intercept,FALSE,-0.4619789183152634,0.7750662629751677,2020D-2018,-0.5960508673696002,FALSE
primary,Persuasive techniques,standard,favorability,Favorability,intercept,Intercept,FALSE,-0.9192859051197354,0.6791124329667966,2020P-2018,-1.3536578929997023,FALSE
primary,Persuasive techniques,standard,favorability,Favorability,intercept,Intercept,FALSE,-0.457306986804472,0.4275663552867181,2020P-2020D,-1.0695579321198236,FALSE
primary,Persuasive techniques,standard,favorability,Favorability,intercept,Intercept,FALSE,1.0010820626077515,0.13521992879038985,Combined,7.403361853263295,TRUE
primary,Persuasive techniques,standard,favorability,Favorability,race_levelGov,Race: Gov,FALSE,2.3180567168497697,0.7080852000753062,Combined,3.2736974542092394,TRUE
primary,Persuasive techniques,standard,favorability,Favorability,race_levelOther,Race: Other,FALSE,-0.9468128871089242,0.5814791884870817,Combined,-1.6282833605315847,FALSE
primary,Persuasive techniques,standard,favorability,Favorability,race_levelStateLeg,Race: StateLeg,FALSE,-1.0292737294666974,1.096563598915539,2020D-2018,-0.9386356892428412,FALSE
primary,Persuasive techniques,standard,favorability,Favorability,race_levelStateLeg,Race: StateLeg,FALSE,-0.509413281042257,0.4255727917547155,Combined,-1.1970062252848723,FALSE
primary,Persuasive techniques,standard,favorability,Favorability,technique_neg_name,Technique: Negative name-calling,TRUE,-0.31907112477194854,0.9500893478423575,2020D-2018,-0.33583275667341767,FALSE
primary,Persuasive techniques,standard,favorability,Favorability,technique_neg_name,Technique: Negative name-calling,TRUE,-0.7108089357951417,0.8731842084709354,2020P-2018,-0.8140423623096266,FALSE
primary,Persuasive techniques,standard,favorability,Favorability,technique_neg_name,Technique: Negative name-calling,TRUE,-0.39173781102319316,0.5190960710299425,2020P-2020D,-0.7546537777601421,FALSE
primary,Persuasive techniques,standard,favorability,Favorability,technique_neg_name,Technique: Negative name-calling,TRUE,0.12856038491930424,0.2142267602317572,Combined,0.6001135655518648,FALSE
primary,Persuasive techniques,standard,favorability,Favorability,technique_neg_testimonial,Technique: Negative testimonial,TRUE,-0.5096822816833027,0.8194295751906268,2020D-2018,-0.6219964437636187,FALSE
primary,Persuasive techniques,standard,favorability,Favorability,technique_neg_testimonial,Technique: Negative testimonial,TRUE,-1.146071567828131,0.7240112705908553,2020P-2018,-1.5829471368489032,FALSE
primary,Persuasive techniques,standard,favorability,Favorability,technique_neg_testimonial,Technique: Negative testimonial,TRUE,-0.6363892861448284,0.4615151846539888,2020P-2020D,-1.3789129963772433,FALSE
primary,Persuasive techniques,standard,favorability,Favorability,technique_neg_testimonial,Technique: Negative testimonial,TRUE,0.10947069627343094,0.16218493831828948,Combined,0.6749744915190192,FALSE
primary,Persuasive techniques,standard,favorability,Favorability,technique_neg_transfer,Technique: Negative transfer of association,TRUE,0.2728102437346035,0.8175230113866168,2020D-2018,0.3337034431261876,FALSE
primary,Persuasive techniques,standard,favorability,Favorability,technique_neg_transfer,Technique: Negative transfer of association,TRUE,-0.1292686359344805,0.7364311175064512,2020P-2018,-0.17553391330364054,FALSE
primary,Persuasive techniques,standard,favorability,Favorability,technique_neg_transfer,Technique: Negative transfer of association,TRUE,-0.402078879669084,0.4724808773350697,2020P-2020D,-0.8509950327237082,FALSE
primary,Persuasive techniques,standard,favorability,Favorability,technique_neg_transfer,Technique: Negative transfer of association,TRUE,0.054799606483983555,0.1879022069165399,Combined,0.2916389721187457,FALSE
primary,Persuasive techniques,standard,favorability,Favorability,technique_plain_folks,Technique: Plain folks,TRUE,0.35443886867127006,0.9263334734036657,2020D-2018,0.3826255650343073,FALSE
primary,Persuasive techniques,standard,favorability,Favorability,technique_plain_folks,Technique: Plain folks,TRUE,0.4297689068814606,0.7645429082896228,2020P-2018,0.5621252937168784,FALSE
primary,Persuasive techniques,standard,favorability,Favorability,technique_plain_folks,Technique: Plain folks,TRUE,0.07533003821019055,0.6080561528004883,2020P-2020D,0.12388664741446566,FALSE
primary,Persuasive techniques,standard,favorability,Favorability,technique_plain_folks,Technique: Plain folks,TRUE,0.2000657157668707,0.19698628866375242,Combined,1.015632697707071,FALSE
primary,Persuasive techniques,standard,favorability,Favorability,technique_pos_name,Technique: Positive name-calling,TRUE,-1.2628996114635838,1.9881875623112413,2020D-2018,-0.635201444473116,FALSE
primary,Persuasive techniques,standard,favorability,Favorability,technique_pos_name,Technique: Positive name-calling,TRUE,-0.8013457094415137,1.8630334907437682,2020P-2018,-0.43012952446796704,FALSE
primary,Persuasive techniques,standard,favorability,Favorability,technique_pos_name,Technique: Positive name-calling,TRUE,0.4615539020220699,0.7909306679788823,2020P-2020D,0.5835579788573748,FALSE
primary,Persuasive techniques,standard,favorability,Favorability,technique_pos_name,Technique: Positive name-calling,TRUE,-0.28060917749355513,0.24976654308264054,Combined,-1.1234858521491793,FALSE
primary,Persuasive techniques,standard,favorability,Favorability,technique_pos_testimonial,Technique: Positive testimonial,TRUE,-1.1568329060931686,1.1356127379785315,2020D-2018,-1.0186860955367676,FALSE
primary,Persuasive techniques,standard,favorability,Favorability,technique_pos_testimonial,Technique: Positive testimonial,TRUE,-0.5325804780229606,0.9738749087959708,2020P-2018,-0.5468674397632904,FALSE
primary,Persuasive techniques,standard,favorability,Favorability,technique_pos_testimonial,Technique: Positive testimonial,TRUE,0.624252428070208,0.6327559911747428,2020P-2020D,0.986561070581493,FALSE
primary,Persuasive techniques,standard,favorability,Favorability,technique_pos_testimonial,Technique: Positive testimonial,TRUE,0.16083117544534764,0.16314430485148632,Combined,0.9858215742912732,FALSE
primary,Persuasive techniques,standard,favorability,Favorability,technique_pos_transfer,Technique: Positive transfer of association,TRUE,-0.23677354070147652,1.0003793612343344,2020D-2018,-0.23668375206114772,FALSE
primary,Persuasive techniques,standard,favorability,Favorability,technique_pos_transfer,Technique: Positive transfer of association,TRUE,0.2661015377438428,0.7974549866193856,2020P-2018,0.3336884742196107,FALSE
primary,Persuasive techniques,standard,favorability,Favorability,technique_pos_transfer,Technique: Positive transfer of association,TRUE,0.5028750784453193,0.6675720511314991,2020P-2020D,0.7532895926259537,FALSE
primary,Persuasive techniques,standard,favorability,Favorability,technique_pos_transfer,Technique: Positive transfer of association,TRUE,-0.03090322124696239,0.18604602173866858,Combined,-0.1661052515832395,FALSE
primary,Persuasive techniques,standard,votechoice,Vote choice,intercept,Intercept,FALSE,-0.08635081000919054,0.9056698026430364,2020D-2018,-0.09534469379148011,FALSE
primary,Persuasive techniques,standard,votechoice,Vote choice,intercept,Intercept,FALSE,-0.6946473769358271,0.8367540028957843,2020P-2018,-0.8301691710249802,FALSE
primary,Persuasive techniques,standard,votechoice,Vote choice,intercept,Intercept,FALSE,-0.6082965669266366,0.3947030388995967,2020P-2020D,-1.5411499455958664,FALSE
primary,Persuasive techniques,standard,votechoice,Vote choice,intercept,Intercept,FALSE,0.7903885448771322,0.12430066278872119,Combined,6.358683269618499,TRUE
primary,Persuasive techniques,standard,votechoice,Vote choice,race_levelGov,Race: Gov,FALSE,-0.5981417118271272,1.2253193361853425,Combined,-0.48815169577692186,FALSE
primary,Persuasive techniques,standard,votechoice,Vote choice,race_levelOther,Race: Other,FALSE,-0.9774469610770861,0.5584565306355121,Combined,-1.7502650742838863,FALSE
primary,Persuasive techniques,standard,votechoice,Vote choice,race_levelRunoff,Race: GA Runoff,FALSE,-0.8524676912629949,0.4106990072851042,Combined,-2.075650722650075,TRUE
primary,Persuasive techniques,standard,votechoice,Vote choice,race_levelStateLeg,Race: StateLeg,FALSE,-0.6524932927737445,2.344125623870899,2020D-2018,-0.2783525277524461,FALSE
primary,Persuasive techniques,standard,votechoice,Vote choice,race_levelStateLeg,Race: StateLeg,FALSE,-1.49040705893956,0.5192743270207181,Combined,-2.870172818846281,TRUE
primary,Persuasive techniques,standard,votechoice,Vote choice,technique_neg_name,Technique: Negative name-calling,TRUE,-1.0789052903747187,1.1181726343564253,2020D-2018,-0.9648825746801546,FALSE
primary,Persuasive techniques,standard,votechoice,Vote choice,technique_neg_name,Technique: Negative name-calling,TRUE,-0.7248243863711549,1.068966581863362,2020P-2018,-0.6780608474286278,FALSE
primary,Persuasive techniques,standard,votechoice,Vote choice,technique_neg_name,Technique: Negative name-calling,TRUE,0.35408090400356373,0.4282539238830418,2020P-2020D,0.8268013070214505,FALSE
primary,Persuasive techniques,standard,votechoice,Vote choice,technique_neg_name,Technique: Negative name-calling,TRUE,0.07193771526688865,0.17107309549496308,Combined,0.4205086431548596,FALSE
primary,Persuasive techniques,standard,votechoice,Vote choice,technique_neg_testimonial,Technique: Negative testimonial,TRUE,-0.40227021714366307,0.9034752670691668,2020D-2018,-0.4452476252599693,FALSE
primary,Persuasive techniques,standard,votechoice,Vote choice,technique_neg_testimonial,Technique: Negative testimonial,TRUE,-1.0815699548231912,0.8487886429804103,2020P-2018,-1.27425120937693,FALSE
primary,Persuasive techniques,standard,votechoice,Vote choice,technique_neg_testimonial,Technique: Negative testimonial,TRUE,-0.6792997376795281,0.38209639074104446,2020P-2020D,-1.777822963368176,FALSE
primary,Persuasive techniques,standard,votechoice,Vote choice,technique_neg_testimonial,Technique: Negative testimonial,TRUE,0.09922139698882784,0.1420315673621809,Combined,0.6985869326909067,FALSE
primary,Persuasive techniques,standard,votechoice,Vote choice,technique_neg_transfer,Technique: Negative transfer of association,TRUE,0.21225143240700123,0.9194204273574812,2020D-2018,0.23085350954952782,FALSE
primary,Persuasive techniques,standard,votechoice,Vote choice,technique_neg_transfer,Technique: Negative transfer of association,TRUE,0.2604442251356709,0.8530917497662843,2020P-2018,0.30529450695897953,FALSE
primary,Persuasive techniques,standard,votechoice,Vote choice,technique_neg_transfer,Technique: Negative transfer of association,TRUE,0.04819279272866965,0.4268667792368128,2020P-2020D,0.11289890680842544,FALSE
primary,Persuasive techniques,standard,votechoice,Vote choice,technique_neg_transfer,Technique: Negative transfer of association,TRUE,0.072177896251065,0.16003231910420407,Combined,0.4510207479032207,FALSE
primary,Persuasive techniques,standard,votechoice,Vote choice,technique_plain_folks,Technique: Plain folks,TRUE,-0.3229582771826648,0.9357837948033899,2020D-2018,-0.34512061330418636,FALSE
primary,Persuasive techniques,standard,votechoice,Vote choice,technique_plain_folks,Technique: Plain folks,TRUE,-0.9159918198634702,0.8552560800350406,2020P-2018,-1.071014683492155,FALSE
primary,Persuasive techniques,standard,votechoice,Vote choice,technique_plain_folks,Technique: Plain folks,TRUE,-0.5930335426808053,0.4639406172586878,2020P-2020D,-1.2782531225330005,FALSE
primary,Persuasive techniques,standard,votechoice,Vote choice,technique_plain_folks,Technique: Plain folks,TRUE,0.39750487574834015,0.16863462547833993,Combined,2.357196065877925,TRUE
primary,Persuasive techniques,standard,votechoice,Vote choice,technique_pos_name,Technique: Positive name-calling,TRUE,1.627617494262189,2.849734177297627,2020D-2018,0.571147129170357,FALSE
primary,Persuasive techniques,standard,votechoice,Vote choice,technique_pos_name,Technique: Positive name-calling,TRUE,2.0919882546117683,2.7883109356360256,2020P-2018,0.7502707922115497,FALSE
primary,Persuasive techniques,standard,votechoice,Vote choice,technique_pos_name,Technique: Positive name-calling,TRUE,0.46437076034957936,0.6746014468419154,2020P-2020D,0.6883631254031375,FALSE
primary,Persuasive techniques,standard,votechoice,Vote choice,technique_pos_name,Technique: Positive name-calling,TRUE,-0.0016433816923154877,0.21816130655541766,Combined,-0.007532874267500014,FALSE
primary,Persuasive techniques,standard,votechoice,Vote choice,technique_pos_testimonial,Technique: Positive testimonial,TRUE,1.5069784702505922,1.4063862270664111,2020D-2018,1.0715253329762813,FALSE
primary,Persuasive techniques,standard,votechoice,Vote choice,technique_pos_testimonial,Technique: Positive testimonial,TRUE,1.9473902355497932,1.3462147304111478,2020P-2018,1.4465673206198244,FALSE
primary,Persuasive techniques,standard,votechoice,Vote choice,technique_pos_testimonial,Technique: Positive testimonial,TRUE,0.440411765299201,0.4616727789034108,2020P-2020D,0.953947872658401,FALSE
primary,Persuasive techniques,standard,votechoice,Vote choice,technique_pos_testimonial,Technique: Positive testimonial,TRUE,0.08915673711281623,0.14443909119656817,Combined,0.6172618255502743,FALSE
primary,Persuasive techniques,standard,votechoice,Vote choice,technique_pos_transfer,Technique: Positive transfer of association,TRUE,0.12164404686893115,1.1473953030549224,2020D-2018,0.10601755693530882,FALSE
primary,Persuasive techniques,standard,votechoice,Vote choice,technique_pos_transfer,Technique: Positive transfer of association,TRUE,-0.8273664150495134,1.0666797188385406,2020P-2018,-0.7756465229791706,FALSE
primary,Persuasive techniques,standard,votechoice,Vote choice,technique_pos_transfer,Technique: Positive transfer of association,TRUE,-0.9490104619184445,0.4887118821183528,2020P-2020D,-1.941860831795,FALSE
primary,Persuasive techniques,standard,votechoice,Vote choice,technique_pos_transfer,Technique: Positive transfer of association,TRUE,0.18324717935626936,0.16022177057983455,Combined,1.143709613825306,FALSE
primary,Persuasive techniques,standard,votechoice_dichotomized,Vote choice (dichotomized),intercept,Intercept,FALSE,-0.002827451947710058,1.159794419096203,2020D-2018,-0.0024378906305769395,FALSE
primary,Persuasive techniques,standard,votechoice_dichotomized,Vote choice (dichotomized),intercept,Intercept,FALSE,-0.8895136272281687,1.0193220255401767,2020P-2018,-0.8726522187694142,FALSE
primary,Persuasive techniques,standard,votechoice_dichotomized,Vote choice (dichotomized),intercept,Intercept,FALSE,-0.8866861752804587,0.6312287040552031,2020P-2020D,-1.4046987559091022,FALSE
primary,Persuasive techniques,standard,votechoice_dichotomized,Vote choice (dichotomized),intercept,Intercept,FALSE,1.0444301858329896,0.1980138632756331,Combined,5.274530624046026,TRUE
primary,Persuasive techniques,standard,votechoice_dichotomized,Vote choice (dichotomized),race_levelGov,Race: Gov,FALSE,-0.31459668654711875,1.5002486587802137,Combined,-0.20969636247027443,FALSE
primary,Persuasive techniques,standard,votechoice_dichotomized,Vote choice (dichotomized),race_levelOther,Race: Other,FALSE,-0.8030591976214092,0.8398969410011591,Combined,-0.9561401624634575,FALSE
primary,Persuasive techniques,standard,votechoice_dichotomized,Vote choice (dichotomized),race_levelRunoff,Race: GA Runoff,FALSE,-1.2789264805339151,0.6681142332287805,Combined,-1.9142332507321034,FALSE
primary,Persuasive techniques,standard,votechoice_dichotomized,Vote choice (dichotomized),race_levelStateLeg,Race: StateLeg,FALSE,-3.000641994681144,3.045439446468613,2020D-2018,-0.9852903160365198,FALSE
primary,Persuasive techniques,standard,votechoice_dichotomized,Vote choice (dichotomized),race_levelStateLeg,Race: StateLeg,FALSE,-2.376359803230806,0.8705021257167653,Combined,-2.729872487415385,TRUE
primary,Persuasive techniques,standard,votechoice_dichotomized,Vote choice (dichotomized),technique_neg_name,Technique: Negative name-calling,TRUE,-1.2610781022752173,1.4024225208424046,2020D-2018,-0.8992140981290826,FALSE
primary,Persuasive techniques,standard,votechoice_dichotomized,Vote choice (dichotomized),technique_neg_name,Technique: Negative name-calling,TRUE,-0.744553239103586,1.2971314325221945,2020P-2018,-0.5739998433742729,FALSE
primary,Persuasive techniques,standard,votechoice_dichotomized,Vote choice (dichotomized),technique_neg_name,Technique: Negative name-calling,TRUE,0.5165248631716314,0.6960965832974615,2020P-2020D,0.7420304531948922,FALSE
primary,Persuasive techniques,standard,votechoice_dichotomized,Vote choice (dichotomized),technique_neg_name,Technique: Negative name-calling,TRUE,0.17382712692472208,0.2750545444447097,Combined,0.6319732956081519,FALSE
primary,Persuasive techniques,standard,votechoice_dichotomized,Vote choice (dichotomized),technique_neg_testimonial,Technique: Negative testimonial,TRUE,-0.4586548611875603,1.1473897893053548,2020D-2018,-0.39973761790684587,FALSE
primary,Persuasive techniques,standard,votechoice_dichotomized,Vote choice (dichotomized),technique_neg_testimonial,Technique: Negative testimonial,TRUE,-0.9330457589928627,1.0338543880363649,2020P-2018,-0.9024924300655419,FALSE
primary,Persuasive techniques,standard,votechoice_dichotomized,Vote choice (dichotomized),technique_neg_testimonial,Technique: Negative testimonial,TRUE,-0.47439089780530236,0.6153261471599898,2020P-2020D,-0.7709584583636373,FALSE
primary,Persuasive techniques,standard,votechoice_dichotomized,Vote choice (dichotomized),technique_neg_testimonial,Technique: Negative testimonial,TRUE,0.08623257775208854,0.22668865932347573,Combined,0.38040093408042114,FALSE
primary,Persuasive techniques,standard,votechoice_dichotomized,Vote choice (dichotomized),technique_neg_transfer,Technique: Negative transfer of association,TRUE,0.3031442552978794,1.1862258472308305,2020D-2018,0.2555535743935698,FALSE
primary,Persuasive techniques,standard,votechoice_dichotomized,Vote choice (dichotomized),technique_neg_transfer,Technique: Negative transfer of association,TRUE,0.39314602265204524,1.046364295779495,2020P-2018,0.3757257622778202,FALSE
primary,Persuasive techniques,standard,votechoice_dichotomized,Vote choice (dichotomized),technique_neg_transfer,Technique: Negative transfer of association,TRUE,0.09000176735416579,0.6930255659887491,2020P-2020D,0.12986788910991912,FALSE
primary,Persuasive techniques,standard,votechoice_dichotomized,Vote choice (dichotomized),technique_neg_transfer,Technique: Negative transfer of association,TRUE,-0.10386979442204185,0.2546965760969033,Combined,-0.4078177885772714,FALSE
primary,Persuasive techniques,standard,votechoice_dichotomized,Vote choice (dichotomized),technique_plain_folks,Technique: Plain folks,TRUE,0.33376513921862394,1.2199929671147236,2020D-2018,0.273579560059249,FALSE
primary,Persuasive techniques,standard,votechoice_dichotomized,Vote choice (dichotomized),technique_plain_folks,Technique: Plain folks,TRUE,-0.4056094229430781,1.0551318619476704,2020P-2018,-0.3844158607762661,FALSE
primary,Persuasive techniques,standard,votechoice_dichotomized,Vote choice (dichotomized),technique_plain_folks,Technique: Plain folks,TRUE,-0.739374562161702,0.7472780473572934,2020P-2020D,-0.9894236352539171,FALSE
primary,Persuasive techniques,standard,votechoice_dichotomized,Vote choice (dichotomized),technique_plain_folks,Technique: Plain folks,TRUE,0.7276556187908773,0.26697824344702853,Combined,2.725524032954589,TRUE
primary,Persuasive techniques,standard,votechoice_dichotomized,Vote choice (dichotomized),technique_pos_name,Technique: Positive name-calling,TRUE,2.7593090243411114,3.490923213628013,2020D-2018,0.7904238665488844,FALSE
primary,Persuasive techniques,standard,votechoice_dichotomized,Vote choice (dichotomized),technique_pos_name,Technique: Positive name-calling,TRUE,3.2656100155093344,3.35832755238598,2020P-2018,0.9723917529096371,FALSE
primary,Persuasive techniques,standard,votechoice_dichotomized,Vote choice (dichotomized),technique_pos_name,Technique: Positive name-calling,TRUE,0.5063009911682228,1.0920424983034942,2020P-2020D,0.463627552915541,FALSE
primary,Persuasive techniques,standard,votechoice_dichotomized,Vote choice (dichotomized),technique_pos_name,Technique: Positive name-calling,TRUE,0.13402098055070427,0.3519122672194009,Combined,0.38083634199414945,FALSE
primary,Persuasive techniques,standard,votechoice_dichotomized,Vote choice (dichotomized),technique_pos_testimonial,Technique: Positive testimonial,TRUE,2.3936899258852096,1.7451585429181276,2020D-2018,1.3716174588256347,FALSE
primary,Persuasive techniques,standard,votechoice_dichotomized,Vote choice (dichotomized),technique_pos_testimonial,Technique: Positive testimonial,TRUE,2.1959225002119354,1.6161682221755995,2020P-2018,1.3587214932712273,FALSE
primary,Persuasive techniques,standard,votechoice_dichotomized,Vote choice (dichotomized),technique_pos_testimonial,Technique: Positive testimonial,TRUE,-0.1977674256732742,0.7455841296625147,2020P-2020D,-0.26525165679531393,FALSE
primary,Persuasive techniques,standard,votechoice_dichotomized,Vote choice (dichotomized),technique_pos_testimonial,Technique: Positive testimonial,TRUE,0.06560681029792959,0.23085240336705737,Combined,0.2841937503835045,FALSE
primary,Persuasive techniques,standard,votechoice_dichotomized,Vote choice (dichotomized),technique_pos_transfer,Technique: Positive transfer of association,TRUE,-0.8122045143693534,1.4603302013083233,2020D-2018,-0.5561786735915561,FALSE
primary,Persuasive techniques,standard,votechoice_dichotomized,Vote choice (dichotomized),technique_pos_transfer,Technique: Positive transfer of association,TRUE,-1.8177149318311658,1.295530026771898,2020P-2018,-1.4030666169586266,FALSE
primary,Persuasive techniques,standard,votechoice_dichotomized,Vote choice (dichotomized),technique_pos_transfer,Technique: Positive transfer of association,TRUE,-1.0055104174618126,0.7812803177302237,2020P-2020D,-1.287003390003504,FALSE
primary,Persuasive techniques,standard,votechoice_dichotomized,Vote choice (dichotomized),technique_pos_transfer,Technique: Positive transfer of association,TRUE,0.13686797497780057,0.25561315249578204,Combined,0.5354496575838721,FALSE
primary,Persuasive techniques,study_fixed_effects,favorability,Favorability,intercept,Intercept,FALSE,2.6432469931338987,2.575768905700779,Combined,1.02619725988763,FALSE
primary,Persuasive techniques,study_fixed_effects,favorability,Favorability,study_idX08b80ae785a7,NA,FALSE,1.1347374563930512,3.8563858960018584,Combined,0.29424893851248135,FALSE
primary,Persuasive techniques,study_fixed_effects,favorability,Favorability,study_idX0c2b064a71c5,NA,FALSE,3.821165832203462,2.8657233508850632,Combined,1.3334035998357328,FALSE
primary,Persuasive techniques,study_fixed_effects,favorability,Favorability,study_idX0ca4a39fd242,NA,FALSE,-2.418228656551397,2.6641558998478994,Combined,-0.9076903707810257,FALSE
primary,Persuasive techniques,study_fixed_effects,favorability,Favorability,study_idX201e65ae9067,NA,FALSE,-2.587806374506466,3.8946412673554405,Combined,-0.6644530771543053,FALSE
primary,Persuasive techniques,study_fixed_effects,favorability,Favorability,study_idX3c2f80c20258,NA,FALSE,-7.590405536639993,3.435662120675375,Combined,-2.2092991889283597,TRUE
primary,Persuasive techniques,study_fixed_effects,favorability,Favorability,study_idX3f0cfe830de9,NA,FALSE,4.597952392110894,2.7615424153927215,Combined,1.6649943040824218,FALSE
primary,Persuasive techniques,study_fixed_effects,favorability,Favorability,study_idX43915f01925b,NA,FALSE,-2.3579273112435835,3.1049243887253217,Combined,-0.7594153724985212,FALSE
primary,Persuasive techniques,study_fixed_effects,favorability,Favorability,study_idX495cbb4fe018,NA,FALSE,5.850682884626391,7.4374297756604735,Combined,0.7866538657982591,FALSE
primary,Persuasive techniques,study_fixed_effects,favorability,Favorability,study_idX4d1542866d9e,NA,FALSE,0.2691058356620752,2.7063486340197764,Combined,0.09943502188865025,FALSE
primary,Persuasive techniques,study_fixed_effects,favorability,Favorability,study_idX52ae33d7915c,NA,FALSE,0.3799009454654717,3.705218155143159,Combined,0.1025313300211856,FALSE
primary,Persuasive techniques,study_fixed_effects,favorability,Favorability,study_idX5a248af8c0f1,NA,FALSE,0.5493960880900912,3.060451541549109,Combined,0.17951471560043172,FALSE
primary,Persuasive techniques,study_fixed_effects,favorability,Favorability,study_idX5bee0c849477,NA,FALSE,-2.3388320930227082,2.906886976542595,Combined,-0.8045830855812901,FALSE
primary,Persuasive techniques,study_fixed_effects,favorability,Favorability,study_idX5c1c1e604f1e,NA,FALSE,-1.2924016848852948,2.6595024573501855,Combined,-0.48595619128436096,FALSE
primary,Persuasive techniques,study_fixed_effects,favorability,Favorability,study_idX6725be1de97c,NA,FALSE,4.7444229597935506,3.656233892275426,Combined,1.297625671546111,FALSE
primary,Persuasive techniques,study_fixed_effects,favorability,Favorability,study_idX6dc1b2269d4d,NA,FALSE,-0.4493168812332082,3.578034940119908,Combined,-0.12557643755657416,FALSE
primary,Persuasive techniques,study_fixed_effects,favorability,Favorability,study_idX877266884b5c,NA,FALSE,-0.029574362769422897,3.2482404199128845,Combined,-0.0091047333159582,FALSE
primary,Persuasive techniques,study_fixed_effects,favorability,Favorability,study_idX96c94303546c,NA,FALSE,-0.7123426702823381,2.7829681117194554,Combined,-0.2559650853642795,FALSE
primary,Persuasive techniques,study_fixed_effects,favorability,Favorability,study_idX9b63b51005a1,NA,FALSE,5.3138910958113055,3.8722779911276364,Combined,1.3722907053643276,FALSE
primary,Persuasive techniques,study_fixed_effects,favorability,Favorability,study_idXb218652f3e19,NA,FALSE,-2.8075855474606706,3.0336041955989588,Combined,-0.9254950106984333,FALSE
primary,Persuasive techniques,study_fixed_effects,favorability,Favorability,study_idXbb1e5503bebf,NA,FALSE,-2.223301155644325,2.666876269856882,Combined,-0.8336724057181846,FALSE
primary,Persuasive techniques,study_fixed_effects,favorability,Favorability,study_idXbf86b7c37550,NA,FALSE,-0.27198425105753915,2.9620487958431063,Combined,-0.09182301501556546,FALSE
primary,Persuasive techniques,study_fixed_effects,favorability,Favorability,study_idXc03c2d306034,NA,FALSE,-0.14073038539213198,3.524247900484709,Combined,-0.03993203354757665,FALSE
primary,Persuasive techniques,study_fixed_effects,favorability,Favorability,study_idXc743e344bff5,NA,FALSE,-1.3244666646229049,2.6783487132168977,Combined,-0.49450867173756513,FALSE
primary,Persuasive techniques,study_fixed_effects,favorability,Favorability,study_idXcbca87b096bc,NA,FALSE,0.6469608960729303,3.9534168617862084,Combined,0.1636460101960066,FALSE
primary,Persuasive techniques,study_fixed_effects,favorability,Favorability,study_idXcd1c7907cdb8,NA,FALSE,-2.135260089893727,3.3302665308923256,Combined,-0.6411679275777354,FALSE
primary,Persuasive techniques,study_fixed_effects,favorability,Favorability,study_idXd0500f1294c1,NA,FALSE,-7.211488595635715,3.10661764023768,Combined,-2.3213312453488744,TRUE
primary,Persuasive techniques,study_fixed_effects,favorability,Favorability,study_idXd503139dae5a,NA,FALSE,-1.3141333406381823,3.4709968632947676,Combined,-0.3786040127362057,FALSE
primary,Persuasive techniques,study_fixed_effects,favorability,Favorability,study_idXd783f4c0b772,NA,FALSE,-2.5045717944372745,3.717097117665511,Combined,-0.6737977822893818,FALSE
primary,Persuasive techniques,study_fixed_effects,favorability,Favorability,study_idXe1243115280f,NA,FALSE,1.9948810600681854,3.383858853152347,Combined,0.5895284486259783,FALSE
primary,Persuasive techniques,study_fixed_effects,favorability,Favorability,study_idXf0130cfec75e,NA,FALSE,-3.961832719158145,3.1155192678380126,Combined,-1.2716444286051307,FALSE
primary,Persuasive techniques,study_fixed_effects,favorability,Favorability,study_idXf337919542ab,NA,FALSE,-1.4321183653843141,3.0538951074900966,Combined,-0.4689481187064505,FALSE
primary,Persuasive techniques,study_fixed_effects,favorability,Favorability,technique_neg_name,Technique: Negative name-calling,TRUE,0.2346743850783777,0.7619075798223985,Combined,0.3080089912389119,FALSE
primary,Persuasive techniques,study_fixed_effects,favorability,Favorability,technique_neg_testimonial,Technique: Negative testimonial,TRUE,1.0618928380064376,0.6896196778638004,Combined,1.5398238653743304,FALSE
primary,Persuasive techniques,study_fixed_effects,favorability,Favorability,technique_neg_transfer,Technique: Negative transfer of association,TRUE,0.8436839944776388,0.6701526196534022,Combined,1.2589430671986115,FALSE
primary,Persuasive techniques,study_fixed_effects,favorability,Favorability,technique_plain_folks,Technique: Plain folks,TRUE,0.4377874769826333,0.7355821889981083,Combined,0.595157799536877,FALSE
primary,Persuasive techniques,study_fixed_effects,favorability,Favorability,technique_pos_name,Technique: Positive name-calling,TRUE,-1.1674689632165458,1.9740362241725247,Combined,-0.5914121275590699,FALSE
primary,Persuasive techniques,study_fixed_effects,favorability,Favorability,technique_pos_testimonial,Technique: Positive testimonial,TRUE,-0.13979098686949795,1.04838296120095,Combined,-0.13333962115271666,FALSE
primary,Persuasive techniques,study_fixed_effects,favorability,Favorability,technique_pos_transfer,Technique: Positive transfer of association,TRUE,0.3070042844238889,0.7647353021272978,Combined,0.40145169651496615,FALSE
primary,Persuasive techniques,study_fixed_effects,votechoice,Vote choice,intercept,Intercept,FALSE,2.533383946855519,3.551521680227754,Combined,0.7133235201574377,FALSE
primary,Persuasive techniques,study_fixed_effects,votechoice,Vote choice,study_idX0ca4a39fd242,NA,FALSE,-2.2891164721594737,3.664129569644405,Combined,-0.6247367699886298,FALSE
primary,Persuasive techniques,study_fixed_effects,votechoice,Vote choice,study_idX201e65ae9067,NA,FALSE,1.8683776169545732,5.197422209828812,Combined,0.3594815932831657,FALSE
primary,Persuasive techniques,study_fixed_effects,votechoice,Vote choice,study_idX43915f01925b,NA,FALSE,-2.291961104228802,4.22157860028937,Combined,-0.5429156534173493,FALSE
primary,Persuasive techniques,study_fixed_effects,votechoice,Vote choice,study_idX4cd2c9923737,NA,FALSE,-5.438207834319054,3.8048472151702435,Combined,-1.4292841543377788,FALSE
primary,Persuasive techniques,study_fixed_effects,votechoice,Vote choice,study_idX4d1542866d9e,NA,FALSE,1.2897221093758005,3.698240479922208,Combined,0.3487393846824503,FALSE
primary,Persuasive techniques,study_fixed_effects,votechoice,Vote choice,study_idX5a248af8c0f1,NA,FALSE,1.3098509651870347,4.208592451015259,Combined,0.31123255112788434,FALSE
primary,Persuasive techniques,study_fixed_effects,votechoice,Vote choice,study_idX5bee0c849477,NA,FALSE,-2.096581704771306,3.964474646130836,Combined,-0.5288422532396526,FALSE
primary,Persuasive techniques,study_fixed_effects,votechoice,Vote choice,study_idX5c1c1e604f1e,NA,FALSE,-0.714324863251625,3.657358761110717,Combined,-0.1953116743282491,FALSE
primary,Persuasive techniques,study_fixed_effects,votechoice,Vote choice,study_idX6725be1de97c,NA,FALSE,3.6234062497360595,5.140640551869409,Combined,0.7048550104166293,FALSE
primary,Persuasive techniques,study_fixed_effects,votechoice,Vote choice,study_idX877266884b5c,NA,FALSE,-2.281899279453642,4.3942320763633145,Combined,-0.5192942110927723,FALSE
primary,Persuasive techniques,study_fixed_effects,votechoice,Vote choice,study_idXb218652f3e19,NA,FALSE,-7.726268035963546,4.214370015695483,Combined,-1.8333150642180873,FALSE
primary,Persuasive techniques,study_fixed_effects,votechoice,Vote choice,study_idXbb1e5503bebf,NA,FALSE,-1.8236236010863252,3.6388091461009022,Combined,-0.5011594529601517,FALSE
primary,Persuasive techniques,study_fixed_effects,votechoice,Vote choice,study_idXbf86b7c37550,NA,FALSE,-2.182917498726594,4.1373529609138275,Combined,-0.5276121035234198,FALSE
primary,Persuasive techniques,study_fixed_effects,votechoice,Vote choice,study_idXc03c2d306034,NA,FALSE,3.0245165022189138,4.761572344521273,Combined,0.6351928067834487,FALSE
primary,Persuasive techniques,study_fixed_effects,votechoice,Vote choice,study_idXc743e344bff5,NA,FALSE,-2.404269238752753,3.6771068219718055,Combined,-0.6538480808842784,FALSE
primary,Persuasive techniques,study_fixed_effects,votechoice,Vote choice,study_idXcbca87b096bc,NA,FALSE,2.2597499010865083,5.152147532532964,Combined,0.4386034923917525,FALSE
primary,Persuasive techniques,study_fixed_effects,votechoice,Vote choice,study_idXcd1c7907cdb8,NA,FALSE,-2.736352353331458,4.588302658013908,Combined,-0.5963757313507115,FALSE
primary,Persuasive techniques,study_fixed_effects,votechoice,Vote choice,study_idXd0500f1294c1,NA,FALSE,-7.904399074608968,4.272298178413881,Combined,-1.850151544793048,FALSE
primary,Persuasive techniques,study_fixed_effects,votechoice,Vote choice,study_idXd503139dae5a,NA,FALSE,-4.636885492078507,4.68646149851959,Combined,-0.9894214416448864,FALSE
primary,Persuasive techniques,study_fixed_effects,votechoice,Vote choice,study_idXf0130cfec75e,NA,FALSE,-5.070056158193639,4.261912809911836,Combined,-1.189619868900725,FALSE
primary,Persuasive techniques,study_fixed_effects,votechoice,Vote choice,study_idXf337919542ab,NA,FALSE,-3.889081897688307,4.1503596638558244,Combined,-0.9370469580159755,FALSE
primary,Persuasive techniques,study_fixed_effects,votechoice,Vote choice,technique_neg_name,Technique: Negative name-calling,TRUE,1.387228584386716,1.0086152871498835,Combined,1.3753792968047385,FALSE
primary,Persuasive techniques,study_fixed_effects,votechoice,Vote choice,technique_neg_testimonial,Technique: Negative testimonial,TRUE,0.21623220614801714,0.8325653587857507,Combined,0.25971799554977826,FALSE
primary,Persuasive techniques,study_fixed_effects,votechoice,Vote choice,technique_neg_transfer,Technique: Negative transfer of association,TRUE,1.0874423200377659,0.8455410620046353,Combined,1.2860904915245908,FALSE
primary,Persuasive techniques,study_fixed_effects,votechoice,Vote choice,technique_plain_folks,Technique: Plain folks,TRUE,1.4123594780290907,0.8594901738290187,Combined,1.643252617696658,FALSE
primary,Persuasive techniques,study_fixed_effects,votechoice,Vote choice,technique_pos_name,Technique: Positive name-calling,TRUE,-2.556394025611963,2.6827042519540223,Combined,-0.9529168277680785,FALSE
primary,Persuasive techniques,study_fixed_effects,votechoice,Vote choice,technique_pos_testimonial,Technique: Positive testimonial,TRUE,-0.9926942732674349,1.608726875731788,Combined,-0.6170682470981108,FALSE
primary,Persuasive techniques,study_fixed_effects,votechoice,Vote choice,technique_pos_transfer,Technique: Positive transfer of association,TRUE,2.1206553804523764,1.155771592088629,Combined,1.8348395089206835,FALSE
primary,Persuasive techniques,study_fixed_effects,votechoice_dichotomized,Vote choice (dichotomized),intercept,Intercept,FALSE,2.0323146013854365,4.497584074571658,Combined,0.4518680624283806,FALSE
primary,Persuasive techniques,study_fixed_effects,votechoice_dichotomized,Vote choice (dichotomized),study_idX0ca4a39fd242,NA,FALSE,-1.8818941203643917,4.633602959228036,Combined,-0.40614056424849954,FALSE
primary,Persuasive techniques,study_fixed_effects,votechoice_dichotomized,Vote choice (dichotomized),study_idX201e65ae9067,NA,FALSE,1.949390952610402,6.299967524162655,Combined,0.30942873040754293,FALSE
primary,Persuasive techniques,study_fixed_effects,votechoice_dichotomized,Vote choice (dichotomized),study_idX43915f01925b,NA,FALSE,-0.2900411877384208,5.3517568127089925,Combined,-0.05419550960343536,FALSE
primary,Persuasive techniques,study_fixed_effects,votechoice_dichotomized,Vote choice (dichotomized),study_idX4cd2c9923737,NA,FALSE,-5.455399319530192,4.817397996336946,Combined,-1.132436913802507,FALSE
primary,Persuasive techniques,study_fixed_effects,votechoice_dichotomized,Vote choice (dichotomized),study_idX4d1542866d9e,NA,FALSE,2.5886246807995783,4.662607791249731,Combined,0.5551881686590976,FALSE
primary,Persuasive techniques,study_fixed_effects,votechoice_dichotomized,Vote choice (dichotomized),study_idX5a248af8c0f1,NA,FALSE,4.0027526663767254,5.296080967094684,Combined,0.7557952174912743,FALSE
primary,Persuasive techniques,study_fixed_effects,votechoice_dichotomized,Vote choice (dichotomized),study_idX5bee0c849477,NA,FALSE,-1.7975469783914684,5.036441364192413,Combined,-0.35690815169049483,FALSE
primary,Persuasive techniques,study_fixed_effects,votechoice_dichotomized,Vote choice (dichotomized),study_idX5c1c1e604f1e,NA,FALSE,0.25403154140695633,4.6246093195548745,Combined,0.054930378731193504,FALSE
primary,Persuasive techniques,study_fixed_effects,votechoice_dichotomized,Vote choice (dichotomized),study_idX6725be1de97c,NA,FALSE,5.934882055026516,6.3159644425554315,Combined,0.9396636268308802,FALSE
primary,Persuasive techniques,study_fixed_effects,votechoice_dichotomized,Vote choice (dichotomized),study_idX877266884b5c,NA,FALSE,-1.5729639502195918,5.411244265179916,Combined,-0.29068433675065175,FALSE
primary,Persuasive techniques,study_fixed_effects,votechoice_dichotomized,Vote choice (dichotomized),study_idXb218652f3e19,NA,FALSE,-7.626859528536939,5.194567771847977,Combined,-1.468237563454422,FALSE
primary,Persuasive techniques,study_fixed_effects,votechoice_dichotomized,Vote choice (dichotomized),study_idXbb1e5503bebf,NA,FALSE,-0.964986103191971,4.594971186721191,Combined,-0.21000917393794388,FALSE
primary,Persuasive techniques,study_fixed_effects,votechoice_dichotomized,Vote choice (dichotomized),study_idXbf86b7c37550,NA,FALSE,-0.19529771640884835,5.183212236336895,Combined,-0.03767889631061492,FALSE
primary,Persuasive techniques,study_fixed_effects,votechoice_dichotomized,Vote choice (dichotomized),study_idXc03c2d306034,NA,FALSE,5.4759640925573585,6.042586001462518,Combined,0.9062285735332493,FALSE
primary,Persuasive techniques,study_fixed_effects,votechoice_dichotomized,Vote choice (dichotomized),study_idXc743e344bff5,NA,FALSE,-2.471230839935398,4.644009452699946,Combined,-0.5321330339882637,FALSE
primary,Persuasive techniques,study_fixed_effects,votechoice_dichotomized,Vote choice (dichotomized),study_idXcbca87b096bc,NA,FALSE,5.598809408042211,6.288336939237274,Combined,0.8903481893769679,FALSE
primary,Persuasive techniques,study_fixed_effects,votechoice_dichotomized,Vote choice (dichotomized),study_idXcd1c7907cdb8,NA,FALSE,-0.30162362095780226,5.722604727617704,Combined,-0.05270740079288455,FALSE
primary,Persuasive techniques,study_fixed_effects,votechoice_dichotomized,Vote choice (dichotomized),study_idXd0500f1294c1,NA,FALSE,-7.757373450838965,5.348135978231278,Combined,-1.450481715950024,FALSE
primary,Persuasive techniques,study_fixed_effects,votechoice_dichotomized,Vote choice (dichotomized),study_idXd503139dae5a,NA,FALSE,-5.4236214869826584,5.7542469054591106,Combined,-0.9425423649856275,FALSE
primary,Persuasive techniques,study_fixed_effects,votechoice_dichotomized,Vote choice (dichotomized),study_idXf0130cfec75e,NA,FALSE,-4.81514907733349,5.2761672050714425,Combined,-0.9126225326417209,FALSE
primary,Persuasive techniques,study_fixed_effects,votechoice_dichotomized,Vote choice (dichotomized),study_idXf337919542ab,NA,FALSE,-3.8154231134671934,5.181182402338012,Combined,-0.7364000757328059,FALSE
primary,Persuasive techniques,study_fixed_effects,votechoice_dichotomized,Vote choice (dichotomized),technique_neg_name,Technique: Negative name-calling,TRUE,1.5860482269016585,1.1988934447040307,Combined,1.3229267654334402,FALSE
primary,Persuasive techniques,study_fixed_effects,votechoice_dichotomized,Vote choice (dichotomized),technique_neg_testimonial,Technique: Negative testimonial,TRUE,-0.18571088397981222,0.9935066071711254,Combined,-0.18692465922154122,FALSE
primary,Persuasive techniques,study_fixed_effects,votechoice_dichotomized,Vote choice (dichotomized),technique_neg_transfer,Technique: Negative transfer of association,TRUE,1.147548224374626,1.0073948657487117,Combined,1.1391245512470922,FALSE
primary,Persuasive techniques,study_fixed_effects,votechoice_dichotomized,Vote choice (dichotomized),technique_plain_folks,Technique: Plain folks,TRUE,1.4262196966445455,1.0367066802862233,Combined,1.375721526411677,FALSE
primary,Persuasive techniques,study_fixed_effects,votechoice_dichotomized,Vote choice (dichotomized),technique_pos_name,Technique: Positive name-calling,TRUE,-3.545768641139636,3.2051898146407924,Combined,-1.1062585513479215,FALSE
primary,Persuasive techniques,study_fixed_effects,votechoice_dichotomized,Vote choice (dichotomized),technique_pos_testimonial,Technique: Positive testimonial,TRUE,-1.1685928160109085,1.9293910673291141,Combined,-0.6056796031654742,FALSE
primary,Persuasive techniques,study_fixed_effects,votechoice_dichotomized,Vote choice (dichotomized),technique_pos_transfer,Technique: Positive transfer of association,TRUE,3.192223992198291,1.3786020779587747,Combined,2.3155514148976573,TRUE
primary,Persuasive techniques,study_random_effects,favorability,Favorability,intercept,Intercept,FALSE,1.9766935500848353,0.7542017457128369,Combined,2.6209082136458797,TRUE
primary,Persuasive techniques,study_random_effects,favorability,Favorability,technique_neg_name,Technique: Negative name-calling,TRUE,0.2836806504593843,0.740399974466797,Combined,0.383145138090636,FALSE
primary,Persuasive techniques,study_random_effects,favorability,Favorability,technique_neg_testimonial,Technique: Negative testimonial,TRUE,1.0848740730510311,0.6591247942013133,Combined,1.6459312145367169,FALSE
primary,Persuasive techniques,study_random_effects,favorability,Favorability,technique_neg_transfer,Technique: Negative transfer of association,TRUE,0.5657653298556662,0.6424992605659731,Combined,0.880569620200477,FALSE
primary,Persuasive techniques,study_random_effects,favorability,Favorability,technique_plain_folks,Technique: Plain folks,TRUE,0.2922817616468052,0.6983427596105027,Combined,0.41853625261300614,FALSE
primary,Persuasive techniques,study_random_effects,favorability,Favorability,technique_pos_name,Technique: Positive name-calling,TRUE,-0.09482527741137135,1.8466457153406857,Combined,-0.05135001079179779,FALSE
primary,Persuasive techniques,study_random_effects,favorability,Favorability,technique_pos_testimonial,Technique: Positive testimonial,TRUE,0.2941857189805826,0.9580122846047425,Combined,0.3070792762349159,FALSE
primary,Persuasive techniques,study_random_effects,favorability,Favorability,technique_pos_transfer,Technique: Positive transfer of association,TRUE,0.18522511387589416,0.7324764848308668,Combined,0.25287516761533135,FALSE
primary,Persuasive techniques,study_random_effects,votechoice,Vote choice,intercept,Intercept,FALSE,0.8640277323594082,0.9260319923559802,Combined,0.9330430692369247,FALSE
primary,Persuasive techniques,study_random_effects,votechoice,Vote choice,technique_neg_name,Technique: Negative name-calling,TRUE,1.0758928376158148,0.9898659245733001,Combined,1.086907641638031,FALSE
primary,Persuasive techniques,study_random_effects,votechoice,Vote choice,technique_neg_testimonial,Technique: Negative testimonial,TRUE,0.5223254051113189,0.7952193882943036,Combined,0.6568318288009483,FALSE
primary,Persuasive techniques,study_random_effects,votechoice,Vote choice,technique_neg_transfer,Technique: Negative transfer of association,TRUE,0.4965037559530898,0.8113053105187675,Combined,0.6119813953092624,FALSE
primary,Persuasive techniques,study_random_effects,votechoice,Vote choice,technique_plain_folks,Technique: Plain folks,TRUE,1.2547076736425145,0.8148346064424816,Combined,1.5398311064873544,FALSE
primary,Persuasive techniques,study_random_effects,votechoice,Vote choice,technique_pos_name,Technique: Positive name-calling,TRUE,-1.8986923211765407,2.636717856499826,Combined,-0.7200968873086045,FALSE
primary,Persuasive techniques,study_random_effects,votechoice,Vote choice,technique_pos_testimonial,Technique: Positive testimonial,TRUE,-1.5110249497205037,1.381433698179607,Combined,-1.093809244491188,FALSE
primary,Persuasive techniques,study_random_effects,votechoice,Vote choice,technique_pos_transfer,Technique: Positive transfer of association,TRUE,1.468159942402152,1.0681364677756273,Combined,1.374505961265011,FALSE
primary,Persuasive techniques,study_random_effects,votechoice_dichotomized,Vote choice (dichotomized),intercept,Intercept,FALSE,1.2287105722252107,1.125477831271506,Combined,1.0917234778734628,FALSE
primary,Persuasive techniques,study_random_effects,votechoice_dichotomized,Vote choice (dichotomized),technique_neg_name,Technique: Negative name-calling,TRUE,1.207315583739916,1.1766755181523483,Combined,1.0260395199142749,FALSE
primary,Persuasive techniques,study_random_effects,votechoice_dichotomized,Vote choice (dichotomized),technique_neg_testimonial,Technique: Negative testimonial,TRUE,0.2793409202478269,0.9523851913647545,Combined,0.29330666077192497,FALSE
primary,Persuasive techniques,study_random_effects,votechoice_dichotomized,Vote choice (dichotomized),technique_neg_transfer,Technique: Negative transfer of association,TRUE,0.4676128041952603,0.9697025023297703,Combined,0.4822229529900063,FALSE
primary,Persuasive techniques,study_random_effects,votechoice_dichotomized,Vote choice (dichotomized),technique_plain_folks,Technique: Plain folks,TRUE,1.15683061184652,0.985383716306045,Combined,1.1739899824843727,FALSE
primary,Persuasive techniques,study_random_effects,votechoice_dichotomized,Vote choice (dichotomized),technique_pos_name,Technique: Positive name-calling,TRUE,-2.771273049721319,3.1503989417206366,Combined,-0.879657815085396,FALSE
primary,Persuasive techniques,study_random_effects,votechoice_dichotomized,Vote choice (dichotomized),technique_pos_testimonial,Technique: Positive testimonial,TRUE,-1.7650380975295552,1.6651028407513078,Combined,-1.0600174681902266,FALSE
primary,Persuasive techniques,study_random_effects,votechoice_dichotomized,Vote choice (dichotomized),technique_pos_transfer,Technique: Positive transfer of association,TRUE,2.547126188544951,1.2794932682398241,Combined,1.9907304335012148,TRUE
primary,Primary focus,standard,favorability,Favorability,intercept,Intercept,FALSE,2.4715704111170336,0.963436285599267,2020D-2018,2.5653698620866163,TRUE
primary,Primary focus,standard,favorability,Favorability,intercept,Intercept,FALSE,0.8002762784907581,0.7296182727942737,2020P-2018,1.0968424288852856,FALSE
primary,Primary focus,standard,favorability,Favorability,intercept,Intercept,FALSE,-1.6712941326262756,0.6861193921377235,2020P-2020D,-2.4358648826687,TRUE
primary,Primary focus,standard,favorability,Favorability,intercept,Intercept,FALSE,0.8494406938928684,0.17950940439615037,Combined,4.732012212676501,TRUE
primary,Primary focus,standard,favorability,Favorability,primary_focus_candidate,Primary focus: Candidate,TRUE,-1.5088950902841036,0.8895184975348663,2020D-2018,-1.6963054669079096,FALSE
primary,Primary focus,standard,favorability,Favorability,primary_focus_candidate,Primary focus: Candidate,TRUE,-2.0392662186035095,0.7573567046952656,2020P-2018,-2.6926099761987854,TRUE
primary,Primary focus,standard,favorability,Favorability,primary_focus_candidate,Primary focus: Candidate,TRUE,-0.5303711283194057,0.5306480085634023,2020P-2020D,-0.9994782224006715,FALSE
primary,Primary focus,standard,favorability,Favorability,primary_focus_candidate,Primary focus: Candidate,TRUE,0.05615373337046232,0.16409995237106342,Combined,0.3421922587977801,FALSE
primary,Primary focus,standard,favorability,Favorability,primary_focus_issues,Primary focus: Issues,TRUE,-3.4617669066009467,0.9412327996935007,2020D-2018,-3.677907216714316,TRUE
primary,Primary focus,standard,favorability,Favorability,primary_focus_issues,Primary focus: Issues,TRUE,-2.0279204125157935,0.7388317365838456,2020P-2018,-2.744766246631931,TRUE
primary,Primary focus,standard,favorability,Favorability,primary_focus_issues,Primary focus: Issues,TRUE,1.4338464940851534,0.6296109034467682,2020P-2020D,2.277353340349801,TRUE
primary,Primary focus,standard,favorability,Favorability,primary_focus_issues,Primary focus: Issues,TRUE,0.46207751197222313,0.1578544131283866,Combined,2.9272384776243467,TRUE
primary,Primary focus,standard,favorability,Favorability,race_levelGov,Race: Gov,FALSE,1.6138037393521547,0.6896490597302678,Combined,2.34003616271635,TRUE
primary,Primary focus,standard,favorability,Favorability,race_levelOther,Race: Other,FALSE,-1.1604750436873323,0.5466345229785708,Combined,-2.122945029823565,TRUE
primary,Primary focus,standard,favorability,Favorability,race_levelStateLeg,Race: StateLeg,FALSE,-1.4076259494799308,1.0554113504214795,2020D-2018,-1.3337225802221988,FALSE
primary,Primary focus,standard,favorability,Favorability,race_levelStateLeg,Race: StateLeg,FALSE,-0.9586787485400575,0.407042360628609,Combined,-2.3552309078090503,TRUE
primary,Primary focus,standard,votechoice,Vote choice,intercept,Intercept,FALSE,1.2821123082009733,1.0004170283712264,2020D-2018,1.2815778538759717,FALSE
primary,Primary focus,standard,votechoice,Vote choice,intercept,Intercept,FALSE,0.1623902070628841,0.8757653714871765,2020P-2018,0.18542661350850398,FALSE
primary,Primary focus,standard,votechoice,Vote choice,intercept,Intercept,FALSE,-1.1197221011380891,0.545726845218734,2020P-2020D,-2.0517995604363035,TRUE
primary,Primary focus,standard,votechoice,Vote choice,intercept,Intercept,FALSE,1.1007611809417075,0.16575449356321448,Combined,6.640913059300595,TRUE
primary,Primary focus,standard,votechoice,Vote choice,primary_focus_candidate,Primary focus: Candidate,TRUE,-0.40808154958155374,1.011535726726553,2020D-2018,-0.4034277176765204,FALSE
primary,Primary focus,standard,votechoice,Vote choice,primary_focus_candidate,Primary focus: Candidate,TRUE,-0.6198067723561432,0.9495355937953115,2020P-2018,-0.6527472760434013,FALSE
primary,Primary focus,standard,votechoice,Vote choice,primary_focus_candidate,Primary focus: Candidate,TRUE,-0.21172522277458944,0.41840115267269024,2020P-2020D,-0.5060340331811163,FALSE
primary,Primary focus,standard,votechoice,Vote choice,primary_focus_candidate,Primary focus: Candidate,TRUE,-0.11963557493681916,0.1485977378828375,Combined,-0.8050968786021919,FALSE
primary,Primary focus,standard,votechoice,Vote choice,primary_focus_issues,Primary focus: Issues,TRUE,-2.713581206797837,0.9700219813810066,2020D-2018,-2.797443005296179,TRUE
primary,Primary focus,standard,votechoice,Vote choice,primary_focus_issues,Primary focus: Issues,TRUE,-2.3226365287214157,0.885188234101359,2020P-2018,-2.623889969662047,TRUE
primary,Primary focus,standard,votechoice,Vote choice,primary_focus_issues,Primary focus: Issues,TRUE,0.39094467807642164,0.4523701562187471,2020P-2020D,0.8642141235492495,FALSE
primary,Primary focus,standard,votechoice,Vote choice,primary_focus_issues,Primary focus: Issues,TRUE,-0.0656942331792968,0.142617824003566,Combined,-0.46063129653173074,FALSE
primary,Primary focus,standard,votechoice,Vote choice,race_levelGov,Race: Gov,FALSE,-0.6785311427963159,1.1703950973712538,Combined,-0.5797453734386955,FALSE
primary,Primary focus,standard,votechoice,Vote choice,race_levelOther,Race: Other,FALSE,-0.5323753723306008,0.5363448984804015,Combined,-0.9925989299776183,FALSE
primary,Primary focus,standard,votechoice,Vote choice,race_levelRunoff,Race: GA Runoff,FALSE,-0.8868774360167054,0.4123250815385424,Combined,-2.1509179909876615,TRUE
primary,Primary focus,standard,votechoice,Vote choice,race_levelStateLeg,Race: StateLeg,FALSE,-1.7560097064681202,2.2574074317228594,2020D-2018,-0.7778878025257181,FALSE
primary,Primary focus,standard,votechoice,Vote choice,race_levelStateLeg,Race: StateLeg,FALSE,-1.7710852709825378,0.5005572272086872,Combined,-3.538227348866456,TRUE
primary,Primary focus,standard,votechoice_dichotomized,Vote choice (dichotomized),intercept,Intercept,FALSE,1.3733108144785342,1.3107552752563956,2020D-2018,1.047724804471912,FALSE
primary,Primary focus,standard,votechoice_dichotomized,Vote choice (dichotomized),intercept,Intercept,FALSE,0.485847107906759,1.0649486014466576,2020P-2018,0.456216485233907,FALSE
primary,Primary focus,standard,votechoice_dichotomized,Vote choice (dichotomized),intercept,Intercept,FALSE,-0.8874637065717752,0.8683702189809172,2020P-2020D,-1.0219877273235665,FALSE
primary,Primary focus,standard,votechoice_dichotomized,Vote choice (dichotomized),intercept,Intercept,FALSE,1.2311384610996698,0.2653206114249161,Combined,4.640191557255149,TRUE
primary,Primary focus,standard,votechoice_dichotomized,Vote choice (dichotomized),primary_focus_candidate,Primary focus: Candidate,TRUE,-0.18170576748337086,1.2669695224796589,2020D-2018,-0.14341763101589378,FALSE
primary,Primary focus,standard,votechoice_dichotomized,Vote choice (dichotomized),primary_focus_candidate,Primary focus: Candidate,TRUE,-0.9132474078329837,1.142653744433933,2020P-2018,-0.7992337243732601,FALSE
primary,Primary focus,standard,votechoice_dichotomized,Vote choice (dichotomized),primary_focus_candidate,Primary focus: Candidate,TRUE,-0.7315416403496129,0.6637894307194661,2020P-2020D,-1.102068828599322,FALSE
primary,Primary focus,standard,votechoice_dichotomized,Vote choice (dichotomized),primary_focus_candidate,Primary focus: Candidate,TRUE,0.00549681228082795,0.2377594954715292,Combined,0.023119212420629368,FALSE
primary,Primary focus,standard,votechoice_dichotomized,Vote choice (dichotomized),primary_focus_issues,Primary focus: Issues,TRUE,-2.902430229421197,1.2341328647022036,2020D-2018,-2.3517972111710628,TRUE
primary,Primary focus,standard,votechoice_dichotomized,Vote choice (dichotomized),primary_focus_issues,Primary focus: Issues,TRUE,-2.833163185194249,1.0637955088422293,2020P-2018,-2.6632592087906937,TRUE
primary,Primary focus,standard,votechoice_dichotomized,Vote choice (dichotomized),primary_focus_issues,Primary focus: Issues,TRUE,0.06926704422694806,0.718206785508033,2020P-2020D,0.09644443024574198,FALSE
primary,Primary focus,standard,votechoice_dichotomized,Vote choice (dichotomized),primary_focus_issues,Primary focus: Issues,TRUE,0.10094241882448221,0.22811697680596035,Combined,0.4425028782945222,FALSE
primary,Primary focus,standard,votechoice_dichotomized,Vote choice (dichotomized),race_levelGov,Race: Gov,FALSE,-0.3712173564024674,1.424049537784591,Combined,-0.2606772774070586,FALSE
primary,Primary focus,standard,votechoice_dichotomized,Vote choice (dichotomized),race_levelOther,Race: Other,FALSE,-0.1588451946738079,0.7846055355502738,Combined,-0.20245229924665736,FALSE
primary,Primary focus,standard,votechoice_dichotomized,Vote choice (dichotomized),race_levelRunoff,Race: GA Runoff,FALSE,-1.155967734969468,0.6633603622229733,Combined,-1.7425939214934822,FALSE
primary,Primary focus,standard,votechoice_dichotomized,Vote choice (dichotomized),race_levelStateLeg,Race: StateLeg,FALSE,-3.613914677344601,2.930983504722648,2020D-2018,-1.2330040996551352,FALSE
primary,Primary focus,standard,votechoice_dichotomized,Vote choice (dichotomized),race_levelStateLeg,Race: StateLeg,FALSE,-2.4730346262896186,0.8383096541490715,Combined,-2.950025225225253,TRUE
primary,Primary focus,study_fixed_effects,favorability,Favorability,intercept,Intercept,FALSE,1.5704375687344867,2.6200923502151214,Combined,0.5993825250493734,FALSE
primary,Primary focus,study_fixed_effects,favorability,Favorability,primary_focus_candidate,Primary focus: Candidate,TRUE,0.5241566233102076,0.7860390903155262,Combined,0.6668327692199181,FALSE
primary,Primary focus,study_fixed_effects,favorability,Favorability,primary_focus_issues,Primary focus: Issues,TRUE,1.2208318604733472,0.7082115302920085,Combined,1.7238237563994139,FALSE
primary,Primary focus,study_fixed_effects,favorability,Favorability,study_idX08b80ae785a7,NA,FALSE,2.8084715091349493,3.7721712457844045,Combined,0.7445238633515275,FALSE
primary,Primary focus,study_fixed_effects,favorability,Favorability,study_idX0c2b064a71c5,NA,FALSE,3.400790332461687,2.744093347686057,Combined,1.239312917444804,FALSE
primary,Primary focus,study_fixed_effects,favorability,Favorability,study_idX0ca4a39fd242,NA,FALSE,-1.675765587947471,2.6099370851157153,Combined,-0.6420712581557013,FALSE
primary,Primary focus,study_fixed_effects,favorability,Favorability,study_idX201e65ae9067,NA,FALSE,-2.425952674229299,3.8376634024868896,Combined,-0.6321431610331507,FALSE
primary,Primary focus,study_fixed_effects,favorability,Favorability,study_idX3c2f80c20258,NA,FALSE,-5.888377201716276,3.3574454048667843,Combined,-1.7538266424766817,FALSE
primary,Primary focus,study_fixed_effects,favorability,Favorability,study_idX3f0cfe830de9,NA,FALSE,4.748529948793771,2.7051227162391345,Combined,1.7553843011586312,FALSE
primary,Primary focus,study_fixed_effects,favorability,Favorability,study_idX43915f01925b,NA,FALSE,-0.3723890510953312,2.9667651949027296,Combined,-0.12552023049722363,FALSE
primary,Primary focus,study_fixed_effects,favorability,Favorability,study_idX495cbb4fe018,NA,FALSE,6.250780860746762,7.422710682465379,Combined,0.8421156539905214,FALSE
primary,Primary focus,study_fixed_effects,favorability,Favorability,study_idX4d1542866d9e,NA,FALSE,1.6407822483749994,2.6250595149239793,Combined,0.6250457328859897,FALSE
primary,Primary focus,study_fixed_effects,favorability,Favorability,study_idX52ae33d7915c,NA,FALSE,1.4237687226988152,3.690994246191911,Combined,0.3857412468653269,FALSE
primary,Primary focus,study_fixed_effects,favorability,Favorability,study_idX5a248af8c0f1,NA,FALSE,2.013861809152323,2.941966232028308,Combined,0.6845292060894549,FALSE
primary,Primary focus,study_fixed_effects,favorability,Favorability,study_idX5bee0c849477,NA,FALSE,-0.9600238646485089,2.8347700942188476,Combined,-0.33866022031428766,FALSE
primary,Primary focus,study_fixed_effects,favorability,Favorability,study_idX5c1c1e604f1e,NA,FALSE,-0.08628532802446938,2.5973960174014623,Combined,-0.03321993544549769,FALSE
primary,Primary focus,study_fixed_effects,favorability,Favorability,study_idX6725be1de97c,NA,FALSE,4.9636854682704135,3.6166411641136946,Combined,1.3724572726547588,FALSE
primary,Primary focus,study_fixed_effects,favorability,Favorability,study_idX6dc1b2269d4d,NA,FALSE,0.770116197751021,3.490267346368422,Combined,0.22064676465323407,FALSE
primary,Primary focus,study_fixed_effects,favorability,Favorability,study_idX877266884b5c,NA,FALSE,0.5963816924375529,3.0448264020071387,Combined,0.19586722318369948,FALSE
primary,Primary focus,study_fixed_effects,favorability,Favorability,study_idX96c94303546c,NA,FALSE,-0.08162748517365019,2.7213009251058606,Combined,-0.029995758433248178,FALSE
primary,Primary focus,study_fixed_effects,favorability,Favorability,study_idX9b63b51005a1,NA,FALSE,6.316490852379243,3.7992872161978837,Combined,1.6625462864322316,FALSE
primary,Primary focus,study_fixed_effects,favorability,Favorability,study_idXb218652f3e19,NA,FALSE,-2.335330626520754,3.000967132007386,Combined,-0.7781926704937354,FALSE
primary,Primary focus,study_fixed_effects,favorability,Favorability,study_idXbb1e5503bebf,NA,FALSE,-1.1563265021060274,2.598135520553312,Combined,-0.4450601182881216,FALSE
primary,Primary focus,study_fixed_effects,favorability,Favorability,study_idXbf86b7c37550,NA,FALSE,0.06690886845105298,2.811735459690452,Combined,0.02379628859480937,FALSE
primary,Primary focus,study_fixed_effects,favorability,Favorability,study_idXc03c2d306034,NA,FALSE,0.9077786047379528,3.4116192268119434,Combined,0.2660843852689401,FALSE
primary,Primary focus,study_fixed_effects,favorability,Favorability,study_idXc743e344bff5,NA,FALSE,-0.17016810341804003,2.5982542544881273,Combined,-0.06549324536815364,FALSE
primary,Primary focus,study_fixed_effects,favorability,Favorability,study_idXcbca87b096bc,NA,FALSE,1.0215963963635177,3.8919625886205633,Combined,0.2624887503673575,FALSE
primary,Primary focus,study_fixed_effects,favorability,Favorability,study_idXcd1c7907cdb8,NA,FALSE,-2.06951337361411,3.3119150202371785,Combined,-0.6248691047229541,FALSE
primary,Primary focus,study_fixed_effects,favorability,Favorability,study_idXd0500f1294c1,NA,FALSE,-5.793006924762848,3.014185115109959,Combined,-1.9219147807886101,FALSE
primary,Primary focus,study_fixed_effects,favorability,Favorability,study_idXd503139dae5a,NA,FALSE,-0.6258962891779116,3.3354124165388104,Combined,-0.18765184361441284,FALSE
primary,Primary focus,study_fixed_effects,favorability,Favorability,study_idXd783f4c0b772,NA,FALSE,-1.2020707910747044,3.635887616852459,Combined,-0.3306127465279913,FALSE
primary,Primary focus,study_fixed_effects,favorability,Favorability,study_idXe1243115280f,NA,FALSE,2.9221443147547626,3.29628252271135,Combined,0.8864969233132235,FALSE
primary,Primary focus,study_fixed_effects,favorability,Favorability,study_idXf0130cfec75e,NA,FALSE,-2.576683699359312,3.0058536806389715,Combined,-0.8572219319775977,FALSE
primary,Primary focus,study_fixed_effects,favorability,Favorability,study_idXf337919542ab,NA,FALSE,-0.94853383083925,2.8575667770828894,Combined,-0.3319375905565184,FALSE
primary,Primary focus,study_fixed_effects,votechoice,Vote choice,intercept,Intercept,FALSE,0.855668032919868,3.5814363366378834,Combined,0.23891756057937824,FALSE
primary,Primary focus,study_fixed_effects,votechoice,Vote choice,primary_focus_candidate,Primary focus: Candidate,TRUE,1.5011449708156457,0.9451669677155254,Combined,1.5882325791007303,FALSE
primary,Primary focus,study_fixed_effects,votechoice,Vote choice,primary_focus_issues,Primary focus: Issues,TRUE,2.496318704941207,0.8699900706768133,Combined,2.869364592861597,TRUE
primary,Primary focus,study_fixed_effects,votechoice,Vote choice,study_idX0ca4a39fd242,NA,FALSE,-1.1345796537742954,3.5905219863000144,Combined,-0.31599295537066596,FALSE
primary,Primary focus,study_fixed_effects,votechoice,Vote choice,study_idX201e65ae9067,NA,FALSE,2.175635211778824,5.115513769838562,Combined,0.42530140855186943,FALSE
primary,Primary focus,study_fixed_effects,votechoice,Vote choice,study_idX43915f01925b,NA,FALSE,-0.8226391457957715,4.064516365998375,Combined,-0.20239533359430945,FALSE
primary,Primary focus,study_fixed_effects,votechoice,Vote choice,study_idX4cd2c9923737,NA,FALSE,-3.143198774031102,3.718105679717448,Combined,-0.8453763945380822,FALSE
primary,Primary focus,study_fixed_effects,votechoice,Vote choice,study_idX4d1542866d9e,NA,FALSE,2.689746989503867,3.5999974769416596,Combined,0.7471524651703126,FALSE
primary,Primary focus,study_fixed_effects,votechoice,Vote choice,study_idX5a248af8c0f1,NA,FALSE,2.2914131598781973,4.061591578967004,Combined,0.5641663164125869,FALSE
primary,Primary focus,study_fixed_effects,votechoice,Vote choice,study_idX5bee0c849477,NA,FALSE,0.5165710381968274,3.8749662853825164,Combined,0.1333098148867724,FALSE
primary,Primary focus,study_fixed_effects,votechoice,Vote choice,study_idX5c1c1e604f1e,NA,FALSE,0.5165111337985427,3.5780140110282757,Combined,0.14435693437938887,FALSE
primary,Primary focus,study_fixed_effects,votechoice,Vote choice,study_idX6725be1de97c,NA,FALSE,3.187620781067533,5.0891783954755345,Combined,0.6263527299222689,FALSE
primary,Primary focus,study_fixed_effects,votechoice,Vote choice,study_idX877266884b5c,NA,FALSE,-2.0067168519688856,4.1015562117014746,Combined,-0.4892574302026758,FALSE
primary,Primary focus,study_fixed_effects,votechoice,Vote choice,study_idXb218652f3e19,NA,FALSE,-7.930360921113919,4.173327882597072,Combined,-1.9002487089940403,FALSE
primary,Primary focus,study_fixed_effects,votechoice,Vote choice,study_idXbb1e5503bebf,NA,FALSE,-0.678170580980102,3.5498842716373544,Combined,-0.19104019429548938,FALSE
primary,Primary focus,study_fixed_effects,votechoice,Vote choice,study_idXbf86b7c37550,NA,FALSE,-1.27104363234396,3.935116939127833,Combined,-0.3230002188005295,FALSE
primary,Primary focus,study_fixed_effects,votechoice,Vote choice,study_idXc03c2d306034,NA,FALSE,3.72777968587113,4.624020376343184,Combined,0.8061771753737754,FALSE
primary,Primary focus,study_fixed_effects,votechoice,Vote choice,study_idXc743e344bff5,NA,FALSE,-0.9696930972642888,3.5777932789196187,Combined,-0.2710310578807688,FALSE
primary,Primary focus,study_fixed_effects,votechoice,Vote choice,study_idXcbca87b096bc,NA,FALSE,2.756772877928685,5.063557953464808,Combined,0.5444339540030989,FALSE
primary,Primary focus,study_fixed_effects,votechoice,Vote choice,study_idXcd1c7907cdb8,NA,FALSE,-2.2133457580448774,4.561419686462196,Combined,-0.4852317721637958,FALSE
primary,Primary focus,study_fixed_effects,votechoice,Vote choice,study_idXd0500f1294c1,NA,FALSE,-5.962844824666156,4.157249241477066,Combined,-1.4343245926115231,FALSE
primary,Primary focus,study_fixed_effects,votechoice,Vote choice,study_idXd503139dae5a,NA,FALSE,-4.106643637127476,4.518839883677276,Combined,-0.9087827280540047,FALSE
primary,Primary focus,study_fixed_effects,votechoice,Vote choice,study_idXf0130cfec75e,NA,FALSE,-2.215277833266247,4.1193942236520025,Combined,-0.5377678641551129,FALSE
primary,Primary focus,study_fixed_effects,votechoice,Vote choice,study_idXf337919542ab,NA,FALSE,-2.441491587152346,3.87890267982433,Combined,-0.6294284205302407,FALSE
primary,Primary focus,study_fixed_effects,votechoice_dichotomized,Vote choice (dichotomized),intercept,Intercept,FALSE,-0.17464297020955544,4.517314224740601,Combined,-0.03866079743867807,FALSE
primary,Primary focus,study_fixed_effects,votechoice_dichotomized,Vote choice (dichotomized),primary_focus_candidate,Primary focus: Candidate,TRUE,2.026110041443384,1.1179176889148783,Combined,1.8123964416468394,FALSE
primary,Primary focus,study_fixed_effects,votechoice_dichotomized,Vote choice (dichotomized),primary_focus_issues,Primary focus: Issues,TRUE,3.1038293078198533,1.0258080922527644,Combined,3.0257407123817597,TRUE
primary,Primary focus,study_fixed_effects,votechoice_dichotomized,Vote choice (dichotomized),study_idX0ca4a39fd242,NA,FALSE,-0.34141716215168927,4.534782371113624,Combined,-0.07528854401624706,FALSE
primary,Primary focus,study_fixed_effects,votechoice_dichotomized,Vote choice (dichotomized),study_idX201e65ae9067,NA,FALSE,2.5407292226799374,6.1787570315988445,Combined,0.41120393789339316,FALSE
primary,Primary focus,study_fixed_effects,votechoice_dichotomized,Vote choice (dichotomized),study_idX43915f01925b,NA,FALSE,0.8451339741654543,5.15878742585355,Combined,0.16382415176287715,FALSE
primary,Primary focus,study_fixed_effects,votechoice_dichotomized,Vote choice (dichotomized),study_idX4cd2c9923737,NA,FALSE,-3.026081958324847,4.703584868880642,Combined,-0.6433565126773173,FALSE
primary,Primary focus,study_fixed_effects,votechoice_dichotomized,Vote choice (dichotomized),study_idX4d1542866d9e,NA,FALSE,3.882298672159654,4.536003859635136,Combined,0.8558852223886634,FALSE
primary,Primary focus,study_fixed_effects,votechoice_dichotomized,Vote choice (dichotomized),study_idX5a248af8c0f1,NA,FALSE,4.663710816594786,5.112875541595134,Combined,0.9121502721225606,FALSE
primary,Primary focus,study_fixed_effects,votechoice_dichotomized,Vote choice (dichotomized),study_idX5bee0c849477,NA,FALSE,1.398430298708963,4.918249014757748,Combined,0.28433499290353514,FALSE
primary,Primary focus,study_fixed_effects,votechoice_dichotomized,Vote choice (dichotomized),study_idX5c1c1e604f1e,NA,FALSE,1.4665228092083313,4.520495180393836,Combined,0.3244164080892935,FALSE
primary,Primary focus,study_fixed_effects,votechoice_dichotomized,Vote choice (dichotomized),study_idX6725be1de97c,NA,FALSE,5.167732681464199,6.240473022254211,Combined,0.828099514737985,FALSE
primary,Primary focus,study_fixed_effects,votechoice_dichotomized,Vote choice (dichotomized),study_idX877266884b5c,NA,FALSE,-1.30299094144816,5.0539981348825345,Combined,-0.2578138944007434,FALSE
primary,Primary focus,study_fixed_effects,votechoice_dichotomized,Vote choice (dichotomized),study_idXb218652f3e19,NA,FALSE,-8.095256108206224,5.13020670891504,Combined,-1.5779590506828225,FALSE
primary,Primary focus,study_fixed_effects,votechoice_dichotomized,Vote choice (dichotomized),study_idXbb1e5503bebf,NA,FALSE,0.09672319472960257,4.480789371829194,Combined,0.02158619535604666,FALSE
primary,Primary focus,study_fixed_effects,votechoice_dichotomized,Vote choice (dichotomized),study_idXbf86b7c37550,NA,FALSE,1.4331812441818776,4.936507617909873,Combined,0.2903229074299878,FALSE
primary,Primary focus,study_fixed_effects,votechoice_dichotomized,Vote choice (dichotomized),study_idXc03c2d306034,NA,FALSE,5.779723556441756,5.872428466108764,Combined,0.984213531045626,FALSE
primary,Primary focus,study_fixed_effects,votechoice_dichotomized,Vote choice (dichotomized),study_idXc743e344bff5,NA,FALSE,-0.9614340578928032,4.517811950263816,Combined,-0.21280966726307868,FALSE
primary,Primary focus,study_fixed_effects,votechoice_dichotomized,Vote choice (dichotomized),study_idXcbca87b096bc,NA,FALSE,6.4178677665908275,6.171394866259192,Combined,1.0399379566002451,FALSE
primary,Primary focus,study_fixed_effects,votechoice_dichotomized,Vote choice (dichotomized),study_idXcd1c7907cdb8,NA,FALSE,0.6600599618769382,5.673625993271118,Combined,0.1163382927707545,FALSE
primary,Primary focus,study_fixed_effects,votechoice_dichotomized,Vote choice (dichotomized),study_idXd0500f1294c1,NA,FALSE,-5.628864382318475,5.2030907297342495,Combined,-1.081830910645291,FALSE
primary,Primary focus,study_fixed_effects,votechoice_dichotomized,Vote choice (dichotomized),study_idXd503139dae5a,NA,FALSE,-4.895977202888696,5.558141775561981,Combined,-0.8808658362072217,FALSE
primary,Primary focus,study_fixed_effects,votechoice_dichotomized,Vote choice (dichotomized),study_idXf0130cfec75e,NA,FALSE,-1.2925794666990582,5.096162777698636,Combined,-0.2536377904480459,FALSE
primary,Primary focus,study_fixed_effects,votechoice_dichotomized,Vote choice (dichotomized),study_idXf337919542ab,NA,FALSE,-1.7197947614761804,4.85473917555632,Combined,-0.3542507021047333,FALSE
primary,Primary focus,study_random_effects,favorability,Favorability,intercept,Intercept,FALSE,0.905788835754912,0.814239261216873,Combined,1.1124357162552185,FALSE
primary,Primary focus,study_random_effects,favorability,Favorability,primary_focus_candidate,Primary focus: Candidate,TRUE,1.3190646663700527,0.7289156969987849,Combined,1.8096258206554325,FALSE
primary,Primary focus,study_random_effects,favorability,Favorability,primary_focus_issues,Primary focus: Issues,TRUE,1.8996686652097374,0.6761871197610491,Combined,2.80938309780441,TRUE
primary,Primary focus,study_random_effects,votechoice,Vote choice,intercept,Intercept,FALSE,0.23374354958271348,0.9509596876137808,Combined,0.24579753761091627,FALSE
primary,Primary focus,study_random_effects,votechoice,Vote choice,primary_focus_candidate,Primary focus: Candidate,TRUE,1.0783186234127342,0.907714231215303,Combined,1.1879494518544846,FALSE
primary,Primary focus,study_random_effects,votechoice,Vote choice,primary_focus_issues,Primary focus: Issues,TRUE,2.353400664615333,0.8410895913302568,Combined,2.7980380317074474,TRUE
primary,Primary focus,study_random_effects,votechoice_dichotomized,Vote choice (dichotomized),intercept,Intercept,FALSE,0.11189337872874114,1.1372218015460533,Combined,0.098391869182091,FALSE
primary,Primary focus,study_random_effects,votechoice_dichotomized,Vote choice (dichotomized),primary_focus_candidate,Primary focus: Candidate,TRUE,1.5789547508693997,1.0767046668561888,Combined,1.4664696824243397,FALSE
primary,Primary focus,study_random_effects,votechoice_dichotomized,Vote choice (dichotomized),primary_focus_issues,Primary focus: Issues,TRUE,2.995479817779733,0.994769786869772,Combined,3.011229188218077,TRUE
secondary,Cited fact (where fact present),standard,favorability,Favorability,fact_cite_only,Cited fact (where fact present),TRUE,1.5559257860750968,0.6305159008776102,2020D-2018,2.4677026922071525,TRUE
secondary,Cited fact (where fact present),standard,favorability,Favorability,fact_cite_only,Cited fact (where fact present),TRUE,1.0084664936947205,0.5430995492347274,2020P-2018,1.856872271604228,FALSE
secondary,Cited fact (where fact present),standard,favorability,Favorability,fact_cite_only,Cited fact (where fact present),TRUE,-0.5474592923803765,0.3789226246827187,2020P-2020D,-1.444778582009395,FALSE
secondary,Cited fact (where fact present),standard,favorability,Favorability,fact_cite_only,Cited fact (where fact present),TRUE,-0.0651055428393025,0.12849995650867213,Combined,-0.5066580924088383,FALSE
secondary,Cited fact (where fact present),standard,favorability,Favorability,intercept,Intercept,FALSE,2.16221643119992,1.0605123830575702,2020D-2018,2.0388412862903302,TRUE
secondary,Cited fact (where fact present),standard,favorability,Favorability,intercept,Intercept,FALSE,0.19068745402902165,0.8131234157793715,2020P-2018,0.23451231427919147,FALSE
secondary,Cited fact (where fact present),standard,favorability,Favorability,intercept,Intercept,FALSE,-1.9715289771708981,0.7466371096778559,2020P-2020D,-2.6405451210716464,TRUE
secondary,Cited fact (where fact present),standard,favorability,Favorability,intercept,Intercept,FALSE,0.9796210304727101,0.20050216940767537,Combined,4.885837561592036,TRUE
secondary,Cited fact (where fact present),standard,favorability,Favorability,primary_focus_candidate,Primary focus: Candidate,FALSE,-1.5600666272279446,0.9203640863834812,2020D-2018,-1.6950537839412427,FALSE
secondary,Cited fact (where fact present),standard,favorability,Favorability,primary_focus_candidate,Primary focus: Candidate,FALSE,-1.956565086852442,0.7896818634139997,2020P-2018,-2.4776624328102246,TRUE
secondary,Cited fact (where fact present),standard,favorability,Favorability,primary_focus_candidate,Primary focus: Candidate,FALSE,-0.39649845962449737,0.5468505648629406,2020P-2020D,-0.7250581513504945,FALSE
secondary,Cited fact (where fact present),standard,favorability,Favorability,primary_focus_candidate,Primary focus: Candidate,FALSE,-0.014204149623281963,0.17677903036937176,Combined,-0.08034974280378751,FALSE
secondary,Cited fact (where fact present),standard,favorability,Favorability,primary_focus_issues,Primary focus: Issues,FALSE,-3.7219855122671057,1.0006851513161665,2020D-2018,-3.719437135018649,TRUE
secondary,Cited fact (where fact present),standard,favorability,Favorability,primary_focus_issues,Primary focus: Issues,FALSE,-1.7199000506268338,0.7906447079316969,2020P-2018,-2.1753134288674887,TRUE
secondary,Cited fact (where fact present),standard,favorability,Favorability,primary_focus_issues,Primary focus: Issues,FALSE,2.002085461640272,0.6686811535071349,2020P-2020D,2.994080887639238,TRUE
secondary,Cited fact (where fact present),standard,favorability,Favorability,primary_focus_issues,Primary focus: Issues,FALSE,0.38681527064062765,0.17584379553498125,Combined,2.199766386205404,TRUE
secondary,Cited fact (where fact present),standard,favorability,Favorability,race_levelGov,Race: Gov,FALSE,1.4744434163413487,0.6978926796713955,Combined,2.112707955377314,TRUE
secondary,Cited fact (where fact present),standard,favorability,Favorability,race_levelOther,Race: Other,FALSE,-1.0207123362296493,0.5675605407768429,Combined,-1.7984201911439426,FALSE
secondary,Cited fact (where fact present),standard,favorability,Favorability,race_levelStateLeg,Race: StateLeg,FALSE,-1.4853090583917143,1.0724352838452524,2020D-2018,-1.384987123014164,FALSE
secondary,Cited fact (where fact present),standard,favorability,Favorability,race_levelStateLeg,Race: StateLeg,FALSE,-1.1399005396779687,0.41179199369371267,Combined,-2.7681464359062233,TRUE
secondary,Cited fact (where fact present),standard,votechoice,Vote choice,fact_cite_only,Cited fact (where fact present),TRUE,0.6095579221669768,0.722994435558585,2020D-2018,0.843101816815551,FALSE
secondary,Cited fact (where fact present),standard,votechoice,Vote choice,fact_cite_only,Cited fact (where fact present),TRUE,0.358567952833811,0.6691564376901401,2020P-2018,0.5358507108913889,FALSE
secondary,Cited fact (where fact present),standard,votechoice,Vote choice,fact_cite_only,Cited fact (where fact present),TRUE,-0.2509899693331658,0.3357434615639097,2020P-2020D,-0.7475647274381519,FALSE
secondary,Cited fact (where fact present),standard,votechoice,Vote choice,fact_cite_only,Cited fact (where fact present),TRUE,-0.1476679968647282,0.12315103895936334,Combined,-1.199080398448403,FALSE
secondary,Cited fact (where fact present),standard,votechoice,Vote choice,intercept,Intercept,FALSE,0.39022724906934325,1.1839946834555741,2020D-2018,0.32958530517251716,FALSE
secondary,Cited fact (where fact present),standard,votechoice,Vote choice,intercept,Intercept,FALSE,-0.9734867398520568,1.0569592897230602,2020P-2018,-0.9210257663822847,FALSE
secondary,Cited fact (where fact present),standard,votechoice,Vote choice,intercept,Intercept,FALSE,-1.3637139889214,0.605251224104415,2020P-2020D,-2.2531371017700557,TRUE
secondary,Cited fact (where fact present),standard,votechoice,Vote choice,intercept,Intercept,FALSE,1.0510947964812334,0.18732882961661584,Combined,5.610961209934355,TRUE
secondary,Cited fact (where fact present),standard,votechoice,Vote choice,primary_focus_candidate,Primary focus: Candidate,FALSE,0.1977491561718136,1.1271928482110665,2020D-2018,0.17543506994890473,FALSE
secondary,Cited fact (where fact present),standard,votechoice,Vote choice,primary_focus_candidate,Primary focus: Candidate,FALSE,0.14385493018772272,1.065544233712676,2020P-2018,0.13500606134997228,FALSE
secondary,Cited fact (where fact present),standard,votechoice,Vote choice,primary_focus_candidate,Primary focus: Candidate,FALSE,-0.053894225984090875,0.44834787739555987,2020P-2020D,-0.12020626995528765,FALSE
secondary,Cited fact (where fact present),standard,votechoice,Vote choice,primary_focus_candidate,Primary focus: Candidate,FALSE,-0.07266393548561666,0.16388110557408686,Combined,-0.4433942230928322,FALSE
secondary,Cited fact (where fact present),standard,votechoice,Vote choice,primary_focus_issues,Primary focus: Issues,FALSE,-2.05171803426575,1.1142552666672478,2020D-2018,-1.8413357294710984,FALSE
secondary,Cited fact (where fact present),standard,votechoice,Vote choice,primary_focus_issues,Primary focus: Issues,FALSE,-1.3631290725855254,1.0300260534637136,2020P-2018,-1.3233928093388239,FALSE
secondary,Cited fact (where fact present),standard,votechoice,Vote choice,primary_focus_issues,Primary focus: Issues,FALSE,0.6885889616802244,0.49291643459288687,2020P-2020D,1.3969689654372122,FALSE
secondary,Cited fact (where fact present),standard,votechoice,Vote choice,primary_focus_issues,Primary focus: Issues,FALSE,0.03890299797554211,0.16272120175575433,Combined,0.23907762206633515,FALSE
secondary,Cited fact (where fact present),standard,votechoice,Vote choice,race_levelGov,Race: Gov,FALSE,-0.7537712189064572,1.1774592190939364,Combined,-0.6401675800597916,FALSE
secondary,Cited fact (where fact present),standard,votechoice,Vote choice,race_levelOther,Race: Other,FALSE,-0.5597369015286114,0.5656582722672019,Combined,-0.9895318940270118,FALSE
secondary,Cited fact (where fact present),standard,votechoice,Vote choice,race_levelRunoff,Race: GA Runoff,FALSE,-0.9563479826854687,0.42479564958492283,Combined,-2.251313033972776,TRUE
secondary,Cited fact (where fact present),standard,votechoice,Vote choice,race_levelStateLeg,Race: StateLeg,FALSE,-1.9496094087529037,2.282699186624383,2020D-2018,-0.8540807392304516,FALSE
secondary,Cited fact (where fact present),standard,votechoice,Vote choice,race_levelStateLeg,Race: StateLeg,FALSE,-1.8163638035567709,0.5065361529356439,Combined,-3.5858522496962664,TRUE
secondary,Cited fact (where fact present),standard,votechoice_dichotomized,Vote choice (dichotomized),fact_cite_only,Cited fact (where fact present),TRUE,0.32676886269825905,0.9233772603390911,2020D-2018,0.3538844595092801,FALSE
secondary,Cited fact (where fact present),standard,votechoice_dichotomized,Vote choice (dichotomized),fact_cite_only,Cited fact (where fact present),TRUE,0.10350193639387517,0.818142602702552,2020P-2018,0.12650843025650976,FALSE
secondary,Cited fact (where fact present),standard,votechoice_dichotomized,Vote choice (dichotomized),fact_cite_only,Cited fact (where fact present),TRUE,-0.22326692630438386,0.5296055686330556,2020P-2020D,-0.4215720897358565,FALSE
secondary,Cited fact (where fact present),standard,votechoice_dichotomized,Vote choice (dichotomized),fact_cite_only,Cited fact (where fact present),TRUE,-0.16137132566974435,0.1942688019835143,Combined,-0.8306600134561923,FALSE
secondary,Cited fact (where fact present),standard,votechoice_dichotomized,Vote choice (dichotomized),intercept,Intercept,FALSE,0.6961459342925462,1.5468404272537843,2020D-2018,0.4500437938051978,FALSE
secondary,Cited fact (where fact present),standard,votechoice_dichotomized,Vote choice (dichotomized),intercept,Intercept,FALSE,-0.6874572109679573,1.2942760109929783,2020P-2018,-0.5311519375535169,FALSE
secondary,Cited fact (where fact present),standard,votechoice_dichotomized,Vote choice (dichotomized),intercept,Intercept,FALSE,-1.3836031452605035,0.9661546463963696,2020P-2020D,-1.4320721329873662,FALSE
secondary,Cited fact (where fact present),standard,votechoice_dichotomized,Vote choice (dichotomized),intercept,Intercept,FALSE,1.1876053947482643,0.29996866043344145,Combined,3.959098237236607,TRUE
secondary,Cited fact (where fact present),standard,votechoice_dichotomized,Vote choice (dichotomized),primary_focus_candidate,Primary focus: Candidate,FALSE,0.5022135898368325,1.4208343033388555,2020D-2018,0.3534638688386589,FALSE
secondary,Cited fact (where fact present),standard,votechoice_dichotomized,Vote choice (dichotomized),primary_focus_candidate,Primary focus: Candidate,FALSE,-0.02258363457712744,1.2988403998725826,2020P-2018,-0.01738753628185797,FALSE
secondary,Cited fact (where fact present),standard,votechoice_dichotomized,Vote choice (dichotomized),primary_focus_candidate,Primary focus: Candidate,FALSE,-0.5247972244139599,0.7101061476333516,2020P-2020D,-0.739040531000906,FALSE
secondary,Cited fact (where fact present),standard,votechoice_dichotomized,Vote choice (dichotomized),primary_focus_candidate,Primary focus: Candidate,FALSE,0.05299264215294643,0.2615921873822782,Combined,0.20257731197264522,FALSE
secondary,Cited fact (where fact present),standard,votechoice_dichotomized,Vote choice (dichotomized),primary_focus_issues,Primary focus: Issues,FALSE,-2.352470396661183,1.424554226760996,2020D-2018,-1.6513730067053933,FALSE
secondary,Cited fact (where fact present),standard,votechoice_dichotomized,Vote choice (dichotomized),primary_focus_issues,Primary focus: Issues,FALSE,-1.7783582057622322,1.2531505725570982,2020P-2018,-1.4191097580025274,FALSE
secondary,Cited fact (where fact present),standard,votechoice_dichotomized,Vote choice (dichotomized),primary_focus_issues,Primary focus: Issues,FALSE,0.5741121908989506,0.7875996040566746,2020P-2020D,0.7289391563198885,FALSE
secondary,Cited fact (where fact present),standard,votechoice_dichotomized,Vote choice (dichotomized),primary_focus_issues,Primary focus: Issues,FALSE,0.1977077046874435,0.25888869824906885,Combined,0.7636783916199965,FALSE
secondary,Cited fact (where fact present),standard,votechoice_dichotomized,Vote choice (dichotomized),race_levelGov,Race: Gov,FALSE,-0.43785028116963837,1.4397954378637157,Combined,-0.3041058956397966,FALSE
secondary,Cited fact (where fact present),standard,votechoice_dichotomized,Vote choice (dichotomized),race_levelOther,Race: Other,FALSE,-0.07124561839784622,0.8284034334980102,Combined,-0.08600352861528472,FALSE
secondary,Cited fact (where fact present),standard,votechoice_dichotomized,Vote choice (dichotomized),race_levelRunoff,Race: GA Runoff,FALSE,-1.3288469946091506,0.6802079327381951,Combined,-1.953589381499627,FALSE
secondary,Cited fact (where fact present),standard,votechoice_dichotomized,Vote choice (dichotomized),race_levelStateLeg,Race: StateLeg,FALSE,-3.7855098118076933,2.9710024598101743,2020D-2018,-1.274152365410549,FALSE
secondary,Cited fact (where fact present),standard,votechoice_dichotomized,Vote choice (dichotomized),race_levelStateLeg,Race: StateLeg,FALSE,-2.5695650326542236,0.8439615257255365,Combined,-3.044647124695905,TRUE
secondary,Cited fact (where fact present),study_fixed_effects,favorability,Favorability,fact_cite_only,Cited fact (where fact present),TRUE,-0.6107153495460226,0.5299574891097287,Combined,-1.1523855443046165,FALSE
secondary,Cited fact (where fact present),study_fixed_effects,favorability,Favorability,intercept,Intercept,FALSE,2.136320080162562,2.644606448455502,Combined,0.8078026435314076,FALSE
secondary,Cited fact (where fact present),study_fixed_effects,favorability,Favorability,primary_focus_candidate,Primary focus: Candidate,FALSE,0.16883842356695483,0.8432115644166128,Combined,0.20023257589424542,FALSE
secondary,Cited fact (where fact present),study_fixed_effects,favorability,Favorability,primary_focus_issues,Primary focus: Issues,FALSE,0.7390320073985923,0.7770604064824517,Combined,0.9510612060959277,FALSE
secondary,Cited fact (where fact present),study_fixed_effects,favorability,Favorability,study_idX08b80ae785a7,NA,FALSE,2.7612361730798645,3.77437551783407,Combined,0.73157431210353,FALSE
secondary,Cited fact (where fact present),study_fixed_effects,favorability,Favorability,study_idX0c2b064a71c5,NA,FALSE,3.5509863483285837,2.7482508065903546,Combined,1.292089622902413,FALSE
secondary,Cited fact (where fact present),study_fixed_effects,favorability,Favorability,study_idX0ca4a39fd242,NA,FALSE,-1.542177394306223,2.622507454908879,Combined,-0.5880545320927627,FALSE
secondary,Cited fact (where fact present),study_fixed_effects,favorability,Favorability,study_idX201e65ae9067,NA,FALSE,-2.330228422075096,3.8427329459882347,Combined,-0.6063987414238154,FALSE
secondary,Cited fact (where fact present),study_fixed_effects,favorability,Favorability,study_idX3c2f80c20258,NA,FALSE,-5.559764189930535,3.3963958570370845,Combined,-1.6369600081837072,FALSE
secondary,Cited fact (where fact present),study_fixed_effects,favorability,Favorability,study_idX3f0cfe830de9,NA,FALSE,4.8869084178951265,2.7132728463173676,Combined,1.8011120497991788,FALSE
secondary,Cited fact (where fact present),study_fixed_effects,favorability,Favorability,study_idX43915f01925b,NA,FALSE,-0.055029470076918136,2.987215434337239,Combined,-0.018421661003879788,FALSE
secondary,Cited fact (where fact present),study_fixed_effects,favorability,Favorability,study_idX495cbb4fe018,NA,FALSE,6.612605916043243,7.426855434609598,Combined,0.8903641620958579,FALSE
secondary,Cited fact (where fact present),study_fixed_effects,favorability,Favorability,study_idX4d1542866d9e,NA,FALSE,1.5802767101913853,2.6280213960715297,Combined,0.6013180534046052,FALSE
secondary,Cited fact (where fact present),study_fixed_effects,favorability,Favorability,study_idX52ae33d7915c,NA,FALSE,1.673915280546943,3.7040665472226304,Combined,0.4519128528622338,FALSE
secondary,Cited fact (where fact present),study_fixed_effects,favorability,Favorability,study_idX5a248af8c0f1,NA,FALSE,2.2972831460251886,2.9653274394703306,Combined,0.7747148309650186,FALSE
secondary,Cited fact (where fact present),study_fixed_effects,favorability,Favorability,study_idX5bee0c849477,NA,FALSE,-0.823436863751563,2.8612285408397264,Combined,-0.287791363744015,FALSE
secondary,Cited fact (where fact present),study_fixed_effects,favorability,Favorability,study_idX5c1c1e604f1e,NA,FALSE,-0.05595179952882085,2.606496514189377,Combined,-0.02146628596057107,FALSE
secondary,Cited fact (where fact present),study_fixed_effects,favorability,Favorability,study_idX6725be1de97c,NA,FALSE,5.006337294508428,3.6193953711143356,Combined,1.3831971313393931,FALSE
secondary,Cited fact (where fact present),study_fixed_effects,favorability,Favorability,study_idX6dc1b2269d4d,NA,FALSE,0.7166844246989944,3.492107279671326,Combined,0.20522978456906057,FALSE
secondary,Cited fact (where fact present),study_fixed_effects,favorability,Favorability,study_idX877266884b5c,NA,FALSE,0.4236284689413548,3.0623207783617192,Combined,0.13833575892333122,FALSE
secondary,Cited fact (where fact present),study_fixed_effects,favorability,Favorability,study_idX96c94303546c,NA,FALSE,-0.1569603484552612,2.731245312709115,Combined,-0.057468418426162036,FALSE
secondary,Cited fact (where fact present),study_fixed_effects,favorability,Favorability,study_idX9b63b51005a1,NA,FALSE,6.707882726680804,3.8088940632267363,Combined,1.7611103420918368,FALSE
secondary,Cited fact (where fact present),study_fixed_effects,favorability,Favorability,study_idXb218652f3e19,NA,FALSE,-2.2529600731791923,3.0068019821332963,Combined,-0.7492878102936261,FALSE
secondary,Cited fact (where fact present),study_fixed_effects,favorability,Favorability,study_idXbb1e5503bebf,NA,FALSE,-1.0709633564376406,2.6097606151174784,Combined,-0.4103684262203609,FALSE
secondary,Cited fact (where fact present),study_fixed_effects,favorability,Favorability,study_idXbf86b7c37550,NA,FALSE,0.18843846506735934,2.817076985585671,Combined,0.06689148576043723,FALSE
secondary,Cited fact (where fact present),study_fixed_effects,favorability,Favorability,study_idXc03c2d306034,NA,FALSE,1.2896361868239339,3.42212540354249,Combined,0.37685240449953644,FALSE
secondary,Cited fact (where fact present),study_fixed_effects,favorability,Favorability,study_idXc743e344bff5,NA,FALSE,0.2737918703263202,2.6112411452778095,Combined,0.10485123935085341,FALSE
secondary,Cited fact (where fact present),study_fixed_effects,favorability,Favorability,study_idXcbca87b096bc,NA,FALSE,1.1276507183612203,3.894011084105121,Combined,0.2895859035851627,FALSE
secondary,Cited fact (where fact present),study_fixed_effects,favorability,Favorability,study_idXcd1c7907cdb8,NA,FALSE,-2.1326009340555405,3.3147087676402296,Combined,-0.6433750545070533,FALSE
secondary,Cited fact (where fact present),study_fixed_effects,favorability,Favorability,study_idXd0500f1294c1,NA,FALSE,-5.790575791917441,3.016369224436767,Combined,-1.919717170234254,FALSE
secondary,Cited fact (where fact present),study_fixed_effects,favorability,Favorability,study_idXd503139dae5a,NA,FALSE,-0.6943708570326538,3.3377035402549495,Combined,-0.20803850571450527,FALSE
secondary,Cited fact (where fact present),study_fixed_effects,favorability,Favorability,study_idXd783f4c0b772,NA,FALSE,-1.2206985984899688,3.6379253039372608,Combined,-0.3355480106116606,FALSE
secondary,Cited fact (where fact present),study_fixed_effects,favorability,Favorability,study_idXe1243115280f,NA,FALSE,2.9480061753196556,3.2984703069272396,Combined,0.8937494962826976,FALSE
secondary,Cited fact (where fact present),study_fixed_effects,favorability,Favorability,study_idXf0130cfec75e,NA,FALSE,-2.1786308264845045,3.0547424381873833,Combined,-0.7131962417680149,FALSE
secondary,Cited fact (where fact present),study_fixed_effects,favorability,Favorability,study_idXf337919542ab,NA,FALSE,-1.0508148012892005,2.860051201088636,Combined,-0.36741118511767323,FALSE
secondary,Cited fact (where fact present),study_fixed_effects,votechoice,Vote choice,fact_cite_only,Cited fact (where fact present),TRUE,-0.9904779574832995,0.6579562235895762,Combined,-1.5053858022340794,FALSE
secondary,Cited fact (where fact present),study_fixed_effects,votechoice,Vote choice,intercept,Intercept,FALSE,1.1359363100469178,3.6329805066452527,Combined,0.3126733842829941,FALSE
secondary,Cited fact (where fact present),study_fixed_effects,votechoice,Vote choice,primary_focus_candidate,Primary focus: Candidate,FALSE,1.4970072711705578,1.0986773060057065,Combined,1.3625541029995412,FALSE
secondary,Cited fact (where fact present),study_fixed_effects,votechoice,Vote choice,primary_focus_issues,Primary focus: Issues,FALSE,2.267485637306632,1.021259448407042,Combined,2.220283631983479,TRUE
secondary,Cited fact (where fact present),study_fixed_effects,votechoice,Vote choice,study_idX0ca4a39fd242,NA,FALSE,-0.7905468443171763,3.6034654692827246,Combined,-0.21938515883004586,FALSE
secondary,Cited fact (where fact present),study_fixed_effects,votechoice,Vote choice,study_idX201e65ae9067,NA,FALSE,2.4032842752658365,5.118028565064484,Combined,0.4695722668823277,FALSE
secondary,Cited fact (where fact present),study_fixed_effects,votechoice,Vote choice,study_idX43915f01925b,NA,FALSE,-0.2633923822500018,4.084558846495342,Combined,-0.06448490330259272,FALSE
secondary,Cited fact (where fact present),study_fixed_effects,votechoice,Vote choice,study_idX4cd2c9923737,NA,FALSE,-3.4536982178367777,3.766603154293673,Combined,-0.9169264922161484,FALSE
secondary,Cited fact (where fact present),study_fixed_effects,votechoice,Vote choice,study_idX4d1542866d9e,NA,FALSE,2.71709407845917,3.602091610349407,Combined,0.754310098791632,FALSE
secondary,Cited fact (where fact present),study_fixed_effects,votechoice,Vote choice,study_idX5a248af8c0f1,NA,FALSE,2.83849907610139,4.082108063172006,Combined,0.6953512822724569,FALSE
secondary,Cited fact (where fact present),study_fixed_effects,votechoice,Vote choice,study_idX5bee0c849477,NA,FALSE,0.9232250355775236,3.8992625706031654,Combined,0.23676913746147457,FALSE
secondary,Cited fact (where fact present),study_fixed_effects,votechoice,Vote choice,study_idX5c1c1e604f1e,NA,FALSE,0.7306802547758914,3.5870206554932142,Combined,0.20370115618289436,FALSE
secondary,Cited fact (where fact present),study_fixed_effects,votechoice,Vote choice,study_idX6725be1de97c,NA,FALSE,3.134728833987206,5.090641886576355,Combined,0.6157826269911567,FALSE
secondary,Cited fact (where fact present),study_fixed_effects,votechoice,Vote choice,study_idX877266884b5c,NA,FALSE,-2.457302143445675,4.11858390511579,Combined,-0.5966376308112606,FALSE
secondary,Cited fact (where fact present),study_fixed_effects,votechoice,Vote choice,study_idXb218652f3e19,NA,FALSE,-8.035006651952166,4.1809661978846275,Combined,-1.921806173897675,FALSE
secondary,Cited fact (where fact present),study_fixed_effects,votechoice,Vote choice,study_idXbb1e5503bebf,NA,FALSE,-0.27797046640090883,3.559914749825032,Combined,-0.07808346152518707,FALSE
secondary,Cited fact (where fact present),study_fixed_effects,votechoice,Vote choice,study_idXbf86b7c37550,NA,FALSE,-0.9721422063383169,3.940183348215661,Combined,-0.24672511922029167,FALSE
secondary,Cited fact (where fact present),study_fixed_effects,votechoice,Vote choice,study_idXc03c2d306034,NA,FALSE,4.231340248760069,4.635674120004923,Combined,0.912777762030342,FALSE
secondary,Cited fact (where fact present),study_fixed_effects,votechoice,Vote choice,study_idXc743e344bff5,NA,FALSE,-0.4304321436394553,3.588989529646309,Combined,-0.11993128987530759,FALSE
secondary,Cited fact (where fact present),study_fixed_effects,votechoice,Vote choice,study_idXcbca87b096bc,NA,FALSE,2.828436695100698,5.065048050064075,Combined,0.5584224803286747,FALSE
secondary,Cited fact (where fact present),study_fixed_effects,votechoice,Vote choice,study_idXcd1c7907cdb8,NA,FALSE,-2.2272084419874507,4.5622013711213105,Combined,-0.4881872282283851,FALSE
secondary,Cited fact (where fact present),study_fixed_effects,votechoice,Vote choice,study_idXd0500f1294c1,NA,FALSE,-5.931517017704429,4.157301181721519,Combined,-1.4267710609430073,FALSE
secondary,Cited fact (where fact present),study_fixed_effects,votechoice,Vote choice,study_idXd503139dae5a,NA,FALSE,-4.162176137179236,4.518997647774346,Combined,-0.9210396777323289,FALSE
secondary,Cited fact (where fact present),study_fixed_effects,votechoice,Vote choice,study_idXf0130cfec75e,NA,FALSE,-1.3277230683999532,4.173584630280522,Combined,-0.3181253493141008,FALSE
secondary,Cited fact (where fact present),study_fixed_effects,votechoice,Vote choice,study_idXf337919542ab,NA,FALSE,-2.5294812420889348,3.87950911684565,Combined,-0.6520106451368787,FALSE
secondary,Cited fact (where fact present),study_fixed_effects,votechoice_dichotomized,Vote choice (dichotomized),fact_cite_only,Cited fact (where fact present),TRUE,-0.7992450862797673,0.7935547613999396,Combined,-1.0071706770050617,FALSE
secondary,Cited fact (where fact present),study_fixed_effects,votechoice_dichotomized,Vote choice (dichotomized),intercept,Intercept,FALSE,0.022447665776605945,4.591052625906871,Combined,0.004889437696692021,FALSE
secondary,Cited fact (where fact present),study_fixed_effects,votechoice_dichotomized,Vote choice (dichotomized),primary_focus_candidate,Primary focus: Candidate,FALSE,2.050195089721559,1.3205347348930274,Combined,1.552549157207621,FALSE
secondary,Cited fact (where fact present),study_fixed_effects,votechoice_dichotomized,Vote choice (dichotomized),primary_focus_issues,Primary focus: Issues,FALSE,2.9409522236011116,1.2236334530705064,Combined,2.4034584999464315,TRUE
secondary,Cited fact (where fact present),study_fixed_effects,votechoice_dichotomized,Vote choice (dichotomized),study_idX0ca4a39fd242,NA,FALSE,-0.07656388036745192,4.563161252858532,Combined,-0.01677869269237187,FALSE
secondary,Cited fact (where fact present),study_fixed_effects,votechoice_dichotomized,Vote choice (dichotomized),study_idX201e65ae9067,NA,FALSE,2.730651788644943,6.204845860351197,Combined,0.44008374262666805,FALSE
secondary,Cited fact (where fact present),study_fixed_effects,votechoice_dichotomized,Vote choice (dichotomized),study_idX43915f01925b,NA,FALSE,1.3044794977754086,5.1972974475916685,Combined,0.2509918877896589,FALSE
secondary,Cited fact (where fact present),study_fixed_effects,votechoice_dichotomized,Vote choice (dichotomized),study_idX4cd2c9923737,NA,FALSE,-3.2315227167538154,4.776740874335834,Combined,-0.6765120406919983,FALSE
secondary,Cited fact (where fact present),study_fixed_effects,votechoice_dichotomized,Vote choice (dichotomized),study_idX4d1542866d9e,NA,FALSE,3.9052826170039765,4.551472299448425,Combined,0.8580262297712419,FALSE
secondary,Cited fact (where fact present),study_fixed_effects,votechoice_dichotomized,Vote choice (dichotomized),study_idX5a248af8c0f1,NA,FALSE,5.110348723563794,5.152354393300087,Combined,0.9918472863996088,FALSE
secondary,Cited fact (where fact present),study_fixed_effects,votechoice_dichotomized,Vote choice (dichotomized),study_idX5bee0c849477,NA,FALSE,1.808426134999561,4.964305206017499,Combined,0.36428584866367025,FALSE
secondary,Cited fact (where fact present),study_fixed_effects,votechoice_dichotomized,Vote choice (dichotomized),study_idX5c1c1e604f1e,NA,FALSE,1.64810383345411,4.544159718663003,Combined,0.3626861588260855,FALSE
secondary,Cited fact (where fact present),study_fixed_effects,votechoice_dichotomized,Vote choice (dichotomized),study_idX6725be1de97c,NA,FALSE,5.119893140500511,6.257493163940789,Combined,0.8182019550583336,FALSE
secondary,Cited fact (where fact present),study_fixed_effects,votechoice_dichotomized,Vote choice (dichotomized),study_idX877266884b5c,NA,FALSE,-1.827498873088665,5.0868578514000085,Combined,-0.3592588836713217,FALSE
secondary,Cited fact (where fact present),study_fixed_effects,votechoice_dichotomized,Vote choice (dichotomized),study_idXb218652f3e19,NA,FALSE,-8.195022689814515,5.155005863976224,Combined,-1.5897213128470482,FALSE
secondary,Cited fact (where fact present),study_fixed_effects,votechoice_dichotomized,Vote choice (dichotomized),study_idXbb1e5503bebf,NA,FALSE,0.3937205878959489,4.503740370490818,Combined,0.08742080038087124,FALSE
secondary,Cited fact (where fact present),study_fixed_effects,votechoice_dichotomized,Vote choice (dichotomized),study_idXbf86b7c37550,NA,FALSE,1.6720526436047831,4.955833508880417,Combined,0.3373908022956405,FALSE
secondary,Cited fact (where fact present),study_fixed_effects,votechoice_dichotomized,Vote choice (dichotomized),study_idXc03c2d306034,NA,FALSE,6.199889448167439,5.90287476361708,Combined,1.0503169551183833,FALSE
secondary,Cited fact (where fact present),study_fixed_effects,votechoice_dichotomized,Vote choice (dichotomized),study_idXc743e344bff5,NA,FALSE,-0.500373107024742,4.54358597488383,Combined,-0.11012735530717795,FALSE
secondary,Cited fact (where fact present),study_fixed_effects,votechoice_dichotomized,Vote choice (dichotomized),study_idXcbca87b096bc,NA,FALSE,6.476988656124354,6.186566380156122,Combined,1.0469440167812285,FALSE
secondary,Cited fact (where fact present),study_fixed_effects,votechoice_dichotomized,Vote choice (dichotomized),study_idXcd1c7907cdb8,NA,FALSE,0.6413816294674434,5.691335089366846,Combined,0.11269440639082039,FALSE
secondary,Cited fact (where fact present),study_fixed_effects,votechoice_dichotomized,Vote choice (dichotomized),study_idXd0500f1294c1,NA,FALSE,-5.6004960538911215,5.216923821931056,Combined,-1.0735245989883144,FALSE
secondary,Cited fact (where fact present),study_fixed_effects,votechoice_dichotomized,Vote choice (dichotomized),study_idXd503139dae5a,NA,FALSE,-4.940939251126117,5.575540612057636,Combined,-0.88618119657148,FALSE
secondary,Cited fact (where fact present),study_fixed_effects,votechoice_dichotomized,Vote choice (dichotomized),study_idXf0130cfec75e,NA,FALSE,-0.6090338961885648,5.175327356479301,Combined,-0.11768026527366987,FALSE
secondary,Cited fact (where fact present),study_fixed_effects,votechoice_dichotomized,Vote choice (dichotomized),study_idXf337919542ab,NA,FALSE,-1.7879905743837192,4.871722341438511,Combined,-0.3670140556195502,FALSE
secondary,Cited fact (where fact present),study_random_effects,favorability,Favorability,fact_cite_only,Cited fact (where fact present),TRUE,-0.8484638401425335,0.5029060351152151,Combined,-1.687122008683295,FALSE
secondary,Cited fact (where fact present),study_random_effects,favorability,Favorability,intercept,Intercept,FALSE,1.4915904577733177,0.8748233947551417,Combined,1.7050189406409344,FALSE
secondary,Cited fact (where fact present),study_random_effects,favorability,Favorability,primary_focus_candidate,Primary focus: Candidate,FALSE,1.1230694592450103,0.7697341857125949,Combined,1.4590354437815558,FALSE
secondary,Cited fact (where fact present),study_random_effects,favorability,Favorability,primary_focus_issues,Primary focus: Issues,FALSE,1.558449606670484,0.7331019768785462,Combined,2.1258292240680645,TRUE
secondary,Cited fact (where fact present),study_random_effects,votechoice,Vote choice,fact_cite_only,Cited fact (where fact present),TRUE,-0.6337992100949783,0.6303552141725892,Combined,-1.0054635796531162,FALSE
secondary,Cited fact (where fact present),study_random_effects,votechoice,Vote choice,intercept,Intercept,FALSE,0.8980025985900176,1.1179672856045562,Combined,0.8032458643048848,FALSE
secondary,Cited fact (where fact present),study_random_effects,votechoice,Vote choice,primary_focus_candidate,Primary focus: Candidate,FALSE,0.7495633527333325,1.037274389874074,Combined,0.7226278408592833,FALSE
secondary,Cited fact (where fact present),study_random_effects,votechoice,Vote choice,primary_focus_issues,Primary focus: Issues,FALSE,1.8806667743571386,0.9832457434337069,Combined,1.9127128562890527,FALSE
secondary,Cited fact (where fact present),study_random_effects,votechoice_dichotomized,Vote choice (dichotomized),fact_cite_only,Cited fact (where fact present),TRUE,-0.3644263839262892,0.7603651671132012,Combined,-0.479278114895595,FALSE
secondary,Cited fact (where fact present),study_random_effects,votechoice_dichotomized,Vote choice (dichotomized),intercept,Intercept,FALSE,0.709542106687085,1.3411437434573603,Combined,0.5290574631902936,FALSE
secondary,Cited fact (where fact present),study_random_effects,votechoice_dichotomized,Vote choice (dichotomized),primary_focus_candidate,Primary focus: Candidate,FALSE,1.1778700379718057,1.248690293847523,Combined,0.9432843706524676,FALSE
secondary,Cited fact (where fact present),study_random_effects,votechoice_dichotomized,Vote choice (dichotomized),primary_focus_issues,Primary focus: Issues,FALSE,2.5312411467653577,1.1816336016496032,Combined,2.1421540003869675,TRUE
secondary,Emotion: anger,standard,favorability,Favorability,emotion_anger,Emotion: Anger,TRUE,0.1750647818515867,0.9521790920823681,2020D-2018,0.18385699004241815,FALSE
secondary,Emotion: anger,standard,favorability,Favorability,emotion_anger,Emotion: Anger,TRUE,-0.9304082018628894,0.860905552672408,2020P-2018,-1.0807320256847368,FALSE
secondary,Emotion: anger,standard,favorability,Favorability,emotion_anger,Emotion: Anger,TRUE,-1.105472983714476,0.4946455548870499,2020P-2020D,-2.234879041755274,TRUE
secondary,Emotion: anger,standard,favorability,Favorability,emotion_anger,Emotion: Anger,TRUE,0.08558698799369223,0.1780103275898508,Combined,0.4807978792718762,FALSE
secondary,Emotion: anger,standard,favorability,Favorability,intercept,Intercept,FALSE,-0.5244311160860138,0.41648903501107215,2020D-2018,-1.2591714835231425,FALSE
secondary,Emotion: anger,standard,favorability,Favorability,intercept,Intercept,FALSE,-1.0643316999175725,0.3478475095822278,2020P-2018,-3.0597651861755666,TRUE
secondary,Emotion: anger,standard,favorability,Favorability,intercept,Intercept,FALSE,-0.5399005838315586,0.26333756192685664,2020P-2020D,-2.050222459268909,TRUE
secondary,Emotion: anger,standard,favorability,Favorability,intercept,Intercept,FALSE,1.1065501021036428,0.08339810754992195,Combined,13.26828790978577,TRUE
secondary,Emotion: anger,standard,favorability,Favorability,race_levelGov,Race: Gov,FALSE,2.427408818799019,0.6665856281848747,Combined,3.641555887439247,TRUE
secondary,Emotion: anger,standard,favorability,Favorability,race_levelOther,Race: Other,FALSE,-1.0603245578593083,0.5512367196272316,Combined,-1.9235376020965045,FALSE
secondary,Emotion: anger,standard,favorability,Favorability,race_levelStateLeg,Race: StateLeg,FALSE,-1.0551626677777772,1.0634855976839044,2020D-2018,-0.9921739138505936,FALSE
secondary,Emotion: anger,standard,favorability,Favorability,race_levelStateLeg,Race: StateLeg,FALSE,-0.7280550144288025,0.40242734271015923,Combined,-1.8091589143165416,FALSE
secondary,Emotion: anger,standard,votechoice,Vote choice,emotion_anger,Emotion: Anger,TRUE,-2.5706745736100625,1.0470085318755789,2020D-2018,-2.455256567016732,TRUE
secondary,Emotion: anger,standard,votechoice,Vote choice,emotion_anger,Emotion: Anger,TRUE,-2.8060110683512693,0.9958298913038004,2020P-2018,-2.8177614398353428,TRUE
secondary,Emotion: anger,standard,votechoice,Vote choice,emotion_anger,Emotion: Anger,TRUE,-0.23533649474120688,0.4040069452665282,2020P-2020D,-0.5825060620825531,FALSE
secondary,Emotion: anger,standard,votechoice,Vote choice,emotion_anger,Emotion: Anger,TRUE,0.2689872072883554,0.15321995644356612,Combined,1.7555624837122872,FALSE
secondary,Emotion: anger,standard,votechoice,Vote choice,intercept,Intercept,FALSE,-0.09214833356860708,0.4910969209831248,2020D-2018,-0.18763777501218237,FALSE
secondary,Emotion: anger,standard,votechoice,Vote choice,intercept,Intercept,FALSE,-0.8871002841236236,0.41336327695689123,2020P-2018,-2.146054895476691,TRUE
secondary,Emotion: anger,standard,votechoice,Vote choice,intercept,Intercept,FALSE,-0.7949519505550166,0.29066186249825043,2020P-2020D,-2.734971639286876,TRUE
secondary,Emotion: anger,standard,votechoice,Vote choice,intercept,Intercept,FALSE,0.9183856868612231,0.07903308012256434,Combined,11.620269454726964,TRUE
secondary,Emotion: anger,standard,votechoice,Vote choice,race_levelGov,Race: Gov,FALSE,0.07168194200706368,1.171689657994171,Combined,0.06117826637624917,FALSE
secondary,Emotion: anger,standard,votechoice,Vote choice,race_levelOther,Race: Other,FALSE,-0.42307026727133223,0.5275186052850518,Combined,-0.8020006555839305,FALSE
secondary,Emotion: anger,standard,votechoice,Vote choice,race_levelRunoff,Race: GA Runoff,FALSE,-0.6823160509777002,0.39180447343424196,Combined,-1.7414708030183221,FALSE
secondary,Emotion: anger,standard,votechoice,Vote choice,race_levelStateLeg,Race: StateLeg,FALSE,-1.0581426344328284,2.2559586634800124,2020D-2018,-0.4690434499365123,FALSE
secondary,Emotion: anger,standard,votechoice,Vote choice,race_levelStateLeg,Race: StateLeg,FALSE,-1.6662616484061445,0.49584519919720677,Combined,-3.3604472748831467,TRUE
secondary,Emotion: anger,standard,votechoice_dichotomized,Vote choice (dichotomized),emotion_anger,Emotion: Anger,TRUE,-2.6278871512547597,1.3064080009646115,2020D-2018,-2.011536326564449,TRUE
secondary,Emotion: anger,standard,votechoice_dichotomized,Vote choice (dichotomized),emotion_anger,Emotion: Anger,TRUE,-2.964721373711024,1.2069038887301928,2020P-2018,-2.4564684904862353,TRUE
secondary,Emotion: anger,standard,votechoice_dichotomized,Vote choice (dichotomized),emotion_anger,Emotion: Anger,TRUE,-0.33683422245626427,0.6339547689976448,2020P-2020D,-0.5313221682815602,FALSE
secondary,Emotion: anger,standard,votechoice_dichotomized,Vote choice (dichotomized),emotion_anger,Emotion: Anger,TRUE,0.20113387493148163,0.24277951386872854,Combined,0.828463125765361,FALSE
secondary,Emotion: anger,standard,votechoice_dichotomized,Vote choice (dichotomized),intercept,Intercept,FALSE,0.054978581246967195,0.6620646069617936,2020D-2018,0.08304111210424499,FALSE
secondary,Emotion: anger,standard,votechoice_dichotomized,Vote choice (dichotomized),intercept,Intercept,FALSE,-0.9406974291578234,0.5098374894878517,2020P-2018,-1.8450926982689808,FALSE
secondary,Emotion: anger,standard,votechoice_dichotomized,Vote choice (dichotomized),intercept,Intercept,FALSE,-0.9956760104047906,0.4653895075986272,2020P-2020D,-2.1394466229855493,TRUE
secondary,Emotion: anger,standard,votechoice_dichotomized,Vote choice (dichotomized),intercept,Intercept,FALSE,1.2098441595874505,0.12742989211860942,Combined,9.49419433284421,TRUE
secondary,Emotion: anger,standard,votechoice_dichotomized,Vote choice (dichotomized),race_levelGov,Race: Gov,FALSE,0.4576009057833251,1.4341062368126103,Combined,0.3190843844319172,FALSE
secondary,Emotion: anger,standard,votechoice_dichotomized,Vote choice (dichotomized),race_levelOther,Race: Other,FALSE,-0.09502656370731816,0.7773299343492291,Combined,-0.1222474003742995,FALSE
secondary,Emotion: anger,standard,votechoice_dichotomized,Vote choice (dichotomized),race_levelRunoff,Race: GA Runoff,FALSE,-0.9526464902944286,0.6336124255402552,Combined,-1.503516111575852,FALSE
secondary,Emotion: anger,standard,votechoice_dichotomized,Vote choice (dichotomized),race_levelStateLeg,Race: StateLeg,FALSE,-2.8956675507141205,2.940152192911118,2020D-2018,-0.9848699525472686,FALSE
secondary,Emotion: anger,standard,votechoice_dichotomized,Vote choice (dichotomized),race_levelStateLeg,Race: StateLeg,FALSE,-2.3996339684662042,0.8346677467008402,Combined,-2.874957104729573,TRUE
secondary,Emotion: anger,study_fixed_effects,favorability,Favorability,emotion_anger,Emotion: Anger,TRUE,-0.2796633117798792,0.8602212796488647,Combined,-0.3251062469578007,FALSE
secondary,Emotion: anger,study_fixed_effects,favorability,Favorability,intercept,Intercept,FALSE,2.7766966250787277,2.5136773961744523,Combined,1.1046352365281888,FALSE
secondary,Emotion: anger,study_fixed_effects,favorability,Favorability,study_idX08b80ae785a7,NA,FALSE,2.65602703443203,3.7775181159905435,Combined,0.7031143075631723,FALSE
secondary,Emotion: anger,study_fixed_effects,favorability,Favorability,study_idX0c2b064a71c5,NA,FALSE,3.4112776319983844,2.7420659225948327,Combined,1.2440538368859757,FALSE
secondary,Emotion: anger,study_fixed_effects,favorability,Favorability,study_idX0ca4a39fd242,NA,FALSE,-2.0546906894923507,2.6134799046028214,Combined,-0.7861895880177462,FALSE
secondary,Emotion: anger,study_fixed_effects,favorability,Favorability,study_idX201e65ae9067,NA,FALSE,-2.3816493266977328,3.856144602658027,Combined,-0.6176244856212265,FALSE
secondary,Emotion: anger,study_fixed_effects,favorability,Favorability,study_idX3c2f80c20258,NA,FALSE,-6.500957446781035,3.362615562216512,Combined,-1.9333038007163221,FALSE
secondary,Emotion: anger,study_fixed_effects,favorability,Favorability,study_idX3f0cfe830de9,NA,FALSE,4.975907941132999,2.680099527789263,Combined,1.8566131181096406,FALSE
secondary,Emotion: anger,study_fixed_effects,favorability,Favorability,study_idX43915f01925b,NA,FALSE,-0.5585418761768521,2.9818613370153417,Combined,-0.18731316216599056,FALSE
secondary,Emotion: anger,study_fixed_effects,favorability,Favorability,study_idX495cbb4fe018,NA,FALSE,6.248525562621802,7.42404041150781,Combined,0.8416610385008313,FALSE
secondary,Emotion: anger,study_fixed_effects,favorability,Favorability,study_idX4d1542866d9e,NA,FALSE,1.583841291900359,2.662539629592947,Combined,0.5948611146653615,FALSE
secondary,Emotion: anger,study_fixed_effects,favorability,Favorability,study_idX52ae33d7915c,NA,FALSE,0.8646774651648101,3.6821940383681637,Combined,0.23482669738610756,FALSE
secondary,Emotion: anger,study_fixed_effects,favorability,Favorability,study_idX5a248af8c0f1,NA,FALSE,1.859811759187313,2.949302311398171,Combined,0.6305938024731127,FALSE
secondary,Emotion: anger,study_fixed_effects,favorability,Favorability,study_idX5bee0c849477,NA,FALSE,-1.50001764171894,2.829795853364091,Combined,-0.5300798076778943,FALSE
secondary,Emotion: anger,study_fixed_effects,favorability,Favorability,study_idX5c1c1e604f1e,NA,FALSE,-0.44699214694028533,2.599932543372386,Combined,-0.17192451707246584,FALSE
secondary,Emotion: anger,study_fixed_effects,favorability,Favorability,study_idX6725be1de97c,NA,FALSE,5.039633769869113,3.6243858296368017,Combined,1.3904793823714217,FALSE
secondary,Emotion: anger,study_fixed_effects,favorability,Favorability,study_idX6dc1b2269d4d,NA,FALSE,0.8833175588251552,3.511767647764431,Combined,0.25153075243673073,FALSE
secondary,Emotion: anger,study_fixed_effects,favorability,Favorability,study_idX877266884b5c,NA,FALSE,0.03928302311636021,3.03607462769688,Combined,0.012938754126132834,FALSE
secondary,Emotion: anger,study_fixed_effects,favorability,Favorability,study_idX96c94303546c,NA,FALSE,-0.2419078931459907,2.7252745060167554,Combined,-0.08876459696515557,FALSE
secondary,Emotion: anger,study_fixed_effects,favorability,Favorability,study_idX9b63b51005a1,NA,FALSE,6.539390583643868,3.809768471371507,Combined,1.7164797894633486,FALSE
secondary,Emotion: anger,study_fixed_effects,favorability,Favorability,study_idXb218652f3e19,NA,FALSE,-2.183681801555052,2.999216488780563,Combined,-0.7280840878688637,FALSE
secondary,Emotion: anger,study_fixed_effects,favorability,Favorability,study_idXbb1e5503bebf,NA,FALSE,-1.283414516893643,2.605936974993435,Combined,-0.49249637623982684,FALSE
secondary,Emotion: anger,study_fixed_effects,favorability,Favorability,study_idXbf86b7c37550,NA,FALSE,0.07932059469987573,2.8210341457098167,Combined,0.02811755923639039,FALSE
secondary,Emotion: anger,study_fixed_effects,favorability,Favorability,study_idXc03c2d306034,NA,FALSE,1.0668844231835095,3.420335392682245,Combined,0.31192391993665075,FALSE
secondary,Emotion: anger,study_fixed_effects,favorability,Favorability,study_idXc743e344bff5,NA,FALSE,-0.33288440351522,2.6082505803552505,Combined,-0.1276274626458169,FALSE
secondary,Emotion: anger,study_fixed_effects,favorability,Favorability,study_idXcbca87b096bc,NA,FALSE,0.8698498536421433,3.8922356636939606,Combined,0.2234833470531958,FALSE
secondary,Emotion: anger,study_fixed_effects,favorability,Favorability,study_idXcd1c7907cdb8,NA,FALSE,-2.3531625596002095,3.3248815038573833,Combined,-0.7077432855487248,FALSE
secondary,Emotion: anger,study_fixed_effects,favorability,Favorability,study_idXd0500f1294c1,NA,FALSE,-5.945509895884391,3.02462199556277,Combined,-1.965703451408695,TRUE
secondary,Emotion: anger,study_fixed_effects,favorability,Favorability,study_idXd503139dae5a,NA,FALSE,-0.6767999186115307,3.348591448824861,Combined,-0.2021148082573775,FALSE
secondary,Emotion: anger,study_fixed_effects,favorability,Favorability,study_idXd783f4c0b772,NA,FALSE,-1.315536804452163,3.6513250536584394,Combined,-0.3602902467240113,FALSE
secondary,Emotion: anger,study_fixed_effects,favorability,Favorability,study_idXe1243115280f,NA,FALSE,2.958821843971633,3.3115999153602553,Combined,0.8934720134058691,FALSE
secondary,Emotion: anger,study_fixed_effects,favorability,Favorability,study_idXf0130cfec75e,NA,FALSE,-3.067116048057593,3.0104495279655414,Combined,-1.0188232752503068,FALSE
secondary,Emotion: anger,study_fixed_effects,favorability,Favorability,study_idXf337919542ab,NA,FALSE,-1.1193057292616622,2.872429871271643,Combined,-0.38967208232176553,FALSE
secondary,Emotion: anger,study_fixed_effects,votechoice,Vote choice,emotion_anger,Emotion: Anger,TRUE,1.6434936997910943,1.0957181672270373,Combined,1.4999237476826062,FALSE
secondary,Emotion: anger,study_fixed_effects,votechoice,Vote choice,intercept,Intercept,FALSE,3.147585869241091,3.471486740471826,Combined,0.9066967857158768,FALSE
secondary,Emotion: anger,study_fixed_effects,votechoice,Vote choice,study_idX0ca4a39fd242,NA,FALSE,-1.8734171042721353,3.5964559179704807,Combined,-0.5209064554110606,FALSE
secondary,Emotion: anger,study_fixed_effects,votechoice,Vote choice,study_idX201e65ae9067,NA,FALSE,1.7887072526946115,5.1427453007515025,Combined,0.3478117519125884,FALSE
secondary,Emotion: anger,study_fixed_effects,votechoice,Vote choice,study_idX43915f01925b,NA,FALSE,-1.6163826373211367,4.085976251259362,Combined,-0.3955927636199408,FALSE
secondary,Emotion: anger,study_fixed_effects,votechoice,Vote choice,study_idX4cd2c9923737,NA,FALSE,-4.294290454950909,3.710705968704643,Combined,-1.1572704739119999,FALSE
secondary,Emotion: anger,study_fixed_effects,votechoice,Vote choice,study_idX4d1542866d9e,NA,FALSE,1.446705267587953,3.650465422591404,Combined,0.3963070732391601,FALSE
secondary,Emotion: anger,study_fixed_effects,votechoice,Vote choice,study_idX5a248af8c0f1,NA,FALSE,1.9638121423970716,4.074354997812243,Combined,0.4819933813944921,FALSE
secondary,Emotion: anger,study_fixed_effects,votechoice,Vote choice,study_idX5bee0c849477,NA,FALSE,-0.3265152972847966,3.876053260750064,Combined,-0.08423911523383244,FALSE
secondary,Emotion: anger,study_fixed_effects,votechoice,Vote choice,study_idX5c1c1e604f1e,NA,FALSE,-0.10342153341931477,3.584746425951907,Combined,-0.028850446065191857,FALSE
secondary,Emotion: anger,study_fixed_effects,votechoice,Vote choice,study_idX6725be1de97c,NA,FALSE,3.41809028895938,5.1015840189653305,Combined,0.6700056837743925,FALSE
secondary,Emotion: anger,study_fixed_effects,votechoice,Vote choice,study_idX877266884b5c,NA,FALSE,-2.5865445011742034,4.094260058892297,Combined,-0.6317489519398027,FALSE
secondary,Emotion: anger,study_fixed_effects,votechoice,Vote choice,study_idXb218652f3e19,NA,FALSE,-7.039541725368881,4.175818336038138,Combined,-1.6857873496594054,FALSE
secondary,Emotion: anger,study_fixed_effects,votechoice,Vote choice,study_idXbb1e5503bebf,NA,FALSE,-1.1665186231758617,3.562736095227171,Combined,-0.3274221250175087,FALSE
secondary,Emotion: anger,study_fixed_effects,votechoice,Vote choice,study_idXbf86b7c37550,NA,FALSE,-1.1198640719761583,3.9489668976855112,Combined,-0.2835840616016585,FALSE
secondary,Emotion: anger,study_fixed_effects,votechoice,Vote choice,study_idXc03c2d306034,NA,FALSE,4.059308513686372,4.638107541687682,Combined,0.8752079328047015,FALSE
secondary,Emotion: anger,study_fixed_effects,votechoice,Vote choice,study_idXc743e344bff5,NA,FALSE,-1.44262225680157,3.5920227392495603,Combined,-0.40161835309064897,FALSE
secondary,Emotion: anger,study_fixed_effects,votechoice,Vote choice,study_idXcbca87b096bc,NA,FALSE,2.9641974494053414,5.066761470895708,Combined,0.5850280236068282,FALSE
secondary,Emotion: anger,study_fixed_effects,votechoice,Vote choice,study_idXcd1c7907cdb8,NA,FALSE,-2.4743497289029976,4.580136514256809,Combined,-0.5402349299417105,FALSE
secondary,Emotion: anger,study_fixed_effects,votechoice,Vote choice,study_idXd0500f1294c1,NA,FALSE,-6.079907095834256,4.172926909097181,Combined,-1.4569886384973019,FALSE
secondary,Emotion: anger,study_fixed_effects,votechoice,Vote choice,study_idXd503139dae5a,NA,FALSE,-4.40938990719657,4.537907455787673,Combined,-0.9716791164554952,FALSE
secondary,Emotion: anger,study_fixed_effects,votechoice,Vote choice,study_idXf0130cfec75e,NA,FALSE,-2.781323568835371,4.131220892460354,Combined,-0.6732449416857372,FALSE
secondary,Emotion: anger,study_fixed_effects,votechoice,Vote choice,study_idXf337919542ab,NA,FALSE,-2.479331352031341,3.8999184527067885,Combined,-0.6357392807304802,FALSE
secondary,Emotion: anger,study_fixed_effects,votechoice_dichotomized,Vote choice (dichotomized),emotion_anger,Emotion: Anger,TRUE,1.5422744195131015,1.3239126256198952,Combined,1.1649367108278486,FALSE
secondary,Emotion: anger,study_fixed_effects,votechoice_dichotomized,Vote choice (dichotomized),intercept,Intercept,FALSE,2.800540944254973,4.408471425202417,Combined,0.635263490253061,FALSE
secondary,Emotion: anger,study_fixed_effects,votechoice_dichotomized,Vote choice (dichotomized),study_idX0ca4a39fd242,NA,FALSE,-1.2577464061375514,4.557725980410398,Combined,-0.2759591979736128,FALSE
secondary,Emotion: anger,study_fixed_effects,votechoice_dichotomized,Vote choice (dichotomized),study_idX201e65ae9067,NA,FALSE,2.111734004750682,6.237872321231766,Combined,0.33853434248132974,FALSE
secondary,Emotion: anger,study_fixed_effects,votechoice_dichotomized,Vote choice (dichotomized),study_idX43915f01925b,NA,FALSE,-0.014568382408351014,5.201537762553458,Combined,-0.002800783743844115,FALSE
secondary,Emotion: anger,study_fixed_effects,votechoice_dichotomized,Vote choice (dichotomized),study_idX4cd2c9923737,NA,FALSE,-4.3837574908719015,4.712416036964833,Combined,-0.9302568908358495,FALSE
secondary,Emotion: anger,study_fixed_effects,votechoice_dichotomized,Vote choice (dichotomized),study_idX4d1542866d9e,NA,FALSE,2.5353730612266485,4.609987042888433,Combined,0.5499740102605767,FALSE
secondary,Emotion: anger,study_fixed_effects,votechoice_dichotomized,Vote choice (dichotomized),study_idX5a248af8c0f1,NA,FALSE,4.201825626935667,5.145572157627107,Combined,0.8165905555726088,FALSE
secondary,Emotion: anger,study_fixed_effects,votechoice_dichotomized,Vote choice (dichotomized),study_idX5bee0c849477,NA,FALSE,0.3290688273636888,4.9395835877747425,Combined,0.06661873850624171,FALSE
secondary,Emotion: anger,study_fixed_effects,votechoice_dichotomized,Vote choice (dichotomized),study_idX5c1c1e604f1e,NA,FALSE,0.6633919038288373,4.543960107262377,Combined,0.1459942182961889,FALSE
secondary,Emotion: anger,study_fixed_effects,votechoice_dichotomized,Vote choice (dichotomized),study_idX6725be1de97c,NA,FALSE,5.509236081883962,6.273193895039767,Combined,0.8782186831878626,FALSE
secondary,Emotion: anger,study_fixed_effects,votechoice_dichotomized,Vote choice (dichotomized),study_idX877266884b5c,NA,FALSE,-2.026877045789395,5.058863255038859,Combined,-0.40065859534165765,FALSE
secondary,Emotion: anger,study_fixed_effects,votechoice_dichotomized,Vote choice (dichotomized),study_idXb218652f3e19,NA,FALSE,-7.030031324561124,5.1527213328493,Combined,-1.3643336929058665,FALSE
secondary,Emotion: anger,study_fixed_effects,votechoice_dichotomized,Vote choice (dichotomized),study_idXbb1e5503bebf,NA,FALSE,-0.480437941583668,4.510420565120232,Combined,-0.1065173268539452,FALSE
secondary,Emotion: anger,study_fixed_effects,votechoice_dichotomized,Vote choice (dichotomized),study_idXbf86b7c37550,NA,FALSE,1.5411315103262724,4.9682082331461155,Combined,0.3101986547271493,FALSE
secondary,Emotion: anger,study_fixed_effects,votechoice_dichotomized,Vote choice (dichotomized),study_idXc03c2d306034,NA,FALSE,6.260111430655663,5.907547784426615,Combined,1.0596802021912495,FALSE
secondary,Emotion: anger,study_fixed_effects,votechoice_dichotomized,Vote choice (dichotomized),study_idXc743e344bff5,NA,FALSE,-1.4903015790824514,4.548435956341332,Combined,-0.3276514374143721,FALSE
secondary,Emotion: anger,study_fixed_effects,votechoice_dichotomized,Vote choice (dichotomized),study_idXcbca87b096bc,NA,FALSE,6.719714798883686,6.191110649184186,Combined,1.0853811504352866,FALSE
secondary,Emotion: anger,study_fixed_effects,votechoice_dichotomized,Vote choice (dichotomized),study_idXcd1c7907cdb8,NA,FALSE,0.2556155879915619,5.715010935100857,Combined,0.044727051425501936,FALSE
secondary,Emotion: anger,study_fixed_effects,votechoice_dichotomized,Vote choice (dichotomized),study_idXd0500f1294c1,NA,FALSE,-5.827149353116165,5.237086395520948,Combined,-1.1126700827582054,FALSE
secondary,Emotion: anger,study_fixed_effects,votechoice_dichotomized,Vote choice (dichotomized),study_idXd503139dae5a,NA,FALSE,-5.246765288595309,5.600360084532062,Combined,-0.936862131970163,FALSE
secondary,Emotion: anger,study_fixed_effects,votechoice_dichotomized,Vote choice (dichotomized),study_idXf0130cfec75e,NA,FALSE,-2.157700545793319,5.127198399722001,Combined,-0.4208342212601546,FALSE
secondary,Emotion: anger,study_fixed_effects,votechoice_dichotomized,Vote choice (dichotomized),study_idXf337919542ab,NA,FALSE,-1.8571573505542494,4.897989671875924,Combined,-0.37916726554528657,FALSE
secondary,Emotion: anger,study_random_effects,favorability,Favorability,emotion_anger,Emotion: Anger,TRUE,-0.13312657158816565,0.8291973956314767,Combined,-0.16054870925732093,FALSE
secondary,Emotion: anger,study_random_effects,favorability,Favorability,intercept,Intercept,FALSE,2.719662741333122,0.5010162458708793,Combined,5.428292522941515,TRUE
secondary,Emotion: anger,study_random_effects,votechoice,Vote choice,emotion_anger,Emotion: Anger,TRUE,2.3517507783442606,1.0137594331683935,Combined,2.319831215768935,TRUE
secondary,Emotion: anger,study_random_effects,votechoice,Vote choice,intercept,Intercept,FALSE,1.704999279503125,0.5071757940796257,Combined,3.361752077693683,TRUE
secondary,Emotion: anger,study_random_effects,votechoice_dichotomized,Vote choice (dichotomized),emotion_anger,Emotion: Anger,TRUE,2.216192306059203,1.2276301191185641,Combined,1.8052606168138203,FALSE
secondary,Emotion: anger,study_random_effects,votechoice_dichotomized,Vote choice (dichotomized),intercept,Intercept,FALSE,2.163331021277347,0.6336564672872038,Combined,3.4140439385696673,TRUE
secondary,Emotion: enthusiasm,standard,favorability,Favorability,emotion_enthusiasm,Emotion: Enthusiasm,TRUE,-1.5648667310776343,0.8414583553719341,2020D-2018,-1.8597078763166426,FALSE
secondary,Emotion: enthusiasm,standard,favorability,Favorability,emotion_enthusiasm,Emotion: Enthusiasm,TRUE,-0.9527353178068962,0.755237304930436,2020P-2018,-1.2615045782128727,FALSE
secondary,Emotion: enthusiasm,standard,favorability,Favorability,emotion_enthusiasm,Emotion: Enthusiasm,TRUE,0.612131413270738,0.4240314034828911,2020P-2020D,1.443599243458949,FALSE
secondary,Emotion: enthusiasm,standard,favorability,Favorability,emotion_enthusiasm,Emotion: Enthusiasm,TRUE,-0.09347811669776,0.1341249296137801,Combined,-0.6969481137245346,FALSE
secondary,Emotion: enthusiasm,standard,favorability,Favorability,intercept,Intercept,FALSE,-0.2324509503958192,0.3764027344538897,2020D-2018,-0.6175591437534974,FALSE
secondary,Emotion: enthusiasm,standard,favorability,Favorability,intercept,Intercept,FALSE,-1.140756424808447,0.3155674711997552,2020P-2018,-3.6149366741489795,TRUE
secondary,Emotion: enthusiasm,standard,favorability,Favorability,intercept,Intercept,FALSE,-0.9083054744126278,0.25431366412259354,2020P-2020D,-3.5715952485147366,TRUE
secondary,Emotion: enthusiasm,standard,favorability,Favorability,intercept,Intercept,FALSE,1.233095395743746,0.09181100440100301,Combined,13.430801719126762,TRUE
secondary,Emotion: enthusiasm,standard,favorability,Favorability,race_levelGov,Race: Gov,FALSE,2.0233702130664732,0.7043098215036327,Combined,2.872841115216561,TRUE
secondary,Emotion: enthusiasm,standard,favorability,Favorability,race_levelOther,Race: Other,FALSE,-0.9153260444766486,0.5734427528549736,Combined,-1.5961942842935166,FALSE
secondary,Emotion: enthusiasm,standard,favorability,Favorability,race_levelStateLeg,Race: StateLeg,FALSE,-0.7835621809359057,1.08142352701707,2020D-2018,-0.7245655021924979,FALSE
secondary,Emotion: enthusiasm,standard,favorability,Favorability,race_levelStateLeg,Race: StateLeg,FALSE,-0.6948222680141191,0.4089770485661325,Combined,-1.6989272880963753,FALSE
secondary,Emotion: enthusiasm,standard,votechoice,Vote choice,emotion_enthusiasm,Emotion: Enthusiasm,TRUE,0.34728634256249163,1.2153139800529273,2020D-2018,0.28575853504735227,FALSE
secondary,Emotion: enthusiasm,standard,votechoice,Vote choice,emotion_enthusiasm,Emotion: Enthusiasm,TRUE,0.4171197925151458,1.1785794251944919,2020P-2018,0.35391742261775166,FALSE
secondary,Emotion: enthusiasm,standard,votechoice,Vote choice,emotion_enthusiasm,Emotion: Enthusiasm,TRUE,0.0698334499526542,0.35133423910013833,2020P-2020D,0.1987664229125988,FALSE
secondary,Emotion: enthusiasm,standard,votechoice,Vote choice,emotion_enthusiasm,Emotion: Enthusiasm,TRUE,0.08461598847553224,0.12259681772314321,Combined,0.6901972665115831,FALSE
secondary,Emotion: enthusiasm,standard,votechoice,Vote choice,intercept,Intercept,FALSE,-0.6256168337308896,0.4607676816102254,2020D-2018,-1.3577706482029572,FALSE
secondary,Emotion: enthusiasm,standard,votechoice,Vote choice,intercept,Intercept,FALSE,-1.5291429592357972,0.3866782885074111,2020P-2018,-3.9545612067807876,TRUE
secondary,Emotion: enthusiasm,standard,votechoice,Vote choice,intercept,Intercept,FALSE,-0.9035261255049076,0.28506947754902756,2020P-2020D,-3.1694944449095397,TRUE
secondary,Emotion: enthusiasm,standard,votechoice,Vote choice,intercept,Intercept,FALSE,0.9881621664751656,0.08795983783260997,Combined,11.234242704672397,TRUE
secondary,Emotion: enthusiasm,standard,votechoice,Vote choice,race_levelGov,Race: Gov,FALSE,-0.2883747678188126,1.1990483149130629,Combined,-0.240503042481421,FALSE
secondary,Emotion: enthusiasm,standard,votechoice,Vote choice,race_levelOther,Race: Other,FALSE,-0.3992258232804379,0.5289660008929362,Combined,-0.7547287020460923,FALSE
secondary,Emotion: enthusiasm,standard,votechoice,Vote choice,race_levelRunoff,Race: GA Runoff,FALSE,-0.7005517715326703,0.4012008021238024,Combined,-1.746137514741295,FALSE
secondary,Emotion: enthusiasm,standard,votechoice,Vote choice,race_levelStateLeg,Race: StateLeg,FALSE,-1.5953533432811988,2.283618005886655,2020D-2018,-0.6986077965617437,FALSE
secondary,Emotion: enthusiasm,standard,votechoice,Vote choice,race_levelStateLeg,Race: StateLeg,FALSE,-1.6807212636932183,0.505435387509965,Combined,-3.3252940043895953,TRUE
secondary,Emotion: enthusiasm,standard,votechoice_dichotomized,Vote choice (dichotomized),emotion_enthusiasm,Emotion: Enthusiasm,TRUE,-0.2850695046948157,1.4849908320922875,2020D-2018,-0.19196718157051862,FALSE
secondary,Emotion: enthusiasm,standard,votechoice_dichotomized,Vote choice (dichotomized),emotion_enthusiasm,Emotion: Enthusiasm,TRUE,-0.5173224934539449,1.4083543387364377,2020P-2018,-0.36732410248267616,FALSE
secondary,Emotion: enthusiasm,standard,votechoice_dichotomized,Vote choice (dichotomized),emotion_enthusiasm,Emotion: Enthusiasm,TRUE,-0.23225298875912923,0.5624447122202685,2020P-2020D,-0.41293478934543293,FALSE
secondary,Emotion: enthusiasm,standard,votechoice_dichotomized,Vote choice (dichotomized),emotion_enthusiasm,Emotion: Enthusiasm,TRUE,0.1513805931623395,0.1985236385316044,Combined,0.7625318288645014,FALSE
secondary,Emotion: enthusiasm,standard,votechoice_dichotomized,Vote choice (dichotomized),intercept,Intercept,FALSE,-0.47714065481213463,0.6239965226426597,2020D-2018,-0.7646527464470757,FALSE
secondary,Emotion: enthusiasm,standard,votechoice_dichotomized,Vote choice (dichotomized),intercept,Intercept,FALSE,-1.5400849787901274,0.47761195035583676,2020P-2018,-3.2245528564407002,TRUE
secondary,Emotion: enthusiasm,standard,votechoice_dichotomized,Vote choice (dichotomized),intercept,Intercept,FALSE,-1.0629443239779928,0.4586924874811938,2020P-2020D,-2.317335367350164,TRUE
secondary,Emotion: enthusiasm,standard,votechoice_dichotomized,Vote choice (dichotomized),intercept,Intercept,FALSE,1.284619920363655,0.14003617790309514,Combined,9.17348602053828,TRUE
secondary,Emotion: enthusiasm,standard,votechoice_dichotomized,Vote choice (dichotomized),race_levelGov,Race: Gov,FALSE,-0.0906008814127154,1.4637003947481717,Combined,-0.06189851539139825,FALSE
secondary,Emotion: enthusiasm,standard,votechoice_dichotomized,Vote choice (dichotomized),race_levelOther,Race: Other,FALSE,-0.10292645152150004,0.7775830247946681,Combined,-0.1323671533964868,FALSE
secondary,Emotion: enthusiasm,standard,votechoice_dichotomized,Vote choice (dichotomized),race_levelRunoff,Race: GA Runoff,FALSE,-1.0606375273981576,0.6491660679637127,Combined,-1.6338462216996923,FALSE
secondary,Emotion: enthusiasm,standard,votechoice_dichotomized,Vote choice (dichotomized),race_levelStateLeg,Race: StateLeg,FALSE,-3.5265438074072897,2.9653554846521355,2020D-2018,-1.1892482455003155,FALSE
secondary,Emotion: enthusiasm,standard,votechoice_dichotomized,Vote choice (dichotomized),race_levelStateLeg,Race: StateLeg,FALSE,-2.4683900283708047,0.8454771074229047,Combined,-2.919523197848247,TRUE
secondary,Emotion: enthusiasm,study_fixed_effects,favorability,Favorability,emotion_enthusiasm,Emotion: Enthusiasm,TRUE,0.22174285633582738,0.7831490007712408,Combined,0.2831426154122092,FALSE
secondary,Emotion: enthusiasm,study_fixed_effects,favorability,Favorability,intercept,Intercept,FALSE,2.6929351888093946,2.5155316309760134,Combined,1.070523286469091,FALSE
secondary,Emotion: enthusiasm,study_fixed_effects,favorability,Favorability,study_idX08b80ae785a7,NA,FALSE,2.7131229417920344,3.7804599787698683,Combined,0.7176700605292119,FALSE
secondary,Emotion: enthusiasm,study_fixed_effects,favorability,Favorability,study_idX0c2b064a71c5,NA,FALSE,3.3406413395834234,2.763500918070716,Combined,1.2088439405750684,FALSE
secondary,Emotion: enthusiasm,study_fixed_effects,favorability,Favorability,study_idX0ca4a39fd242,NA,FALSE,-2.0381565157808055,2.613930844774688,Combined,-0.7797285532075688,FALSE
secondary,Emotion: enthusiasm,study_fixed_effects,favorability,Favorability,study_idX201e65ae9067,NA,FALSE,-2.3752540050018394,3.857894146966887,Combined,-0.6156866711517439,FALSE
secondary,Emotion: enthusiasm,study_fixed_effects,favorability,Favorability,study_idX3c2f80c20258,NA,FALSE,-6.520343380494107,3.3603605624449417,Combined,-1.9403701654414176,FALSE
secondary,Emotion: enthusiasm,study_fixed_effects,favorability,Favorability,study_idX3f0cfe830de9,NA,FALSE,4.899276913544426,2.694755029352478,Combined,1.8180787716060678,FALSE
secondary,Emotion: enthusiasm,study_fixed_effects,favorability,Favorability,study_idX43915f01925b,NA,FALSE,-0.5999193884193442,2.9763708506420703,Combined,-0.20156069875833116,FALSE
secondary,Emotion: enthusiasm,study_fixed_effects,favorability,Favorability,study_idX495cbb4fe018,NA,FALSE,6.250380862403192,7.424222963620111,Combined,0.8418902413129381,FALSE
secondary,Emotion: enthusiasm,study_fixed_effects,favorability,Favorability,study_idX4d1542866d9e,NA,FALSE,1.484006262851659,2.633306122665602,Combined,0.5635525053765692,FALSE
secondary,Emotion: enthusiasm,study_fixed_effects,favorability,Favorability,study_idX52ae33d7915c,NA,FALSE,0.9406531561058543,3.6835134712395936,Combined,0.2553684582533375,FALSE
secondary,Emotion: enthusiasm,study_fixed_effects,favorability,Favorability,study_idX5a248af8c0f1,NA,FALSE,1.909750703650115,2.953190851507911,Combined,0.6466736488347811,FALSE
secondary,Emotion: enthusiasm,study_fixed_effects,favorability,Favorability,study_idX5bee0c849477,NA,FALSE,-1.4340436392570517,2.82890181970878,Combined,-0.5069259135351253,FALSE
secondary,Emotion: enthusiasm,study_fixed_effects,favorability,Favorability,study_idX5c1c1e604f1e,NA,FALSE,-0.39230907921025154,2.6028739451828558,Combined,-0.1507215053330949,FALSE
secondary,Emotion: enthusiasm,study_fixed_effects,favorability,Favorability,study_idX6725be1de97c,NA,FALSE,5.006534611217509,3.6253135449288605,Combined,1.3809935469500894,FALSE
secondary,Emotion: enthusiasm,study_fixed_effects,favorability,Favorability,study_idX6dc1b2269d4d,NA,FALSE,0.8360340301867634,3.5037633303222018,Combined,0.23861030308513523,FALSE
secondary,Emotion: enthusiasm,study_fixed_effects,favorability,Favorability,study_idX877266884b5c,NA,FALSE,-0.004947560219706342,3.0467937358993975,Combined,-0.0016238579466049243,FALSE
secondary,Emotion: enthusiasm,study_fixed_effects,favorability,Favorability,study_idX96c94303546c,NA,FALSE,-0.30074210311523647,2.7307042685955034,Combined,-0.11013353096266211,FALSE
secondary,Emotion: enthusiasm,study_fixed_effects,favorability,Favorability,study_idX9b63b51005a1,NA,FALSE,6.5211728249107495,3.808002457065693,Combined,1.712491758720063,FALSE
secondary,Emotion: enthusiasm,study_fixed_effects,favorability,Favorability,study_idXb218652f3e19,NA,FALSE,-2.08852784498522,2.999534000691325,Combined,-0.6962841042988216,FALSE
secondary,Emotion: enthusiasm,study_fixed_effects,favorability,Favorability,study_idXbb1e5503bebf,NA,FALSE,-1.2730322718708122,2.60787937003428,Combined,-0.48814844984723293,FALSE
secondary,Emotion: enthusiasm,study_fixed_effects,favorability,Favorability,study_idXbf86b7c37550,NA,FALSE,0.032169922631597875,2.8322905705483437,Combined,0.01135827056945278,FALSE
secondary,Emotion: enthusiasm,study_fixed_effects,favorability,Favorability,study_idXc03c2d306034,NA,FALSE,1.1042025401723834,3.4246268979159806,Combined,0.3224300261276152,FALSE
secondary,Emotion: enthusiasm,study_fixed_effects,favorability,Favorability,study_idXc743e344bff5,NA,FALSE,-0.31938887784926756,2.610939728749652,Combined,-0.12232717374989699,FALSE
secondary,Emotion: enthusiasm,study_fixed_effects,favorability,Favorability,study_idXcbca87b096bc,NA,FALSE,0.9042905087633181,3.890333686908668,Combined,0.23244548708156812,FALSE
secondary,Emotion: enthusiasm,study_fixed_effects,favorability,Favorability,study_idXcd1c7907cdb8,NA,FALSE,-2.3275345191029344,3.3228613359302854,Combined,-0.7004609232215541,FALSE
secondary,Emotion: enthusiasm,study_fixed_effects,favorability,Favorability,study_idXd0500f1294c1,NA,FALSE,-5.904230066010473,3.0262171686885835,Combined,-1.9510265578755808,FALSE
secondary,Emotion: enthusiasm,study_fixed_effects,favorability,Favorability,study_idXd503139dae5a,NA,FALSE,-0.6560312763341788,3.3510042286194843,Combined,-0.19577154535685098,FALSE
secondary,Emotion: enthusiasm,study_fixed_effects,favorability,Favorability,study_idXd783f4c0b772,NA,FALSE,-1.340218268699046,3.648517532701676,Combined,-0.36733228131334567,FALSE
secondary,Emotion: enthusiasm,study_fixed_effects,favorability,Favorability,study_idXe1243115280f,NA,FALSE,2.973505147174727,3.3141252199924605,Combined,0.8972217251288687,FALSE
secondary,Emotion: enthusiasm,study_fixed_effects,favorability,Favorability,study_idXf0130cfec75e,NA,FALSE,-3.1007548969390384,3.0197318966484294,Combined,-1.0268311900074756,FALSE
secondary,Emotion: enthusiasm,study_fixed_effects,favorability,Favorability,study_idXf337919542ab,NA,FALSE,-1.1738772000013882,2.89013901078564,Combined,-0.40616634550124553,FALSE
secondary,Emotion: enthusiasm,study_fixed_effects,votechoice,Vote choice,emotion_enthusiasm,Emotion: Enthusiasm,TRUE,0.5897696883281783,1.3986539201472263,Combined,0.4216694922401515,FALSE
secondary,Emotion: enthusiasm,study_fixed_effects,votechoice,Vote choice,intercept,Intercept,FALSE,3.251875714484131,3.4956244300008206,Combined,0.9302703364169381,FALSE
secondary,Emotion: enthusiasm,study_fixed_effects,votechoice,Vote choice,study_idX0ca4a39fd242,NA,FALSE,-1.8145570929743893,3.6191379811425404,Combined,-0.5013782570405189,FALSE
secondary,Emotion: enthusiasm,study_fixed_effects,votechoice,Vote choice,study_idX201e65ae9067,NA,FALSE,2.235563846716334,5.183149245045335,Combined,0.4313138096213126,FALSE
secondary,Emotion: enthusiasm,study_fixed_effects,votechoice,Vote choice,study_idX43915f01925b,NA,FALSE,-1.173660132686045,4.103197649172958,Combined,-0.2860354857442971,FALSE
secondary,Emotion: enthusiasm,study_fixed_effects,votechoice,Vote choice,study_idX4cd2c9923737,NA,FALSE,-4.082917660981484,3.7438986634709996,Combined,-1.0905523968418998,FALSE
secondary,Emotion: enthusiasm,study_fixed_effects,votechoice,Vote choice,study_idX4d1542866d9e,NA,FALSE,2.343482031145821,3.6358020281147083,Combined,0.6445571054266117,FALSE
secondary,Emotion: enthusiasm,study_fixed_effects,votechoice,Vote choice,study_idX5a248af8c0f1,NA,FALSE,2.036187392956315,4.106326148628359,Combined,0.4958659685705835,FALSE
secondary,Emotion: enthusiasm,study_fixed_effects,votechoice,Vote choice,study_idX5bee0c849477,NA,FALSE,-0.37635298196688727,3.9031031288365927,Combined,-0.09642404249745451,FALSE
secondary,Emotion: enthusiasm,study_fixed_effects,votechoice,Vote choice,study_idX5c1c1e604f1e,NA,FALSE,-0.0929901596747528,3.612320397289856,Combined,-0.025742500511449284,FALSE
secondary,Emotion: enthusiasm,study_fixed_effects,votechoice,Vote choice,study_idX6725be1de97c,NA,FALSE,3.390942020627721,5.125449281265267,Combined,0.6615892255577318,FALSE
secondary,Emotion: enthusiasm,study_fixed_effects,votechoice,Vote choice,study_idX877266884b5c,NA,FALSE,-2.9885565787671897,4.137246489013208,Combined,-0.7223540068747518,FALSE
secondary,Emotion: enthusiasm,study_fixed_effects,votechoice,Vote choice,study_idXb218652f3e19,NA,FALSE,-7.202463104355388,4.203418658210203,Combined,-1.7134774549014742,FALSE
secondary,Emotion: enthusiasm,study_fixed_effects,votechoice,Vote choice,study_idXbb1e5503bebf,NA,FALSE,-0.9014814195863768,3.587892913278268,Combined,-0.2512565010650473,FALSE
secondary,Emotion: enthusiasm,study_fixed_effects,votechoice,Vote choice,study_idXbf86b7c37550,NA,FALSE,-1.4379428533065708,3.98828071093744,Combined,-0.360542037415562,FALSE
secondary,Emotion: enthusiasm,study_fixed_effects,votechoice,Vote choice,study_idXc03c2d306034,NA,FALSE,4.264954594566921,4.673133058421033,Combined,0.9126542174701039,FALSE
secondary,Emotion: enthusiasm,study_fixed_effects,votechoice,Vote choice,study_idXc743e344bff5,NA,FALSE,-1.1772811846677949,3.619634266559569,Combined,-0.32524865717629264,FALSE
secondary,Emotion: enthusiasm,study_fixed_effects,votechoice,Vote choice,study_idXcbca87b096bc,NA,FALSE,2.731937762668681,5.082792947246225,Combined,0.5374875173990317,FALSE
secondary,Emotion: enthusiasm,study_fixed_effects,votechoice,Vote choice,study_idXcd1c7907cdb8,NA,FALSE,-2.7359458747301177,4.602567874967862,Combined,-0.594439006453375,FALSE
secondary,Emotion: enthusiasm,study_fixed_effects,votechoice,Vote choice,study_idXd0500f1294c1,NA,FALSE,-6.087021898110155,4.196662499884933,Combined,-1.4504435127382898,FALSE
secondary,Emotion: enthusiasm,study_fixed_effects,votechoice,Vote choice,study_idXd503139dae5a,NA,FALSE,-4.189352738394318,4.569524707459484,Combined,-0.916802732580796,FALSE
secondary,Emotion: enthusiasm,study_fixed_effects,votechoice,Vote choice,study_idXf0130cfec75e,NA,FALSE,-3.303475931044966,4.1840397692719264,Combined,-0.7895421920475223,FALSE
secondary,Emotion: enthusiasm,study_fixed_effects,votechoice,Vote choice,study_idXf337919542ab,NA,FALSE,-3.002144061646178,3.9695518965787886,Combined,-0.756292936800654,FALSE
secondary,Emotion: enthusiasm,study_fixed_effects,votechoice_dichotomized,Vote choice (dichotomized),emotion_enthusiasm,Emotion: Enthusiasm,TRUE,1.3866758614139159,1.6615010704219741,Combined,0.8345922167006125,FALSE
secondary,Emotion: enthusiasm,study_fixed_effects,votechoice_dichotomized,Vote choice (dichotomized),intercept,Intercept,FALSE,2.737809174825191,4.430386144655802,Combined,0.6179617499318205,FALSE
secondary,Emotion: enthusiasm,study_fixed_effects,votechoice_dichotomized,Vote choice (dichotomized),study_idX0ca4a39fd242,NA,FALSE,-1.1410816382898474,4.577415308850575,Combined,-0.2492851448465973,FALSE
secondary,Emotion: enthusiasm,study_fixed_effects,votechoice_dichotomized,Vote choice (dichotomized),study_idX201e65ae9067,NA,FALSE,2.7341422494006835,6.275635361401034,Combined,0.4356757669856534,FALSE
secondary,Emotion: enthusiasm,study_fixed_effects,votechoice_dichotomized,Vote choice (dichotomized),study_idX43915f01925b,NA,FALSE,0.49973123479438164,5.214024391565489,Combined,0.0958436703140047,FALSE
secondary,Emotion: enthusiasm,study_fixed_effects,votechoice_dichotomized,Vote choice (dichotomized),study_idX4cd2c9923737,NA,FALSE,-4.007390272288256,4.743344196351564,Combined,-0.8448449250995993,FALSE
secondary,Emotion: enthusiasm,study_fixed_effects,votechoice_dichotomized,Vote choice (dichotomized),study_idX4d1542866d9e,NA,FALSE,3.508983748899671,4.585684244934135,Combined,0.7652039611702639,FALSE
secondary,Emotion: enthusiasm,study_fixed_effects,votechoice_dichotomized,Vote choice (dichotomized),study_idX5a248af8c0f1,NA,FALSE,4.429531474325919,5.174910859661061,Combined,0.8559628551004718,FALSE
secondary,Emotion: enthusiasm,study_fixed_effects,votechoice_dichotomized,Vote choice (dichotomized),study_idX5bee0c849477,NA,FALSE,0.39001126255159896,4.962644881141785,Combined,0.07858939575419846,FALSE
secondary,Emotion: enthusiasm,study_fixed_effects,votechoice_dichotomized,Vote choice (dichotomized),study_idX5c1c1e604f1e,NA,FALSE,0.8127766878822591,4.569011744536824,Combined,0.17788894695972224,FALSE
secondary,Emotion: enthusiasm,study_fixed_effects,votechoice_dichotomized,Vote choice (dichotomized),study_idX6725be1de97c,NA,FALSE,5.384762856092838,6.294708314529474,Combined,0.8554427921090011,FALSE
secondary,Emotion: enthusiasm,study_fixed_effects,votechoice_dichotomized,Vote choice (dichotomized),study_idX877266884b5c,NA,FALSE,-2.690695982516202,5.102686517447863,Combined,-0.5273096776209503,FALSE
secondary,Emotion: enthusiasm,study_fixed_effects,votechoice_dichotomized,Vote choice (dichotomized),study_idXb218652f3e19,NA,FALSE,-7.028102764561293,5.177680238674241,Combined,-1.3573844734685387,FALSE
secondary,Emotion: enthusiasm,study_fixed_effects,votechoice_dichotomized,Vote choice (dichotomized),study_idXbb1e5503bebf,NA,FALSE,-0.07687873438546733,4.533438521972209,Combined,-0.016958150863380917,FALSE
secondary,Emotion: enthusiasm,study_fixed_effects,votechoice_dichotomized,Vote choice (dichotomized),study_idXbf86b7c37550,NA,FALSE,0.9884454770955744,5.007541624847451,Combined,0.19739136509438127,FALSE
secondary,Emotion: enthusiasm,study_fixed_effects,votechoice_dichotomized,Vote choice (dichotomized),study_idXc03c2d306034,NA,FALSE,6.621374671182781,5.93999318609239,Combined,1.1147108193130162,FALSE
secondary,Emotion: enthusiasm,study_fixed_effects,votechoice_dichotomized,Vote choice (dichotomized),study_idXc743e344bff5,NA,FALSE,-1.0902193516270768,4.574175216741813,Combined,-0.23834228029499063,FALSE
secondary,Emotion: enthusiasm,study_fixed_effects,votechoice_dichotomized,Vote choice (dichotomized),study_idXcbca87b096bc,NA,FALSE,6.479760294081829,6.2044196812589725,Combined,1.044378141223191,FALSE
secondary,Emotion: enthusiasm,study_fixed_effects,votechoice_dichotomized,Vote choice (dichotomized),study_idXcd1c7907cdb8,NA,FALSE,-0.0818494727005652,5.734339129490543,Combined,-0.014273566814287274,FALSE
secondary,Emotion: enthusiasm,study_fixed_effects,votechoice_dichotomized,Vote choice (dichotomized),study_idXd0500f1294c1,NA,FALSE,-5.724958037715796,5.258491343988879,Combined,-1.0887073236813725,FALSE
secondary,Emotion: enthusiasm,study_fixed_effects,votechoice_dichotomized,Vote choice (dichotomized),study_idXd503139dae5a,NA,FALSE,-4.911378059356023,5.63028697398669,Combined,-0.8723139836473339,FALSE
secondary,Emotion: enthusiasm,study_fixed_effects,votechoice_dichotomized,Vote choice (dichotomized),study_idXf0130cfec75e,NA,FALSE,-2.951274742896149,5.178808633396013,Combined,-0.5698752264883064,FALSE
secondary,Emotion: enthusiasm,study_fixed_effects,votechoice_dichotomized,Vote choice (dichotomized),study_idXf337919542ab,NA,FALSE,-2.732357497302051,4.97137347674748,Combined,-0.549618231275936,FALSE
secondary,Emotion: enthusiasm,study_random_effects,favorability,Favorability,emotion_enthusiasm,Emotion: Enthusiasm,TRUE,0.5522764768922397,0.7327854815995798,Combined,0.753667329334485,FALSE
secondary,Emotion: enthusiasm,study_random_effects,favorability,Favorability,intercept,Intercept,FALSE,2.588008118263194,0.49614288932960104,Combined,5.216255586692307,TRUE
secondary,Emotion: enthusiasm,study_random_effects,votechoice,Vote choice,emotion_enthusiasm,Emotion: Enthusiasm,TRUE,0.032675255030602944,1.224566391772066,Combined,0.026683122491479364,FALSE
secondary,Emotion: enthusiasm,study_random_effects,votechoice,Vote choice,intercept,Intercept,FALSE,2.068333941343539,0.5721910256767755,Combined,3.6147612397400977,TRUE
secondary,Emotion: enthusiasm,study_random_effects,votechoice_dichotomized,Vote choice (dichotomized),emotion_enthusiasm,Emotion: Enthusiasm,TRUE,0.9425614028392485,1.4620730269000055,Combined,0.644674640389021,FALSE
secondary,Emotion: enthusiasm,study_random_effects,votechoice_dichotomized,Vote choice (dichotomized),intercept,Intercept,FALSE,2.3987389883414516,0.6987841403571251,Combined,3.4327324416886977,TRUE
secondary,Explicit vote for,standard,favorability,Favorability,explicit_vote_for,Explicit vote for,TRUE,-2.2438714040546595,0.6914622083586017,2020D-2018,-3.245110689969852,TRUE
secondary,Explicit vote for,standard,favorability,Favorability,explicit_vote_for,Explicit vote for,TRUE,-0.8107476103296836,0.5918124804965365,2020P-2018,-1.369940035143325,FALSE
secondary,Explicit vote for,standard,favorability,Favorability,explicit_vote_for,Explicit vote for,TRUE,1.4331237937249761,0.45198382510476376,2020P-2020D,3.170741327729587,TRUE
secondary,Explicit vote for,standard,favorability,Favorability,explicit_vote_for,Explicit vote for,TRUE,0.14074737619756852,0.16807335149726302,Combined,0.8374163717432654,FALSE
secondary,Explicit vote for,standard,favorability,Favorability,intercept,Intercept,FALSE,0.6196736533252563,0.47491358541030815,2020D-2018,1.3048134910478095,FALSE
secondary,Explicit vote for,standard,favorability,Favorability,intercept,Intercept,FALSE,-1.0870472710269974,0.34610289509490977,2020P-2018,-3.1408210865410497,TRUE
secondary,Explicit vote for,standard,favorability,Favorability,intercept,Intercept,FALSE,-1.7067209243522536,0.3706533098344062,2020P-2020D,-4.604628851458933,TRUE
secondary,Explicit vote for,standard,favorability,Favorability,intercept,Intercept,FALSE,1.110133504718321,0.11105740990022905,Combined,9.99603273402139,TRUE
secondary,Explicit vote for,standard,favorability,Favorability,race_levelGov,Race: Gov,FALSE,2.0151510790576204,0.6714994404224243,Combined,3.000972089850048,TRUE
secondary,Explicit vote for,standard,favorability,Favorability,race_levelOther,Race: Other,FALSE,-1.6114947782124764,0.5729580157006471,Combined,-2.8125878930969224,TRUE
secondary,Explicit vote for,standard,favorability,Favorability,race_levelStateLeg,Race: StateLeg,FALSE,-0.9767241628626114,1.0744049609823334,2020D-2018,-0.9090838169339688,FALSE
secondary,Explicit vote for,standard,favorability,Favorability,race_levelStateLeg,Race: StateLeg,FALSE,-0.9951834578589779,0.40888962392665507,Combined,-2.4338682119199233,TRUE
secondary,Explicit vote for,standard,votechoice,Vote choice,explicit_vote_for,Explicit vote for,TRUE,-1.7650976548982462,0.7806478728940375,2020D-2018,-2.261067654427382,TRUE
secondary,Explicit vote for,standard,votechoice,Vote choice,explicit_vote_for,Explicit vote for,TRUE,-1.6514912862350655,0.7035706199578988,2020P-2018,-2.3472999573715705,TRUE
secondary,Explicit vote for,standard,votechoice,Vote choice,explicit_vote_for,Explicit vote for,TRUE,0.11360636866318077,0.40609286240274217,2020P-2020D,0.2797546551077073,FALSE
secondary,Explicit vote for,standard,votechoice,Vote choice,explicit_vote_for,Explicit vote for,TRUE,0.34397884343121204,0.14302675401246007,Combined,2.4049965043690054,TRUE
secondary,Explicit vote for,standard,votechoice,Vote choice,intercept,Intercept,FALSE,-0.20334225520296223,0.5382682636077919,2020D-2018,-0.3777712136324782,FALSE
secondary,Explicit vote for,standard,votechoice,Vote choice,intercept,Intercept,FALSE,-1.0912459711557867,0.40898640036212736,2020P-2018,-2.6681717783025762,TRUE
secondary,Explicit vote for,standard,votechoice,Vote choice,intercept,Intercept,FALSE,-0.8879037159528246,0.38315425093955335,2020P-2020D,-2.3173531646211614,TRUE
secondary,Explicit vote for,standard,votechoice,Vote choice,intercept,Intercept,FALSE,0.8493257823505784,0.10204629733854428,Combined,8.322945609019921,TRUE
secondary,Explicit vote for,standard,votechoice,Vote choice,race_levelGov,Race: Gov,FALSE,-0.7910182729839011,1.169276232208589,Combined,-0.6765024817872037,FALSE
secondary,Explicit vote for,standard,votechoice,Vote choice,race_levelOther,Race: Other,FALSE,-0.38979299342550283,0.5279412928553501,Combined,-0.7383263985988338,FALSE
secondary,Explicit vote for,standard,votechoice,Vote choice,race_levelRunoff,Race: GA Runoff,FALSE,-0.6846317238641116,0.39271941771513286,Combined,-1.7433100910755663,FALSE
secondary,Explicit vote for,standard,votechoice,Vote choice,race_levelStateLeg,Race: StateLeg,FALSE,-1.184743198865528,2.2455925758094355,2020D-2018,-0.5275859974013679,FALSE
secondary,Explicit vote for,standard,votechoice,Vote choice,race_levelStateLeg,Race: StateLeg,FALSE,-1.6758969402650923,0.4965984804706522,Combined,-3.3747524532832998,TRUE
secondary,Explicit vote for,standard,votechoice_dichotomized,Vote choice (dichotomized),explicit_vote_for,Explicit vote for,TRUE,-1.2595610068068315,1.010379582855213,2020D-2018,-1.2466215946757964,FALSE
secondary,Explicit vote for,standard,votechoice_dichotomized,Vote choice (dichotomized),explicit_vote_for,Explicit vote for,TRUE,-2.12659177529653,0.8567521406273536,2020P-2018,-2.48215519337873,TRUE
secondary,Explicit vote for,standard,votechoice_dichotomized,Vote choice (dichotomized),explicit_vote_for,Explicit vote for,TRUE,-0.8670307684896984,0.6486488933072899,2020P-2020D,-1.3366719305862633,FALSE
secondary,Explicit vote for,standard,votechoice_dichotomized,Vote choice (dichotomized),explicit_vote_for,Explicit vote for,TRUE,0.3396942863612397,0.22785128862188467,Combined,1.490859623466763,FALSE
secondary,Explicit vote for,standard,votechoice_dichotomized,Vote choice (dichotomized),intercept,Intercept,FALSE,-0.5054605852457077,0.7505697059345818,2020D-2018,-0.673435899756075,FALSE
secondary,Explicit vote for,standard,votechoice_dichotomized,Vote choice (dichotomized),intercept,Intercept,FALSE,-0.9924592463059141,0.5090283515256783,2020P-2018,-1.9497131020920135,FALSE
secondary,Explicit vote for,standard,votechoice_dichotomized,Vote choice (dichotomized),intercept,Intercept,FALSE,-0.4869986610602064,0.6072833317174913,2020P-2020D,-0.8019298993155284,FALSE
secondary,Explicit vote for,standard,votechoice_dichotomized,Vote choice (dichotomized),intercept,Intercept,FALSE,1.19616884677088,0.16144841214363553,Combined,7.408984894237835,TRUE
secondary,Explicit vote for,standard,votechoice_dichotomized,Vote choice (dichotomized),race_levelGov,Race: Gov,FALSE,-0.4946356226157675,1.4276929348327632,Combined,-0.34645798865265665,FALSE
secondary,Explicit vote for,standard,votechoice_dichotomized,Vote choice (dichotomized),race_levelOther,Race: Other,FALSE,-0.0676748647106883,0.7703723614456014,Combined,-0.08784695310680231,FALSE
secondary,Explicit vote for,standard,votechoice_dichotomized,Vote choice (dichotomized),race_levelRunoff,Race: GA Runoff,FALSE,-0.9268776743265582,0.6306888146151468,Combined,-1.4696275767822982,FALSE
secondary,Explicit vote for,standard,votechoice_dichotomized,Vote choice (dichotomized),race_levelStateLeg,Race: StateLeg,FALSE,-2.9471371067950676,2.9226334137101073,2020D-2018,-1.0083841144667727,FALSE
secondary,Explicit vote for,standard,votechoice_dichotomized,Vote choice (dichotomized),race_levelStateLeg,Race: StateLeg,FALSE,-2.3402810313136806,0.8320497365424231,Combined,-2.8126696380419545,TRUE
secondary,Explicit vote for,study_fixed_effects,favorability,Favorability,explicit_vote_for,Explicit vote for,TRUE,1.0758395881116802,0.6248751853126074,Combined,1.7216871679317334,FALSE
secondary,Explicit vote for,study_fixed_effects,favorability,Favorability,intercept,Intercept,FALSE,1.6802574659195382,2.5747683404554027,Combined,0.6525858810359416,FALSE
secondary,Explicit vote for,study_fixed_effects,favorability,Favorability,study_idX08b80ae785a7,NA,FALSE,3.794968938055717,3.8213078062975305,Combined,0.9931073680590695,FALSE
secondary,Explicit vote for,study_fixed_effects,favorability,Favorability,study_idX0c2b064a71c5,NA,FALSE,3.4421941489342345,2.721014110511665,Combined,1.265040903550095,FALSE
secondary,Explicit vote for,study_fixed_effects,favorability,Favorability,study_idX0ca4a39fd242,NA,FALSE,-1.0775165354166774,2.6616899397057128,Combined,-0.4048242131222136,FALSE
secondary,Explicit vote for,study_fixed_effects,favorability,Favorability,study_idX201e65ae9067,NA,FALSE,-2.036384021089597,3.8394191283404777,Combined,-0.5303885699943858,FALSE
secondary,Explicit vote for,study_fixed_effects,favorability,Favorability,study_idX3c2f80c20258,NA,FALSE,-5.8574192741509785,3.3593150053860756,Combined,-1.7436350162933898,FALSE
secondary,Explicit vote for,study_fixed_effects,favorability,Favorability,study_idX3f0cfe830de9,NA,FALSE,5.529909491405566,2.684438790480362,Combined,2.0599871790766464,TRUE
secondary,Explicit vote for,study_fixed_effects,favorability,Favorability,study_idX43915f01925b,NA,FALSE,-0.06602732778510575,2.978488644662045,Combined,-0.02216806429779005,FALSE
secondary,Explicit vote for,study_fixed_effects,favorability,Favorability,study_idX495cbb4fe018,NA,FALSE,6.894629885591215,7.425715852667068,Combined,0.9284801657357916,FALSE
secondary,Explicit vote for,study_fixed_effects,favorability,Favorability,study_idX4d1542866d9e,NA,FALSE,1.806810093535379,2.626560608315596,Combined,0.68789963871958,FALSE
secondary,Explicit vote for,study_fixed_effects,favorability,Favorability,study_idX52ae33d7915c,NA,FALSE,1.9531580455569297,3.7172611455467237,Combined,0.5254293333404385,FALSE
secondary,Explicit vote for,study_fixed_effects,favorability,Favorability,study_idX5a248af8c0f1,NA,FALSE,2.8095792734115084,2.9857460068110044,Combined,0.9409974147172502,FALSE
secondary,Explicit vote for,study_fixed_effects,favorability,Favorability,study_idX5bee0c849477,NA,FALSE,-0.7978224316544489,2.842262940244623,Combined,-0.28069972709343466,FALSE
secondary,Explicit vote for,study_fixed_effects,favorability,Favorability,study_idX5c1c1e604f1e,NA,FALSE,0.5522262235594103,2.6488703471972372,Combined,0.20847612422545309,FALSE
secondary,Explicit vote for,study_fixed_effects,favorability,Favorability,study_idX6725be1de97c,NA,FALSE,4.970470105014473,3.6098309545748606,Combined,1.3769260022315528,FALSE
secondary,Explicit vote for,study_fixed_effects,favorability,Favorability,study_idX6dc1b2269d4d,NA,FALSE,1.7378916165727119,3.5309422556597547,Combined,0.4921891922154891,FALSE
secondary,Explicit vote for,study_fixed_effects,favorability,Favorability,study_idX877266884b5c,NA,FALSE,0.19828617345103164,3.0245824204745753,Combined,0.06555819808670293,FALSE
secondary,Explicit vote for,study_fixed_effects,favorability,Favorability,study_idX96c94303546c,NA,FALSE,0.1085286837996812,2.7212371070996406,Combined,0.0398821122630338,FALSE
secondary,Explicit vote for,study_fixed_effects,favorability,Favorability,study_idX9b63b51005a1,NA,FALSE,7.166959777135925,3.814777193600966,Combined,1.8787361393367932,FALSE
secondary,Explicit vote for,study_fixed_effects,favorability,Favorability,study_idXb218652f3e19,NA,FALSE,-1.4969206200281093,3.0036264531221706,Combined,-0.4983711001985982,FALSE
secondary,Explicit vote for,study_fixed_effects,favorability,Favorability,study_idXbb1e5503bebf,NA,FALSE,-0.483614630699805,2.636544793496354,Combined,-0.18342742816004948,FALSE
secondary,Explicit vote for,study_fixed_effects,favorability,Favorability,study_idXbf86b7c37550,NA,FALSE,1.166675115345464,2.8726068017829975,Combined,0.4061381162995648,FALSE
secondary,Explicit vote for,study_fixed_effects,favorability,Favorability,study_idXc03c2d306034,NA,FALSE,1.6912908112069454,3.4248336202653245,Combined,0.49383152547886977,FALSE
secondary,Explicit vote for,study_fixed_effects,favorability,Favorability,study_idXc743e344bff5,NA,FALSE,0.6086441449689322,2.655050612942958,Combined,0.2292401289835632,FALSE
secondary,Explicit vote for,study_fixed_effects,favorability,Favorability,study_idXcbca87b096bc,NA,FALSE,1.7937612669944532,3.9132388188904463,Combined,0.4583827744770899,FALSE
secondary,Explicit vote for,study_fixed_effects,favorability,Favorability,study_idXcd1c7907cdb8,NA,FALSE,-2.3430207339728066,3.306837076735107,Combined,-0.7085383040056236,FALSE
secondary,Explicit vote for,study_fixed_effects,favorability,Favorability,study_idXd0500f1294c1,NA,FALSE,-5.324061918463116,3.0323412094085502,Combined,-1.7557595108175703,FALSE
secondary,Explicit vote for,study_fixed_effects,favorability,Favorability,study_idXd503139dae5a,NA,FALSE,-0.141424411958109,3.347918563874842,Combined,-0.0422424886567211,FALSE
secondary,Explicit vote for,study_fixed_effects,favorability,Favorability,study_idXd783f4c0b772,NA,FALSE,-0.30261241059040916,3.685313649697043,Combined,-0.08211306807367288,FALSE
secondary,Explicit vote for,study_fixed_effects,favorability,Favorability,study_idXe1243115280f,NA,FALSE,3.43293901928497,3.307204161150283,Combined,1.038018474822841,FALSE
secondary,Explicit vote for,study_fixed_effects,favorability,Favorability,study_idXf0130cfec75e,NA,FALSE,-2.753608677851315,2.9960232678053527,Combined,-0.9190878814063379,FALSE
secondary,Explicit vote for,study_fixed_effects,favorability,Favorability,study_idXf337919542ab,NA,FALSE,-0.9542978998549241,2.8546308613888467,Combined,-0.33429817941176293,FALSE
secondary,Explicit vote for,study_fixed_effects,votechoice,Vote choice,explicit_vote_for,Explicit vote for,TRUE,2.396854182600025,0.800471143237372,Combined,2.994304295475722,TRUE
secondary,Explicit vote for,study_fixed_effects,votechoice,Vote choice,intercept,Intercept,FALSE,1.0160722023859956,3.541380840721862,Combined,0.2869141298507966,FALSE
secondary,Explicit vote for,study_fixed_effects,votechoice,Vote choice,study_idX0ca4a39fd242,NA,FALSE,0.3142889642253567,3.6501876208822046,Combined,0.08610213963450924,FALSE
secondary,Explicit vote for,study_fixed_effects,votechoice,Vote choice,study_idX201e65ae9067,NA,FALSE,2.9653157289740038,5.115811459254554,Combined,0.5796374148249185,FALSE
secondary,Explicit vote for,study_fixed_effects,votechoice,Vote choice,study_idX43915f01925b,NA,FALSE,0.02117660548828227,4.077779882282717,Combined,0.005193170327876485,FALSE
secondary,Explicit vote for,study_fixed_effects,votechoice,Vote choice,study_idX4cd2c9923737,NA,FALSE,-2.1932489352908817,3.7514231233579696,Combined,-0.5846445104085362,FALSE
secondary,Explicit vote for,study_fixed_effects,votechoice,Vote choice,study_idX4d1542866d9e,NA,FALSE,3.0242903003455703,3.600931769531716,Combined,0.8398632614854752,FALSE
secondary,Explicit vote for,study_fixed_effects,votechoice,Vote choice,study_idX5a248af8c0f1,NA,FALSE,4.011828340537953,4.1116031077800805,Combined,0.9757333661283281,FALSE
secondary,Explicit vote for,study_fixed_effects,votechoice,Vote choice,study_idX5bee0c849477,NA,FALSE,1.1789591093247038,3.8961912856439174,Combined,0.3025927175774839,FALSE
secondary,Explicit vote for,study_fixed_effects,votechoice,Vote choice,study_idX5c1c1e604f1e,NA,FALSE,2.0045636654474057,3.6403919454967677,Combined,0.5506450117073487,FALSE
secondary,Explicit vote for,study_fixed_effects,votechoice,Vote choice,study_idX6725be1de97c,NA,FALSE,3.322197705910295,5.080318033959199,Combined,0.6539349866884685,FALSE
secondary,Explicit vote for,study_fixed_effects,votechoice,Vote choice,study_idX877266884b5c,NA,FALSE,-2.526058908970443,4.077364447195448,Combined,-0.6195322840733438,FALSE
secondary,Explicit vote for,study_fixed_effects,votechoice,Vote choice,study_idXb218652f3e19,NA,FALSE,-5.932762678205532,4.175782800256916,Combined,-1.4207546134440991,FALSE
secondary,Explicit vote for,study_fixed_effects,votechoice,Vote choice,study_idXbb1e5503bebf,NA,FALSE,0.8115448751230946,3.594547916850023,Combined,0.22577105491314975,FALSE
secondary,Explicit vote for,study_fixed_effects,votechoice,Vote choice,study_idXbf86b7c37550,NA,FALSE,1.0994780507766728,4.00702204570792,Combined,0.27438782173768356,FALSE
secondary,Explicit vote for,study_fixed_effects,votechoice,Vote choice,study_idXc03c2d306034,NA,FALSE,5.620619722269136,4.641570451194746,Combined,1.210930606648959,FALSE
secondary,Explicit vote for,study_fixed_effects,votechoice,Vote choice,study_idXc743e344bff5,NA,FALSE,0.9105330570450202,3.6470806932336037,Combined,0.24966079273604339,FALSE
secondary,Explicit vote for,study_fixed_effects,votechoice,Vote choice,study_idXcbca87b096bc,NA,FALSE,4.692093722658827,5.088500820725054,Combined,0.9220974679906323,FALSE
secondary,Explicit vote for,study_fixed_effects,votechoice,Vote choice,study_idXcd1c7907cdb8,NA,FALSE,-2.7605792746184696,4.5539663048464,Combined,-0.606192292569363,FALSE
secondary,Explicit vote for,study_fixed_effects,votechoice,Vote choice,study_idXd0500f1294c1,NA,FALSE,-4.755322443959999,4.179824573967075,Combined,-1.1376846946106924,FALSE
secondary,Explicit vote for,study_fixed_effects,votechoice,Vote choice,study_idXd503139dae5a,NA,FALSE,-2.9523531987091265,4.5361179619576815,Combined,-0.6508545905263364,FALSE
secondary,Explicit vote for,study_fixed_effects,votechoice,Vote choice,study_idXf0130cfec75e,NA,FALSE,-2.565416631320608,4.108318545546926,Combined,-0.624444429729361,FALSE
secondary,Explicit vote for,study_fixed_effects,votechoice,Vote choice,study_idXf337919542ab,NA,FALSE,-2.4559591804078638,3.8739565623312044,Combined,-0.633966628404826,FALSE
secondary,Explicit vote for,study_fixed_effects,votechoice_dichotomized,Vote choice (dichotomized),explicit_vote_for,Explicit vote for,TRUE,2.6145287695566766,0.9584235426960447,Combined,2.7279471476691914,TRUE
secondary,Explicit vote for,study_fixed_effects,votechoice_dichotomized,Vote choice (dichotomized),intercept,Intercept,FALSE,0.44741566176980835,4.485503998672392,Combined,0.09974702104874575,FALSE
secondary,Explicit vote for,study_fixed_effects,votechoice_dichotomized,Vote choice (dichotomized),study_idX0ca4a39fd242,NA,FALSE,1.1499023598887512,4.617295614697752,Combined,0.24904239534250047,FALSE
secondary,Explicit vote for,study_fixed_effects,votechoice_dichotomized,Vote choice (dichotomized),study_idX201e65ae9067,NA,FALSE,3.343817228734524,6.202533909286217,Combined,0.5391050299182206,FALSE
secondary,Explicit vote for,study_fixed_effects,votechoice_dichotomized,Vote choice (dichotomized),study_idX43915f01925b,NA,FALSE,1.7359033309686183,5.1897172723635006,Combined,0.3344889981218675,FALSE
secondary,Explicit vote for,study_fixed_effects,votechoice_dichotomized,Vote choice (dichotomized),study_idX4cd2c9923737,NA,FALSE,-2.10874791999932,4.755761124984378,Combined,-0.443409133591891,FALSE
secondary,Explicit vote for,study_fixed_effects,votechoice_dichotomized,Vote choice (dichotomized),study_idX4d1542866d9e,NA,FALSE,4.132404921168723,4.549933820235174,Combined,0.9082340720628612,FALSE
secondary,Explicit vote for,study_fixed_effects,votechoice_dichotomized,Vote choice (dichotomized),study_idX5a248af8c0f1,NA,FALSE,6.438218470380216,5.185394685697165,Combined,1.241606253838055,FALSE
secondary,Explicit vote for,study_fixed_effects,votechoice_dichotomized,Vote choice (dichotomized),study_idX5bee0c849477,NA,FALSE,2.0230496467652435,4.960891574573376,Combined,0.4077996094762907,FALSE
secondary,Explicit vote for,study_fixed_effects,votechoice_dichotomized,Vote choice (dichotomized),study_idX5c1c1e604f1e,NA,FALSE,2.9742572359720425,4.604915166763071,Combined,0.645887519804786,FALSE
secondary,Explicit vote for,study_fixed_effects,votechoice_dichotomized,Vote choice (dichotomized),study_idX6725be1de97c,NA,FALSE,5.38988778605549,6.246082617642751,Combined,0.8629229096059594,FALSE
secondary,Explicit vote for,study_fixed_effects,votechoice_dichotomized,Vote choice (dichotomized),study_idX877266884b5c,NA,FALSE,-1.9294595275475523,5.037631280521096,Combined,-0.38300927958109066,FALSE
secondary,Explicit vote for,study_fixed_effects,votechoice_dichotomized,Vote choice (dichotomized),study_idXb218652f3e19,NA,FALSE,-5.764526960872981,5.150166519819764,Combined,-1.1192894324268796,FALSE
secondary,Explicit vote for,study_fixed_effects,votechoice_dichotomized,Vote choice (dichotomized),study_idXbb1e5503bebf,NA,FALSE,1.6385584362030385,4.5431302661553135,Combined,0.36066728009313526,FALSE
secondary,Explicit vote for,study_fixed_effects,votechoice_dichotomized,Vote choice (dichotomized),study_idXbf86b7c37550,NA,FALSE,3.971581308107997,5.031766725995617,Combined,0.7893015563677895,FALSE
secondary,Explicit vote for,study_fixed_effects,votechoice_dichotomized,Vote choice (dichotomized),study_idXc03c2d306034,NA,FALSE,8.000864172792788,5.911861030448728,Combined,1.3533579581090895,FALSE
secondary,Explicit vote for,study_fixed_effects,votechoice_dichotomized,Vote choice (dichotomized),study_idXc743e344bff5,NA,FALSE,1.0456309935209098,4.61020160318339,Combined,0.22680808422757287,FALSE
secondary,Explicit vote for,study_fixed_effects,votechoice_dichotomized,Vote choice (dichotomized),study_idXcbca87b096bc,NA,FALSE,8.625768051068604,6.2141095971728815,Combined,1.3880939684412568,FALSE
secondary,Explicit vote for,study_fixed_effects,votechoice_dichotomized,Vote choice (dichotomized),study_idXcd1c7907cdb8,NA,FALSE,-0.036144266082304116,5.682106062220247,Combined,-0.006361068534539282,FALSE
secondary,Explicit vote for,study_fixed_effects,votechoice_dichotomized,Vote choice (dichotomized),study_idXd0500f1294c1,NA,FALSE,-4.411894496969507,5.2410739449948744,Combined,-0.8417920722493873,FALSE
secondary,Explicit vote for,study_fixed_effects,votechoice_dichotomized,Vote choice (dichotomized),study_idXd503139dae5a,NA,FALSE,-3.566582038366283,5.601169980083838,Combined,-0.6367566153228756,FALSE
secondary,Explicit vote for,study_fixed_effects,votechoice_dichotomized,Vote choice (dichotomized),study_idXf0130cfec75e,NA,FALSE,-1.869484131144553,5.098510233834819,Combined,-0.3666726250225509,FALSE
secondary,Explicit vote for,study_fixed_effects,votechoice_dichotomized,Vote choice (dichotomized),study_idXf337919542ab,NA,FALSE,-1.793636377010289,4.86572616680423,Combined,-0.3686266582873353,FALSE
secondary,Explicit vote for,study_random_effects,favorability,Favorability,explicit_vote_for,Explicit vote for,TRUE,1.0629246469045954,0.575226568672449,Combined,1.8478364957267057,FALSE
secondary,Explicit vote for,study_random_effects,favorability,Favorability,intercept,Intercept,FALSE,2.24622380172038,0.5335013626844731,Combined,4.210343138427664,TRUE
secondary,Explicit vote for,study_random_effects,votechoice,Vote choice,explicit_vote_for,Explicit vote for,TRUE,1.9908673077540773,0.7248367801872991,Combined,2.746642226460464,TRUE
secondary,Explicit vote for,study_random_effects,votechoice,Vote choice,intercept,Intercept,FALSE,1.330210399203758,0.618856383409445,Combined,2.1494654250397707,TRUE
secondary,Explicit vote for,study_random_effects,votechoice_dichotomized,Vote choice (dichotomized),explicit_vote_for,Explicit vote for,TRUE,2.1897455014016565,0.8677942326709216,Combined,2.523346455832042,TRUE
secondary,Explicit vote for,study_random_effects,votechoice_dichotomized,Vote choice (dichotomized),intercept,Intercept,FALSE,1.7284374484783882,0.7415674345093201,Combined,2.3307893092987015,TRUE
secondary,Messenger: female,standard,favorability,Favorability,intercept,Intercept,FALSE,-0.5672189302005479,0.45906510853794136,2020D-2018,-1.2355958221417904,FALSE
secondary,Messenger: female,standard,favorability,Favorability,intercept,Intercept,FALSE,-1.3457908821639122,0.3381750090456367,2020P-2018,-3.9795692944959686,TRUE
secondary,Messenger: female,standard,favorability,Favorability,intercept,Intercept,FALSE,-0.7785719519633643,0.33995625777615507,2020P-2020D,-2.2902121498113934,TRUE
secondary,Messenger: female,standard,favorability,Favorability,intercept,Intercept,FALSE,0.9851855904258562,0.09009654244672162,Combined,10.934776892336833,TRUE
secondary,Messenger: female,standard,favorability,Favorability,messenger_female,Messenger: Female,TRUE,0.0985900661784834,0.5548795124755566,2020D-2018,0.17767833189340626,FALSE
secondary,Messenger: female,standard,favorability,Favorability,messenger_female,Messenger: Female,TRUE,0.20572833200290738,0.4636673617381346,2020P-2018,0.4436981098512096,FALSE
secondary,Messenger: female,standard,favorability,Favorability,messenger_female,Messenger: Female,TRUE,0.10713826582442398,0.3540018514396223,2020P-2020D,0.3026488855601288,FALSE
secondary,Messenger: female,standard,favorability,Favorability,messenger_female,Messenger: Female,TRUE,0.31238223273199184,0.11478458242469256,Combined,2.7214650794843327,TRUE
secondary,Messenger: female,standard,favorability,Favorability,race_levelGov,Race: Gov,FALSE,2.310331256798984,0.6611779039150523,Combined,3.494265678146156,TRUE
secondary,Messenger: female,standard,favorability,Favorability,race_levelOther,Race: Other,FALSE,-1.0864094312479238,0.5663548658872066,Combined,-1.918248604690702,FALSE
secondary,Messenger: female,standard,favorability,Favorability,race_levelStateLeg,Race: StateLeg,FALSE,-1.1047658523563428,1.0660457753470727,2020D-2018,-1.0363212142524219,FALSE
secondary,Messenger: female,standard,favorability,Favorability,race_levelStateLeg,Race: StateLeg,FALSE,-0.7437833139364703,0.4040055008795126,Combined,-1.841022739337132,FALSE
secondary,Messenger: female,standard,votechoice,Vote choice,intercept,Intercept,FALSE,-0.053130464512819886,0.516428318578306,2020D-2018,-0.10288061789307884,FALSE
secondary,Messenger: female,standard,votechoice,Vote choice,intercept,Intercept,FALSE,-1.2721836878326231,0.40245888169451466,2020P-2018,-3.161027736488794,TRUE
secondary,Messenger: female,standard,votechoice,Vote choice,intercept,Intercept,FALSE,-1.2190532233198033,0.34743684167800903,2020P-2020D,-3.508704538736207,TRUE
secondary,Messenger: female,standard,votechoice,Vote choice,intercept,Intercept,FALSE,0.8868990614630161,0.08437533008216855,Combined,10.51135516269167,TRUE
secondary,Messenger: female,standard,votechoice,Vote choice,messenger_female,Messenger: Female,TRUE,-1.384255534952917,0.6482194374437786,2020D-2018,-2.135473660604286,TRUE
secondary,Messenger: female,standard,votechoice,Vote choice,messenger_female,Messenger: Female,TRUE,-0.8037952102050782,0.5974256550058252,2020P-2018,-1.345431357810104,FALSE
secondary,Messenger: female,standard,votechoice,Vote choice,messenger_female,Messenger: Female,TRUE,0.5804603247478389,0.29512846190569364,2020P-2020D,1.9668056445647768,TRUE
secondary,Messenger: female,standard,votechoice,Vote choice,messenger_female,Messenger: Female,TRUE,0.1942626786617662,0.09993632176000113,Combined,1.9438646053863329,FALSE
secondary,Messenger: female,standard,votechoice,Vote choice,race_levelGov,Race: Gov,FALSE,-0.7215516446145799,1.1969554635201218,Combined,-0.6028224663368604,FALSE
secondary,Messenger: female,standard,votechoice,Vote choice,race_levelOther,Race: Other,FALSE,-0.4877593062180563,0.5322084172855102,Combined,-0.9164817586047149,FALSE
secondary,Messenger: female,standard,votechoice,Vote choice,race_levelRunoff,Race: GA Runoff,FALSE,-0.8047554634118144,0.4020595660367355,Combined,-2.001582679264707,TRUE
secondary,Messenger: female,standard,votechoice,Vote choice,race_levelStateLeg,Race: StateLeg,FALSE,-0.9888542373575021,2.304968530079287,2020D-2018,-0.4290098647565862,FALSE
secondary,Messenger: female,standard,votechoice,Vote choice,race_levelStateLeg,Race: StateLeg,FALSE,-1.7778821373265303,0.49873260289087573,Combined,-3.564800309867724,TRUE
secondary,Messenger: female,standard,votechoice_dichotomized,Vote choice (dichotomized),intercept,Intercept,FALSE,-0.023846315790706285,0.7154524875515834,2020D-2018,-0.033330397483574324,FALSE
secondary,Messenger: female,standard,votechoice_dichotomized,Vote choice (dichotomized),intercept,Intercept,FALSE,-1.2680310510492625,0.49306838018611804,2020P-2018,-2.5717143950107286,TRUE
secondary,Messenger: female,standard,votechoice_dichotomized,Vote choice (dichotomized),intercept,Intercept,FALSE,-1.2441847352585562,0.5593128525780461,2020P-2020D,-2.2244880115372347,TRUE
secondary,Messenger: female,standard,votechoice_dichotomized,Vote choice (dichotomized),intercept,Intercept,FALSE,1.166025884457367,0.13692297494875894,Combined,8.515925723157359,TRUE
secondary,Messenger: female,standard,votechoice_dichotomized,Vote choice (dichotomized),messenger_female,Messenger: Female,TRUE,-1.468435811055944,0.8205323918442818,2020D-2018,-1.7896134578616603,FALSE
secondary,Messenger: female,standard,votechoice_dichotomized,Vote choice (dichotomized),messenger_female,Messenger: Female,TRUE,-1.1513823215513748,0.7138578764712377,2020P-2018,-1.6129013344265672,FALSE
secondary,Messenger: female,standard,votechoice_dichotomized,Vote choice (dichotomized),messenger_female,Messenger: Female,TRUE,0.31705348950456924,0.4751705559510143,2020P-2020D,0.6672414473788534,FALSE
secondary,Messenger: female,standard,votechoice_dichotomized,Vote choice (dichotomized),messenger_female,Messenger: Female,TRUE,0.23768100581649962,0.1592575897783404,Combined,1.4924312627568415,FALSE
secondary,Messenger: female,standard,votechoice_dichotomized,Vote choice (dichotomized),race_levelGov,Race: Gov,FALSE,-0.46025458792167884,1.4540847454492511,Combined,-0.3165252846246451,FALSE
secondary,Messenger: female,standard,votechoice_dichotomized,Vote choice (dichotomized),race_levelOther,Race: Other,FALSE,-0.0900238466297088,0.7875636267579266,Combined,-0.11430676020463225,FALSE
secondary,Messenger: female,standard,votechoice_dichotomized,Vote choice (dichotomized),race_levelRunoff,Race: GA Runoff,FALSE,-1.0007613842057428,0.6524392145687273,Combined,-1.5338768146658106,FALSE
secondary,Messenger: female,standard,votechoice_dichotomized,Vote choice (dichotomized),race_levelStateLeg,Race: StateLeg,FALSE,-2.5880481068750787,2.981933255034781,2020D-2018,-0.8679094686325874,FALSE
secondary,Messenger: female,standard,votechoice_dichotomized,Vote choice (dichotomized),race_levelStateLeg,Race: StateLeg,FALSE,-2.47945264126055,0.8390882529695988,Combined,-2.954936661889347,TRUE
secondary,Messenger: female,study_fixed_effects,favorability,Favorability,intercept,Intercept,FALSE,2.7380993571335615,2.509448136914196,Combined,1.091116136992786,FALSE
secondary,Messenger: female,study_fixed_effects,favorability,Favorability,messenger_female,Messenger: Female,TRUE,0.3906146581957816,0.45015366503554816,Combined,0.8677362610497356,FALSE
secondary,Messenger: female,study_fixed_effects,favorability,Favorability,study_idX08b80ae785a7,NA,FALSE,2.2790540182106125,3.8024502617007108,Combined,0.599364583717465,FALSE
secondary,Messenger: female,study_fixed_effects,favorability,Favorability,study_idX0c2b064a71c5,NA,FALSE,3.2513270070704596,2.7468013324261515,Combined,1.183677526542729,FALSE
secondary,Messenger: female,study_fixed_effects,favorability,Favorability,study_idX0ca4a39fd242,NA,FALSE,-2.0552919634018294,2.611775372253907,Combined,-0.7869328983021062,FALSE
secondary,Messenger: female,study_fixed_effects,favorability,Favorability,study_idX201e65ae9067,NA,FALSE,-2.419328512799766,3.850600677235005,Combined,-0.628298989065002,FALSE
secondary,Messenger: female,study_fixed_effects,favorability,Favorability,study_idX3c2f80c20258,NA,FALSE,-6.944996781088997,3.3849519162000226,Combined,-2.051726864376116,TRUE
secondary,Messenger: female,study_fixed_effects,favorability,Favorability,study_idX3f0cfe830de9,NA,FALSE,4.977960245039186,2.67821849308781,Combined,1.8586833964020333,FALSE
secondary,Messenger: female,study_fixed_effects,favorability,Favorability,study_idX43915f01925b,NA,FALSE,-0.9785441786342682,3.0020839763052756,Combined,-0.3259549654032603,FALSE
secondary,Messenger: female,study_fixed_effects,favorability,Favorability,study_idX495cbb4fe018,NA,FALSE,5.970521205667901,7.4313949155448915,Combined,0.8034186412538574,FALSE
secondary,Messenger: female,study_fixed_effects,favorability,Favorability,study_idX4d1542866d9e,NA,FALSE,1.327221393261802,2.63316595767975,Combined,0.5040401610050059,FALSE
secondary,Messenger: female,study_fixed_effects,favorability,Favorability,study_idX52ae33d7915c,NA,FALSE,0.9015028215210554,3.678918666895795,Combined,0.24504559712969334,FALSE
secondary,Messenger: female,study_fixed_effects,favorability,Favorability,study_idX5a248af8c0f1,NA,FALSE,1.5703202739188562,2.966824429633005,Combined,0.5292932936085821,FALSE
secondary,Messenger: female,study_fixed_effects,favorability,Favorability,study_idX5bee0c849477,NA,FALSE,-1.6049114870149774,2.8299456612633245,Combined,-0.5671174217170389,FALSE
secondary,Messenger: female,study_fixed_effects,favorability,Favorability,study_idX5c1c1e604f1e,NA,FALSE,-0.508942655283968,2.5994276870586877,Combined,-0.19579027253489337,FALSE
secondary,Messenger: female,study_fixed_effects,favorability,Favorability,study_idX6725be1de97c,NA,FALSE,5.029782418500843,3.622496697057137,Combined,1.3884850254209933,FALSE
secondary,Messenger: female,study_fixed_effects,favorability,Favorability,study_idX6dc1b2269d4d,NA,FALSE,0.40089528248502027,3.527683203458793,Combined,0.11364265421905058,FALSE
secondary,Messenger: female,study_fixed_effects,favorability,Favorability,study_idX877266884b5c,NA,FALSE,-0.2601630790688281,3.0574142798186528,Combined,-0.08509251781353601,FALSE
secondary,Messenger: female,study_fixed_effects,favorability,Favorability,study_idX96c94303546c,NA,FALSE,-0.2500271048328627,2.723651405969288,Combined,-0.0917984967844604,FALSE
secondary,Messenger: female,study_fixed_effects,favorability,Favorability,study_idX9b63b51005a1,NA,FALSE,6.367858971109894,3.8060811365553406,Combined,1.6730749405077232,FALSE
secondary,Messenger: female,study_fixed_effects,favorability,Favorability,study_idXb218652f3e19,NA,FALSE,-2.142541217165754,2.9935385473895906,Combined,-0.71572194018817,FALSE
secondary,Messenger: female,study_fixed_effects,favorability,Favorability,study_idXbb1e5503bebf,NA,FALSE,-1.4460839915918071,2.6076001435317884,Combined,-0.5545650835995125,FALSE
secondary,Messenger: female,study_fixed_effects,favorability,Favorability,study_idXbf86b7c37550,NA,FALSE,-0.17560743881033883,2.836948404708231,Combined,-0.061900117224161985,FALSE
secondary,Messenger: female,study_fixed_effects,favorability,Favorability,study_idXc03c2d306034,NA,FALSE,0.6655291390783626,3.4470909178233393,Combined,0.1930697956462982,FALSE
secondary,Messenger: female,study_fixed_effects,favorability,Favorability,study_idXc743e344bff5,NA,FALSE,-0.4786521353753999,2.60854630340145,Combined,-0.18349382364854125,FALSE
secondary,Messenger: female,study_fixed_effects,favorability,Favorability,study_idXcbca87b096bc,NA,FALSE,0.5142604436391173,3.915391858851073,Combined,0.131343288788985,FALSE
secondary,Messenger: female,study_fixed_effects,favorability,Favorability,study_idXcd1c7907cdb8,NA,FALSE,-2.3217765242260837,3.320803342390624,Combined,-0.6991611019503047,FALSE
secondary,Messenger: female,study_fixed_effects,favorability,Favorability,study_idXd0500f1294c1,NA,FALSE,-6.032937842227262,3.0248928458637643,Combined,-1.9944302656792274,TRUE
secondary,Messenger: female,study_fixed_effects,favorability,Favorability,study_idXd503139dae5a,NA,FALSE,-0.9040447811915928,3.3543718841018064,Combined,-0.2695123893317712,FALSE
secondary,Messenger: female,study_fixed_effects,favorability,Favorability,study_idXd783f4c0b772,NA,FALSE,-1.7673008398374117,3.6720353842183195,Combined,-0.4812864406026479,FALSE
secondary,Messenger: female,study_fixed_effects,favorability,Favorability,study_idXe1243115280f,NA,FALSE,2.7199003687978274,3.3164705758745483,Combined,0.8201189507253788,FALSE
secondary,Messenger: female,study_fixed_effects,favorability,Favorability,study_idXf0130cfec75e,NA,FALSE,-3.3776637870554924,3.0340064247970178,Combined,-1.1132685018231185,FALSE
secondary,Messenger: female,study_fixed_effects,favorability,Favorability,study_idXf337919542ab,NA,FALSE,-1.3408109355102065,2.8835292525975746,Combined,-0.4649895381856666,FALSE
secondary,Messenger: female,study_fixed_effects,votechoice,Vote choice,intercept,Intercept,FALSE,3.373683808246301,3.477178984903668,Combined,0.9702358788239847,FALSE
secondary,Messenger: female,study_fixed_effects,votechoice,Vote choice,messenger_female,Messenger: Female,TRUE,0.8419810343425387,0.608026562750592,Combined,1.3847767283942052,FALSE
secondary,Messenger: female,study_fixed_effects,votechoice,Vote choice,study_idX0ca4a39fd242,NA,FALSE,-1.8688653529696149,3.6081541715704364,Combined,-0.5179560695313077,FALSE
secondary,Messenger: female,study_fixed_effects,votechoice,Vote choice,study_idX201e65ae9067,NA,FALSE,2.110405695838516,5.157172517451264,Combined,0.40921758748561377,FALSE
secondary,Messenger: female,study_fixed_effects,votechoice,Vote choice,study_idX43915f01925b,NA,FALSE,-1.998544601240629,4.127748023591591,Combined,-0.4841731108144719,FALSE
secondary,Messenger: female,study_fixed_effects,votechoice,Vote choice,study_idX4cd2c9923737,NA,FALSE,-4.277191785050896,3.722385498327416,Combined,-1.1490458973077269,FALSE
secondary,Messenger: female,study_fixed_effects,votechoice,Vote choice,study_idX4d1542866d9e,NA,FALSE,2.0101809707152842,3.625319647899986,Combined,0.5544837878998361,FALSE
secondary,Messenger: female,study_fixed_effects,votechoice,Vote choice,study_idX5a248af8c0f1,NA,FALSE,1.2742960107395123,4.11339614254008,Combined,0.3097917065562804,FALSE
secondary,Messenger: female,study_fixed_effects,votechoice,Vote choice,study_idX5bee0c849477,NA,FALSE,-0.7179661568703299,3.889997618497798,Combined,-0.18456724843641092,FALSE
secondary,Messenger: female,study_fixed_effects,votechoice,Vote choice,study_idX5c1c1e604f1e,NA,FALSE,-0.3701315431109011,3.5971190560487325,Combined,-0.10289666184067683,FALSE
secondary,Messenger: female,study_fixed_effects,votechoice,Vote choice,study_idX6725be1de97c,NA,FALSE,3.451005862963184,5.113754137789878,Combined,0.6748478260737579,FALSE
secondary,Messenger: female,study_fixed_effects,votechoice,Vote choice,study_idX877266884b5c,NA,FALSE,-3.5072612406274626,4.134631577064916,Combined,-0.8482645128727988,FALSE
secondary,Messenger: female,study_fixed_effects,votechoice,Vote choice,study_idXb218652f3e19,NA,FALSE,-7.342920334162794,4.183850531650769,Combined,-1.7550627773658993,FALSE
secondary,Messenger: female,study_fixed_effects,votechoice,Vote choice,study_idXbb1e5503bebf,NA,FALSE,-1.2889490252049658,3.5773462858645897,Combined,-0.36030870992223407,FALSE
secondary,Messenger: female,study_fixed_effects,votechoice,Vote choice,study_idXbf86b7c37550,NA,FALSE,-1.8800941559754702,3.983632550310036,Combined,-0.471954712748079,FALSE
secondary,Messenger: female,study_fixed_effects,votechoice,Vote choice,study_idXc03c2d306034,NA,FALSE,3.2921909623150256,4.69004560763936,Combined,0.7019528673564613,FALSE
secondary,Messenger: female,study_fixed_effects,votechoice,Vote choice,study_idXc743e344bff5,NA,FALSE,-1.5469370540637248,3.6057314600904733,Combined,-0.4290217036919632,FALSE
secondary,Messenger: female,study_fixed_effects,votechoice,Vote choice,study_idXcbca87b096bc,NA,FALSE,1.8957876223816157,5.11173338640954,Combined,0.3708698163761645,FALSE
secondary,Messenger: female,study_fixed_effects,votechoice,Vote choice,study_idXcd1c7907cdb8,NA,FALSE,-2.7115417519488285,4.591301663679313,Combined,-0.5905823556311243,FALSE
secondary,Messenger: female,study_fixed_effects,votechoice,Vote choice,study_idXd0500f1294c1,NA,FALSE,-6.335122679686734,4.185410893951896,Combined,-1.5136202490515966,FALSE
secondary,Messenger: female,study_fixed_effects,votechoice,Vote choice,study_idXd503139dae5a,NA,FALSE,-4.710902215297629,4.560542971051513,Combined,-1.0329695926999343,FALSE
secondary,Messenger: female,study_fixed_effects,votechoice,Vote choice,study_idXf0130cfec75e,NA,FALSE,-3.8579153591183215,4.180525622249177,Combined,-0.9228302150777665,FALSE
secondary,Messenger: female,study_fixed_effects,votechoice,Vote choice,study_idXf337919542ab,NA,FALSE,-3.3109055368241793,3.9314923758643174,Combined,-0.842149804778979,FALSE
secondary,Messenger: female,study_fixed_effects,votechoice_dichotomized,Vote choice (dichotomized),intercept,Intercept,FALSE,3.01858788627359,4.406502454061092,Combined,0.6850303427135548,FALSE
secondary,Messenger: female,study_fixed_effects,votechoice_dichotomized,Vote choice (dichotomized),messenger_female,Messenger: Female,TRUE,1.0350519718024318,0.7169748979944555,Combined,1.4436376708552998,FALSE
secondary,Messenger: female,study_fixed_effects,votechoice_dichotomized,Vote choice (dichotomized),study_idX0ca4a39fd242,NA,FALSE,-1.25820721514534,4.560308976818512,Combined,-0.27590394018063336,FALSE
secondary,Messenger: female,study_fixed_effects,votechoice_dichotomized,Vote choice (dichotomized),study_idX201e65ae9067,NA,FALSE,2.4155166266428467,6.237721713201052,Combined,0.38724340996662715,FALSE
secondary,Messenger: female,study_fixed_effects,votechoice_dichotomized,Vote choice (dichotomized),study_idX43915f01925b,NA,FALSE,-0.5852653260677715,5.235172770994308,Combined,-0.11179484453893448,FALSE
secondary,Messenger: female,study_fixed_effects,votechoice_dichotomized,Vote choice (dichotomized),study_idX4cd2c9923737,NA,FALSE,-4.388237084020731,4.7148913428022245,Combined,-0.9307186030320369,FALSE
secondary,Messenger: female,study_fixed_effects,votechoice_dichotomized,Vote choice (dichotomized),study_idX4d1542866d9e,NA,FALSE,3.000999847098622,4.569933691236587,Combined,0.65668345535372,FALSE
secondary,Messenger: female,study_fixed_effects,votechoice_dichotomized,Vote choice (dichotomized),study_idX5a248af8c0f1,NA,FALSE,3.362588935910851,5.177606834955408,Combined,0.6494484890604505,FALSE
secondary,Messenger: female,study_fixed_effects,votechoice_dichotomized,Vote choice (dichotomized),study_idX5bee0c849477,NA,FALSE,-0.1272791377781146,4.942779773223592,Combined,-0.025750517647502923,FALSE
secondary,Messenger: female,study_fixed_effects,votechoice_dichotomized,Vote choice (dichotomized),study_idX5c1c1e604f1e,NA,FALSE,0.35092382285741514,4.548042268292966,Combined,0.07715931430626934,FALSE
secondary,Messenger: female,study_fixed_effects,votechoice_dichotomized,Vote choice (dichotomized),study_idX6725be1de97c,NA,FALSE,5.531986188066826,6.275920886057223,Combined,0.8814620656479043,FALSE
secondary,Messenger: female,study_fixed_effects,votechoice_dichotomized,Vote choice (dichotomized),study_idX877266884b5c,NA,FALSE,-3.0923761170210478,5.095130124677771,Combined,-0.6069277999483119,FALSE
secondary,Messenger: female,study_fixed_effects,votechoice_dichotomized,Vote choice (dichotomized),study_idXb218652f3e19,NA,FALSE,-7.326869847734327,5.150118719713558,Combined,-1.4226603786216867,FALSE
secondary,Messenger: female,study_fixed_effects,votechoice_dichotomized,Vote choice (dichotomized),study_idXbb1e5503bebf,NA,FALSE,-0.6644939817123439,4.516885533271714,Combined,-0.147113310004788,FALSE
secondary,Messenger: female,study_fixed_effects,votechoice_dichotomized,Vote choice (dichotomized),study_idXbf86b7c37550,NA,FALSE,0.6439488612158253,4.996596154300214,Combined,0.12887750807349607,FALSE
secondary,Messenger: female,study_fixed_effects,votechoice_dichotomized,Vote choice (dichotomized),study_idXc03c2d306034,NA,FALSE,5.273562174753964,5.952714317719261,Combined,0.8859088297008164,FALSE
secondary,Messenger: female,study_fixed_effects,votechoice_dichotomized,Vote choice (dichotomized),study_idXc743e344bff5,NA,FALSE,-1.6659788785157954,4.554280442235823,Combined,-0.36580507055861494,FALSE
secondary,Messenger: female,study_fixed_effects,votechoice_dichotomized,Vote choice (dichotomized),study_idXcbca87b096bc,NA,FALSE,5.464710019703963,6.232822272256303,Combined,0.8767633314411385,FALSE
secondary,Messenger: female,study_fixed_effects,votechoice_dichotomized,Vote choice (dichotomized),study_idXcd1c7907cdb8,NA,FALSE,0.019381409716506186,5.715037919899634,Combined,0.003391300283244062,FALSE
secondary,Messenger: female,study_fixed_effects,votechoice_dichotomized,Vote choice (dichotomized),study_idXd0500f1294c1,NA,FALSE,-6.118433852543032,5.2408719165495015,Combined,-1.167445789549328,FALSE
secondary,Messenger: female,study_fixed_effects,votechoice_dichotomized,Vote choice (dichotomized),study_idXd503139dae5a,NA,FALSE,-5.625790240039316,5.611631230410393,Combined,-1.0025231539720916,FALSE
secondary,Messenger: female,study_fixed_effects,votechoice_dichotomized,Vote choice (dichotomized),study_idXf0130cfec75e,NA,FALSE,-3.380619762939085,5.170567154901577,Combined,-0.6538199121414247,FALSE
secondary,Messenger: female,study_fixed_effects,votechoice_dichotomized,Vote choice (dichotomized),study_idXf337919542ab,NA,FALSE,-2.800187900752178,4.92040211450885,Combined,-0.569097369602218,FALSE
secondary,Messenger: female,study_random_effects,favorability,Favorability,intercept,Intercept,FALSE,2.568725923219583,0.5181906160258375,Combined,4.957106214929033,TRUE
secondary,Messenger: female,study_random_effects,favorability,Favorability,messenger_female,Messenger: Female,TRUE,0.29925869863464294,0.4279146306705554,Combined,0.6993420584047227,FALSE
secondary,Messenger: female,study_random_effects,votechoice,Vote choice,intercept,Intercept,FALSE,1.7270642304783534,0.5759409300165048,Combined,2.998682921230934,TRUE
secondary,Messenger: female,study_random_effects,votechoice,Vote choice,messenger_female,Messenger: Female,TRUE,0.9290610489121645,0.5690698460460786,Combined,1.6325958146742794,FALSE
secondary,Messenger: female,study_random_effects,votechoice_dichotomized,Vote choice (dichotomized),intercept,Intercept,FALSE,2.0722694419997723,0.6839821743003284,Combined,3.0297126443676348,TRUE
secondary,Messenger: female,study_random_effects,votechoice_dichotomized,Vote choice (dichotomized),messenger_female,Messenger: Female,TRUE,1.245541263298466,0.6724952617678659,Combined,1.852119017201947,FALSE
secondary,Messenger: politician,standard,favorability,Favorability,intercept,Intercept,FALSE,-0.35814656514979726,0.3681645088824375,2020D-2018,-0.9727894908636096,FALSE
secondary,Messenger: politician,standard,favorability,Favorability,intercept,Intercept,FALSE,-1.0500702737948384,0.30401791602933065,2020P-2018,-3.4539749745983097,TRUE
secondary,Messenger: politician,standard,favorability,Favorability,intercept,Intercept,FALSE,-0.6919237086450412,0.24321080065898867,2020P-2020D,-2.844954692679142,TRUE
secondary,Messenger: politician,standard,favorability,Favorability,intercept,Intercept,FALSE,1.172275390721316,0.08002726114554583,Combined,14.648450714679527,TRUE
secondary,Messenger: politician,standard,favorability,Favorability,messenger_politician,Messenger: Politician,TRUE,-1.4350408597208169,1.001811618710125,2020D-2018,-1.4324458140827843,FALSE
secondary,Messenger: politician,standard,favorability,Favorability,messenger_politician,Messenger: Politician,TRUE,-2.426546247290177,0.8439733492777202,2020P-2018,-2.875145582934386,TRUE
secondary,Messenger: politician,standard,favorability,Favorability,messenger_politician,Messenger: Politician,TRUE,-0.9915053875693598,0.5989813745687856,2020P-2020D,-1.6553192297225556,FALSE
secondary,Messenger: politician,standard,favorability,Favorability,messenger_politician,Messenger: Politician,TRUE,-0.1069795061749366,0.17098473716530482,Combined,-0.6256669919696448,FALSE
secondary,Messenger: politician,standard,favorability,Favorability,race_levelGov,Race: Gov,FALSE,1.831144743467901,0.6824238376356845,Combined,2.68329539866611,TRUE
secondary,Messenger: politician,standard,favorability,Favorability,race_levelOther,Race: Other,FALSE,-1.1078131657150254,0.5522102020997435,Combined,-2.0061439674649937,TRUE
secondary,Messenger: politician,standard,favorability,Favorability,race_levelStateLeg,Race: StateLeg,FALSE,-1.1968251399549081,1.0616858636987667,2020D-2018,-1.1272874405479365,FALSE
secondary,Messenger: politician,standard,favorability,Favorability,race_levelStateLeg,Race: StateLeg,FALSE,-0.6692390107048238,0.4048093813615508,Combined,-1.6532201117817,FALSE
secondary,Messenger: politician,standard,votechoice,Vote choice,intercept,Intercept,FALSE,-0.6588135799115464,0.4566571081455876,2020D-2018,-1.442687671252692,FALSE
secondary,Messenger: politician,standard,votechoice,Vote choice,intercept,Intercept,FALSE,-1.4675824361096028,0.3812417079452394,2020P-2018,-3.8494802785858955,TRUE
secondary,Messenger: politician,standard,votechoice,Vote choice,intercept,Intercept,FALSE,-0.8087688561980564,0.27756976821261364,2020P-2020D,-2.913749798495899,TRUE
secondary,Messenger: politician,standard,votechoice,Vote choice,intercept,Intercept,FALSE,0.9907881056519728,0.07765163347089188,Combined,12.7593981139286,TRUE
secondary,Messenger: politician,standard,votechoice,Vote choice,messenger_politician,Messenger: Politician,TRUE,0.9221319603432905,1.4712680240980807,2020D-2018,0.6267600092162524,FALSE
secondary,Messenger: politician,standard,votechoice,Vote choice,messenger_politician,Messenger: Politician,TRUE,0.19042231326475567,1.3960117662646871,2020P-2018,0.13640451883458635,FALSE
secondary,Messenger: politician,standard,votechoice,Vote choice,messenger_politician,Messenger: Politician,TRUE,-0.7317096470785348,0.5176577351836036,2020P-2020D,-1.4135008468848842,FALSE
secondary,Messenger: politician,standard,votechoice,Vote choice,messenger_politician,Messenger: Politician,TRUE,0.004295914585743893,0.15253961527635362,Combined,0.028162615842193206,FALSE
secondary,Messenger: politician,standard,votechoice,Vote choice,race_levelGov,Race: Gov,FALSE,-0.3607614951847164,1.1869324113444646,Combined,-0.303944429974807,FALSE
secondary,Messenger: politician,standard,votechoice,Vote choice,race_levelOther,Race: Other,FALSE,-0.33918948781450414,0.5289368823156692,Combined,-0.6412664708302116,FALSE
secondary,Messenger: politician,standard,votechoice,Vote choice,race_levelRunoff,Race: GA Runoff,FALSE,-0.7324918880142762,0.3929177779823595,Combined,-1.8642370721315702,FALSE
secondary,Messenger: politician,standard,votechoice,Vote choice,race_levelStateLeg,Race: StateLeg,FALSE,-1.5165905515332478,2.2847270027743374,2020D-2018,-0.6637950834789699,FALSE
secondary,Messenger: politician,standard,votechoice,Vote choice,race_levelStateLeg,Race: StateLeg,FALSE,-1.6319091091948639,0.4965779772697646,Combined,-3.286309872554686,TRUE
secondary,Messenger: politician,standard,votechoice_dichotomized,Vote choice (dichotomized),intercept,Intercept,FALSE,-0.5089703645509989,0.6184562621077632,2020D-2018,-0.8229690533270292,FALSE
secondary,Messenger: politician,standard,votechoice_dichotomized,Vote choice (dichotomized),intercept,Intercept,FALSE,-1.4644998411715358,0.4684367011963807,2020P-2018,-3.1263558927625095,TRUE
secondary,Messenger: politician,standard,votechoice_dichotomized,Vote choice (dichotomized),intercept,Intercept,FALSE,-0.9555294766205369,0.44750848337898896,2020P-2020D,-2.1352209223066545,TRUE
secondary,Messenger: politician,standard,votechoice_dichotomized,Vote choice (dichotomized),intercept,Intercept,FALSE,1.2868599502504048,0.12477100801643366,Combined,10.31377377411996,TRUE
secondary,Messenger: politician,standard,votechoice_dichotomized,Vote choice (dichotomized),messenger_politician,Messenger: Politician,TRUE,0.4162811535435986,1.8365665481481313,2020D-2018,0.22666271144018615,FALSE
secondary,Messenger: politician,standard,votechoice_dichotomized,Vote choice (dichotomized),messenger_politician,Messenger: Politician,TRUE,-1.1189735045409892,1.6719543972497808,2020P-2018,-0.6692607803069288,FALSE
secondary,Messenger: politician,standard,votechoice_dichotomized,Vote choice (dichotomized),messenger_politician,Messenger: Politician,TRUE,-1.5352546580845878,0.845887136416541,2020P-2020D,-1.81496394966879,FALSE
secondary,Messenger: politician,standard,votechoice_dichotomized,Vote choice (dichotomized),messenger_politician,Messenger: Politician,TRUE,0.009931930825564733,0.2468695381173167,Combined,0.04023149596061101,FALSE
secondary,Messenger: politician,standard,votechoice_dichotomized,Vote choice (dichotomized),race_levelGov,Race: Gov,FALSE,0.09019019653551237,1.4482310211688947,Combined,0.06227611148856496,FALSE
secondary,Messenger: politician,standard,votechoice_dichotomized,Vote choice (dichotomized),race_levelOther,Race: Other,FALSE,0.056663815056922334,0.780831848015542,Combined,0.07256852445367275,FALSE
secondary,Messenger: politician,standard,votechoice_dichotomized,Vote choice (dichotomized),race_levelRunoff,Race: GA Runoff,FALSE,-1.0468653243097512,0.636603887768914,Combined,-1.6444532375990788,FALSE
secondary,Messenger: politician,standard,votechoice_dichotomized,Vote choice (dichotomized),race_levelStateLeg,Race: StateLeg,FALSE,-3.410969050823107,2.967483750169841,2020D-2018,-1.1494482659350311,FALSE
secondary,Messenger: politician,standard,votechoice_dichotomized,Vote choice (dichotomized),race_levelStateLeg,Race: StateLeg,FALSE,-2.293812042099217,0.83711638557966,Combined,-2.740135161147121,TRUE
secondary,Messenger: politician,study_fixed_effects,favorability,Favorability,intercept,Intercept,FALSE,2.7416898820982083,2.5095107159524694,Combined,1.0925196950424723,FALSE
secondary,Messenger: politician,study_fixed_effects,favorability,Favorability,messenger_politician,Messenger: Politician,TRUE,-0.715115117707342,1.3241511931132217,Combined,-0.5400554871880072,FALSE
secondary,Messenger: politician,study_fixed_effects,favorability,Favorability,study_idX08b80ae785a7,NA,FALSE,2.6734555574641843,3.7758926580997585,Combined,0.7080327222039244,FALSE
secondary,Messenger: politician,study_fixed_effects,favorability,Favorability,study_idX0c2b064a71c5,NA,FALSE,3.4359921990978908,2.7381152099507626,Combined,1.25487495435215,FALSE
secondary,Messenger: politician,study_fixed_effects,favorability,Favorability,study_idX0ca4a39fd242,NA,FALSE,-2.0595382465001664,2.6118543782831463,Combined,-0.788534867649844,FALSE
secondary,Messenger: politician,study_fixed_effects,favorability,Favorability,study_idX201e65ae9067,NA,FALSE,-2.4450669520204853,3.850761127448163,Combined,-0.6349567971360487,FALSE
secondary,Messenger: politician,study_fixed_effects,favorability,Favorability,study_idX3c2f80c20258,NA,FALSE,-6.551769564572341,3.355412964029971,Combined,-1.9525970826265844,FALSE
secondary,Messenger: politician,study_fixed_effects,favorability,Favorability,study_idX3f0cfe830de9,NA,FALSE,5.682337556673595,2.978034028198048,Combined,1.9080834882574762,FALSE
secondary,Messenger: politician,study_fixed_effects,favorability,Favorability,study_idX43915f01925b,NA,FALSE,-0.6321815031016558,2.973911403776748,Combined,-0.21257576883387,FALSE
secondary,Messenger: politician,study_fixed_effects,favorability,Favorability,study_idX495cbb4fe018,NA,FALSE,6.5024596044551695,7.432327359660802,Combined,0.8748887515029922,FALSE
secondary,Messenger: politician,study_fixed_effects,favorability,Favorability,study_idX4d1542866d9e,NA,FALSE,1.4549015532021738,2.6293813152536765,Combined,0.5533246717628738,FALSE
secondary,Messenger: politician,study_fixed_effects,favorability,Favorability,study_idX52ae33d7915c,NA,FALSE,0.894458657556535,3.6789942411346455,Combined,0.24312586509531292,FALSE
secondary,Messenger: politician,study_fixed_effects,favorability,Favorability,study_idX5a248af8c0f1,NA,FALSE,1.8532936106266678,2.947520469408568,Combined,0.6287636099092261,FALSE
secondary,Messenger: politician,study_fixed_effects,favorability,Favorability,study_idX5bee0c849477,NA,FALSE,-1.4659661288608226,2.8255591523026156,Combined,-0.518823372593765,FALSE
secondary,Messenger: politician,study_fixed_effects,favorability,Favorability,study_idX5c1c1e604f1e,NA,FALSE,-0.3704675478303478,2.6003450908532666,Combined,-0.14246860892943408,FALSE
secondary,Messenger: politician,study_fixed_effects,favorability,Favorability,study_idX6725be1de97c,NA,FALSE,5.023333502835744,3.6226094705065672,Combined,1.3866616160900465,FALSE
secondary,Messenger: politician,study_fixed_effects,favorability,Favorability,study_idX6dc1b2269d4d,NA,FALSE,0.7732303136326102,3.499077088507086,Combined,0.22098121706787435,FALSE
secondary,Messenger: politician,study_fixed_effects,favorability,Favorability,study_idX877266884b5c,NA,FALSE,0.07130729234692439,3.032998841050019,Combined,0.023510491129049665,FALSE
secondary,Messenger: politician,study_fixed_effects,favorability,Favorability,study_idX96c94303546c,NA,FALSE,-0.2519568295169705,2.723710287447398,Combined,-0.09250500344260144,FALSE
secondary,Messenger: politician,study_fixed_effects,favorability,Favorability,study_idX9b63b51005a1,NA,FALSE,6.488635079493913,3.804003776380859,Combined,1.705738338058965,FALSE
secondary,Messenger: politician,study_fixed_effects,favorability,Favorability,study_idXb218652f3e19,NA,FALSE,-2.1392853069857933,2.9936091806178813,Combined,-0.7146174326417066,FALSE
secondary,Messenger: politician,study_fixed_effects,favorability,Favorability,study_idXbb1e5503bebf,NA,FALSE,-1.3105057534495803,2.603044424025869,Combined,-0.5034511671617005,FALSE
secondary,Messenger: politician,study_fixed_effects,favorability,Favorability,study_idXbf86b7c37550,NA,FALSE,0.664361132752758,2.9999251294122753,Combined,0.22145923784535085,FALSE
secondary,Messenger: politician,study_fixed_effects,favorability,Favorability,study_idXc03c2d306034,NA,FALSE,1.0403742232876303,3.4182700715907837,Combined,0.30435694123006035,FALSE
secondary,Messenger: politician,study_fixed_effects,favorability,Favorability,study_idXc743e344bff5,NA,FALSE,-0.31973199242001576,2.606389808750307,Combined,-0.12267236134310952,FALSE
secondary,Messenger: politician,study_fixed_effects,favorability,Favorability,study_idXcbca87b096bc,NA,FALSE,1.6161732444951462,4.104427948670099,Combined,0.3937633367443598,FALSE
secondary,Messenger: politician,study_fixed_effects,favorability,Favorability,study_idXcd1c7907cdb8,NA,FALSE,-2.3045478574652782,3.320932225175271,Combined,-0.6939460673105575,FALSE
secondary,Messenger: politician,study_fixed_effects,favorability,Favorability,study_idXd0500f1294c1,NA,FALSE,-5.9427095850872265,3.022898661838121,Combined,-1.9658977193346168,TRUE
secondary,Messenger: politician,study_fixed_effects,favorability,Favorability,study_idXd503139dae5a,NA,FALSE,-0.6944415805227443,3.3460670072244247,Combined,-0.20753965148438142,FALSE
secondary,Messenger: politician,study_fixed_effects,favorability,Favorability,study_idXd783f4c0b772,NA,FALSE,-1.3804460489661834,3.644588544825383,Combined,-0.3787659517632387,FALSE
secondary,Messenger: politician,study_fixed_effects,favorability,Favorability,study_idXe1243115280f,NA,FALSE,2.9222395942527166,3.308094937556328,Combined,0.8833602570098424,FALSE
secondary,Messenger: politician,study_fixed_effects,favorability,Favorability,study_idXf0130cfec75e,NA,FALSE,-3.0274837932616667,3.005808685959613,Combined,-1.0072110734802584,FALSE
secondary,Messenger: politician,study_fixed_effects,favorability,Favorability,study_idXf337919542ab,NA,FALSE,-1.0798786242790257,2.8673472620246545,Combined,-0.3766124314906021,FALSE
secondary,Messenger: politician,study_fixed_effects,votechoice,Vote choice,intercept,Intercept,FALSE,3.379289815012183,3.4814851046208513,Combined,0.970646064384125,FALSE
secondary,Messenger: politician,study_fixed_effects,votechoice,Vote choice,messenger_politician,Messenger: Politician,TRUE,-1.2505129826228665,1.7418990158378744,Combined,-0.717902112150488,FALSE
secondary,Messenger: politician,study_fixed_effects,votechoice,Vote choice,study_idX0ca4a39fd242,NA,FALSE,-1.8759507123921946,3.6137488128656496,Combined,-0.5191148609204504,FALSE
secondary,Messenger: politician,study_fixed_effects,votechoice,Vote choice,study_idX201e65ae9067,NA,FALSE,2.0610279105419296,5.165891997744148,Combined,0.39896844754825367,FALSE
secondary,Messenger: politician,study_fixed_effects,votechoice,Vote choice,study_idX43915f01925b,NA,FALSE,-1.2549471910335535,4.097068001976149,Combined,-0.30630372510982284,FALSE
secondary,Messenger: politician,study_fixed_effects,votechoice,Vote choice,study_idX4cd2c9923737,NA,FALSE,-4.160078315802907,3.728488329836292,Combined,-1.1157546833425558,FALSE
secondary,Messenger: politician,study_fixed_effects,votechoice,Vote choice,study_idX4d1542866d9e,NA,FALSE,2.258910401086251,3.6261713505870095,Combined,0.6229464034347344,FALSE
secondary,Messenger: politician,study_fixed_effects,votechoice,Vote choice,study_idX5a248af8c0f1,NA,FALSE,1.898890802553165,4.093176765422359,Combined,0.463916149088476,FALSE
secondary,Messenger: politician,study_fixed_effects,votechoice,Vote choice,study_idX5bee0c849477,NA,FALSE,-0.47644890159810444,3.8931439537762356,Combined,-0.12238152692400776,FALSE
secondary,Messenger: politician,study_fixed_effects,votechoice,Vote choice,study_idX5c1c1e604f1e,NA,FALSE,-0.09027238481514274,3.60350289319059,Combined,-0.02505128689801449,FALSE
secondary,Messenger: politician,study_fixed_effects,votechoice,Vote choice,study_idX6725be1de97c,NA,FALSE,3.4405396258679333,5.119643576412033,Combined,0.6720271781652317,FALSE
secondary,Messenger: politician,study_fixed_effects,votechoice,Vote choice,study_idX877266884b5c,NA,FALSE,-2.7874677059906943,4.105528462894261,Combined,-0.6789546659300523,FALSE
secondary,Messenger: politician,study_fixed_effects,votechoice,Vote choice,study_idXb218652f3e19,NA,FALSE,-7.333210377008445,4.189780787532592,Combined,-1.7502611112327557,FALSE
secondary,Messenger: politician,study_fixed_effects,votechoice,Vote choice,study_idXbb1e5503bebf,NA,FALSE,-1.0037510779667513,3.576440431709053,Combined,-0.2806564507736243,FALSE
secondary,Messenger: politician,study_fixed_effects,votechoice,Vote choice,study_idXbf86b7c37550,NA,FALSE,-0.27314108693536865,4.1982599105526734,Combined,-0.06506054716831751,FALSE
secondary,Messenger: politician,study_fixed_effects,votechoice,Vote choice,study_idXc03c2d306034,NA,FALSE,4.104406054688394,4.6578406457811425,Combined,0.8811821543113494,FALSE
secondary,Messenger: politician,study_fixed_effects,votechoice,Vote choice,study_idXc743e344bff5,NA,FALSE,-1.2274173604746015,3.6072460913877213,Combined,-0.34026438157492306,FALSE
secondary,Messenger: politician,study_fixed_effects,votechoice,Vote choice,study_idXcbca87b096bc,NA,FALSE,3.9823746060416516,5.364535269852864,Combined,0.7423522086659482,FALSE
secondary,Messenger: politician,study_fixed_effects,votechoice,Vote choice,study_idXcd1c7907cdb8,NA,FALSE,-2.6782382980598154,4.597845906632248,Combined,-0.582498490042161,FALSE
secondary,Messenger: politician,study_fixed_effects,votechoice,Vote choice,study_idXd0500f1294c1,NA,FALSE,-6.182173347670631,4.189105277506886,Combined,-1.4757741661126031,FALSE
secondary,Messenger: politician,study_fixed_effects,votechoice,Vote choice,study_idXd503139dae5a,NA,FALSE,-4.295602731932485,4.557657787894105,Combined,-0.9425022526575642,FALSE
secondary,Messenger: politician,study_fixed_effects,votechoice,Vote choice,study_idXf0130cfec75e,NA,FALSE,-3.0848893844662184,4.1463624512310036,Combined,-0.743998967950897,FALSE
secondary,Messenger: politician,study_fixed_effects,votechoice,Vote choice,study_idXf337919542ab,NA,FALSE,-2.7442566393844388,3.9159001063835297,Combined,-0.7007984281598173,FALSE
secondary,Messenger: politician,study_fixed_effects,votechoice_dichotomized,Vote choice (dichotomized),intercept,Intercept,FALSE,3.0221537807576855,4.415459326284531,Combined,0.6844483342349644,FALSE
secondary,Messenger: politician,study_fixed_effects,votechoice_dichotomized,Vote choice (dichotomized),messenger_politician,Messenger: Politician,TRUE,-1.1394593887979498,2.0618657044942252,Combined,-0.552635114068915,FALSE
secondary,Messenger: politician,study_fixed_effects,votechoice_dichotomized,Vote choice (dichotomized),study_idX0ca4a39fd242,NA,FALSE,-1.2677094980294592,4.572013376258732,Combined,-0.2772759818709942,FALSE
secondary,Messenger: politician,study_fixed_effects,votechoice_dichotomized,Vote choice (dichotomized),study_idX201e65ae9067,NA,FALSE,2.363568269358337,6.2567039373368,Combined,0.37776572026267274,FALSE
secondary,Messenger: politician,study_fixed_effects,votechoice_dichotomized,Vote choice (dichotomized),study_idX43915f01925b,NA,FALSE,0.3336841641291665,5.207651628529195,Combined,0.06407574621565257,FALSE
secondary,Messenger: politician,study_fixed_effects,votechoice_dichotomized,Vote choice (dichotomized),study_idX4cd2c9923737,NA,FALSE,-4.260329390361835,4.727135574536966,Combined,-0.9012496729119397,FALSE
secondary,Messenger: politician,study_fixed_effects,votechoice_dichotomized,Vote choice (dichotomized),study_idX4d1542866d9e,NA,FALSE,3.3052619595329857,4.575835148697018,Combined,0.7223297719705153,FALSE
secondary,Messenger: politician,study_fixed_effects,votechoice_dichotomized,Vote choice (dichotomized),study_idX5a248af8c0f1,NA,FALSE,4.1386905869196795,5.161104586208616,Combined,0.8019001587332667,FALSE
secondary,Messenger: politician,study_fixed_effects,votechoice_dichotomized,Vote choice (dichotomized),study_idX5bee0c849477,NA,FALSE,0.17378920048979024,4.952614114567961,Combined,0.03509039801396897,FALSE
secondary,Messenger: politician,study_fixed_effects,votechoice_dichotomized,Vote choice (dichotomized),study_idX5c1c1e604f1e,NA,FALSE,0.6680339303991665,4.560188839320877,Combined,0.14649260237623252,FALSE
secondary,Messenger: politician,study_fixed_effects,votechoice_dichotomized,Vote choice (dichotomized),study_idX6725be1de97c,NA,FALSE,5.525005862825174,6.2885636479778855,Combined,0.878579938457292,FALSE
secondary,Messenger: politician,study_fixed_effects,votechoice_dichotomized,Vote choice (dichotomized),study_idX877266884b5c,NA,FALSE,-2.2151641179085853,5.067565236426403,Combined,-0.43712592035040027,FALSE
secondary,Messenger: politician,study_fixed_effects,votechoice_dichotomized,Vote choice (dichotomized),study_idXb218652f3e19,NA,FALSE,-7.319174378365445,5.162881038241211,Combined,-1.4176531134753394,FALSE
secondary,Messenger: politician,study_fixed_effects,votechoice_dichotomized,Vote choice (dichotomized),study_idXbb1e5503bebf,NA,FALSE,-0.3210325446724279,4.521027533590609,Combined,-0.07100875681185317,FALSE
secondary,Messenger: politician,study_fixed_effects,votechoice_dichotomized,Vote choice (dichotomized),study_idXbf86b7c37550,NA,FALSE,2.3013019559035275,5.241131109998216,Combined,0.43908498139141394,FALSE
secondary,Messenger: politician,study_fixed_effects,votechoice_dichotomized,Vote choice (dichotomized),study_idXc03c2d306034,NA,FALSE,6.278167124200428,5.9238248995561404,Combined,1.0598164582263123,FALSE
secondary,Messenger: politician,study_fixed_effects,votechoice_dichotomized,Vote choice (dichotomized),study_idXc743e344bff5,NA,FALSE,-1.2992666578093506,4.561228952078621,Combined,-0.284850129528634,FALSE
secondary,Messenger: politician,study_fixed_effects,votechoice_dichotomized,Vote choice (dichotomized),study_idXcbca87b096bc,NA,FALSE,7.636364445322739,6.528853073717243,Combined,1.1696333734425621,FALSE
secondary,Messenger: politician,study_fixed_effects,votechoice_dichotomized,Vote choice (dichotomized),study_idXcd1c7907cdb8,NA,FALSE,0.05305897162153366,5.7288978175709415,Combined,0.00926163693455973,FALSE
secondary,Messenger: politician,study_fixed_effects,votechoice_dichotomized,Vote choice (dichotomized),study_idXd0500f1294c1,NA,FALSE,-5.929758747151004,5.250374792967101,Combined,-1.1293972299070802,FALSE
secondary,Messenger: politician,study_fixed_effects,votechoice_dichotomized,Vote choice (dichotomized),study_idXd503139dae5a,NA,FALSE,-5.169305768286354,5.617415731551098,Combined,-0.920228449401054,FALSE
secondary,Messenger: politician,study_fixed_effects,votechoice_dichotomized,Vote choice (dichotomized),study_idXf0130cfec75e,NA,FALSE,-2.4422291333783384,5.138570296617539,Combined,-0.47527405336576484,FALSE
secondary,Messenger: politician,study_fixed_effects,votechoice_dichotomized,Vote choice (dichotomized),study_idXf337919542ab,NA,FALSE,-2.1080512519704033,4.909901559377093,Combined,-0.4293469485033518,FALSE
secondary,Messenger: politician,study_random_effects,favorability,Favorability,intercept,Intercept,FALSE,2.608224314235338,0.4785773339852442,Combined,5.449953704484794,TRUE
secondary,Messenger: politician,study_random_effects,favorability,Favorability,messenger_politician,Messenger: Politician,TRUE,0.8417462510238045,1.0479220559611746,Combined,0.8032527288031345,FALSE
secondary,Messenger: politician,study_random_effects,votechoice,Vote choice,intercept,Intercept,FALSE,2.0982560890337774,0.5556683449875953,Combined,3.776094333897351,TRUE
secondary,Messenger: politician,study_random_effects,votechoice,Vote choice,messenger_politician,Messenger: Politician,TRUE,-0.3552817647346572,1.4450614457069157,Combined,-0.2458592787110554,FALSE
secondary,Messenger: politician,study_random_effects,votechoice_dichotomized,Vote choice (dichotomized),intercept,Intercept,FALSE,2.496532415176713,0.666401094926078,Combined,3.7462909862920415,TRUE
secondary,Messenger: politician,study_random_effects,votechoice_dichotomized,Vote choice (dichotomized),messenger_politician,Messenger: Politician,TRUE,0.5221703109291239,1.7181922598499169,Combined,0.30390679968185585,FALSE
secondary,Primary tone,standard,favorability,Favorability,intercept,Intercept,FALSE,-0.17986855373592125,0.399100562286306,2020D-2018,-0.4506847915861554,FALSE
secondary,Primary tone,standard,favorability,Favorability,intercept,Intercept,FALSE,-1.2307608081176102,0.3468951270050843,2020P-2018,-3.547933402072758,TRUE
secondary,Primary tone,standard,favorability,Favorability,intercept,Intercept,FALSE,-1.0508922543816888,0.2653563756822986,2020P-2020D,-3.9603052750459757,TRUE
secondary,Primary tone,standard,favorability,Favorability,intercept,Intercept,FALSE,1.2582409864218609,0.10459706817166714,Combined,12.029409699675393,TRUE
secondary,Primary tone,standard,favorability,Favorability,race_levelGov,Race: Gov,FALSE,2.2600627958707205,0.7296714075881511,Combined,3.0973706415893565,TRUE
secondary,Primary tone,standard,favorability,Favorability,race_levelOther,Race: Other,FALSE,-1.1852642631063834,0.5613424807773595,Combined,-2.111481499609656,TRUE
secondary,Primary tone,standard,favorability,Favorability,race_levelStateLeg,Race: StateLeg,FALSE,-0.9910068884647181,1.0701750779022254,2020D-2018,-0.9260231423135977,FALSE
secondary,Primary tone,standard,favorability,Favorability,race_levelStateLeg,Race: StateLeg,FALSE,-0.7094322040963787,0.4018208715740836,Combined,-1.7655434405815353,FALSE
secondary,Primary tone,standard,favorability,Favorability,tone_contrast,Primary tone: Contrast,TRUE,-0.599326622806961,0.8418644039634438,2020D-2018,-0.7119039835695269,FALSE
secondary,Primary tone,standard,favorability,Favorability,tone_contrast,Primary tone: Contrast,TRUE,-0.2297309507348601,0.7622997374860432,2020P-2018,-0.30136564324747156,FALSE
secondary,Primary tone,standard,favorability,Favorability,tone_contrast,Primary tone: Contrast,TRUE,0.3695956720721009,0.46503459212926535,2020P-2020D,0.7947702780127046,FALSE
secondary,Primary tone,standard,favorability,Favorability,tone_contrast,Primary tone: Contrast,TRUE,0.09436825482411323,0.18182909723801324,Combined,0.5189942438122856,FALSE
secondary,Primary tone,standard,favorability,Favorability,tone_positive,Primary tone: Positive,TRUE,-1.2514316682256235,0.8125318613457194,2020D-2018,-1.5401631957582511,FALSE
secondary,Primary tone,standard,favorability,Favorability,tone_positive,Primary tone: Positive,TRUE,-0.0708368843779616,0.7120186611646123,2020P-2018,-0.09948739863376241,FALSE
secondary,Primary tone,standard,favorability,Favorability,tone_positive,Primary tone: Positive,TRUE,1.1805947838476618,0.45628076527558914,2020P-2020D,2.587430533335312,TRUE
secondary,Primary tone,standard,favorability,Favorability,tone_positive,Primary tone: Positive,TRUE,-0.1170476363229327,0.1507338553118906,Combined,-0.7765185603509169,FALSE
secondary,Primary tone,standard,votechoice,Vote choice,intercept,Intercept,FALSE,-0.6581385620610887,0.48360339321429807,2020D-2018,-1.3609055918461044,FALSE
secondary,Primary tone,standard,votechoice,Vote choice,intercept,Intercept,FALSE,-1.7660467899266046,0.4136009918148693,2020P-2018,-4.269928807900682,TRUE
secondary,Primary tone,standard,votechoice,Vote choice,intercept,Intercept,FALSE,-1.107908227865516,0.29330254611827505,2020P-2020D,-3.777356325501344,TRUE
secondary,Primary tone,standard,votechoice,Vote choice,intercept,Intercept,FALSE,0.8826684963151122,0.09720098345162849,Combined,9.080859729720402,TRUE
secondary,Primary tone,standard,votechoice,Vote choice,race_levelGov,Race: Gov,FALSE,0.028877183744373463,1.1980059458932892,Combined,0.02410437430912856,FALSE
secondary,Primary tone,standard,votechoice,Vote choice,race_levelOther,Race: Other,FALSE,-0.36875947426942846,0.5275964099139733,Combined,-0.698942349379436,FALSE
secondary,Primary tone,standard,votechoice,Vote choice,race_levelRunoff,Race: GA Runoff,FALSE,-0.7573043008257254,0.40040271474292705,Combined,-1.8913565591380719,FALSE
secondary,Primary tone,standard,votechoice,Vote choice,race_levelStateLeg,Race: StateLeg,FALSE,-1.4779925248555807,2.2775215382079756,2020D-2018,-0.6489477706623626,FALSE
secondary,Primary tone,standard,votechoice,Vote choice,race_levelStateLeg,Race: StateLeg,FALSE,-1.6769169394637706,0.5003847541221816,Combined,-3.3512550605294997,TRUE
secondary,Primary tone,standard,votechoice,Vote choice,tone_contrast,Primary tone: Contrast,TRUE,-1.0539021105089534,1.0755412459925153,2020D-2018,-0.9798807014010948,FALSE
secondary,Primary tone,standard,votechoice,Vote choice,tone_contrast,Primary tone: Contrast,TRUE,0.08760671881423865,1.0176294600954696,2020P-2018,0.08608901594301305,FALSE
secondary,Primary tone,standard,votechoice,Vote choice,tone_contrast,Primary tone: Contrast,TRUE,1.141508829323192,0.4302650697325026,2020P-2020D,2.6530362551458624,TRUE
secondary,Primary tone,standard,votechoice,Vote choice,tone_contrast,Primary tone: Contrast,TRUE,0.4766676359665203,0.1604999103590541,Combined,2.969893471592401,TRUE
secondary,Primary tone,standard,votechoice,Vote choice,tone_positive,Primary tone: Positive,TRUE,1.5919297139062238,1.005642910567516,2020D-2018,1.5829970033874625,FALSE
secondary,Primary tone,standard,votechoice,Vote choice,tone_positive,Primary tone: Positive,TRUE,1.664823383832046,0.9604112379376215,2020P-2018,1.7334484625638835,FALSE
secondary,Primary tone,standard,votechoice,Vote choice,tone_positive,Primary tone: Positive,TRUE,0.07289366992582233,0.3614008921961632,2020P-2020D,0.20169753727740297,FALSE
secondary,Primary tone,standard,votechoice,Vote choice,tone_positive,Primary tone: Positive,TRUE,0.22910361824805778,0.1310797561867856,Combined,1.7478184649778448,FALSE
secondary,Primary tone,standard,votechoice_dichotomized,Vote choice (dichotomized),intercept,Intercept,FALSE,-0.5224694741509213,0.6538333446235135,2020D-2018,-0.7990866150330197,FALSE
secondary,Primary tone,standard,votechoice_dichotomized,Vote choice (dichotomized),intercept,Intercept,FALSE,-1.8245398233573298,0.5148738097781362,2020P-2018,-3.543664075948125,TRUE
secondary,Primary tone,standard,votechoice_dichotomized,Vote choice (dichotomized),intercept,Intercept,FALSE,-1.3020703492064085,0.4727931461285437,2020P-2020D,-2.7539958222076253,TRUE
secondary,Primary tone,standard,votechoice_dichotomized,Vote choice (dichotomized),intercept,Intercept,FALSE,1.1136897789214038,0.1540047597467308,Combined,7.231528303105223,TRUE
secondary,Primary tone,standard,votechoice_dichotomized,Vote choice (dichotomized),race_levelGov,Race: Gov,FALSE,0.23399813651755813,1.4703731621042662,Combined,0.15914200731376313,FALSE
secondary,Primary tone,standard,votechoice_dichotomized,Vote choice (dichotomized),race_levelOther,Race: Other,FALSE,-0.004372571123782571,0.7747605597103148,Combined,-0.005643770928940275,FALSE
secondary,Primary tone,standard,votechoice_dichotomized,Vote choice (dichotomized),race_levelRunoff,Race: GA Runoff,FALSE,-1.1985372416453477,0.6487723635260378,Combined,-1.8473925663716186,FALSE
secondary,Primary tone,standard,votechoice_dichotomized,Vote choice (dichotomized),race_levelStateLeg,Race: StateLeg,FALSE,-3.5655013225719303,2.968615089427536,2020D-2018,-1.201065552509705,FALSE
secondary,Primary tone,standard,votechoice_dichotomized,Vote choice (dichotomized),race_levelStateLeg,Race: StateLeg,FALSE,-2.4892068355214616,0.8396809483229658,Combined,-2.9644674450372785,TRUE
secondary,Primary tone,standard,votechoice_dichotomized,Vote choice (dichotomized),tone_contrast,Primary tone: Contrast,TRUE,-1.172363682168324,1.3533949731392765,2020D-2018,-0.8662391285885745,FALSE
secondary,Primary tone,standard,votechoice_dichotomized,Vote choice (dichotomized),tone_contrast,Primary tone: Contrast,TRUE,-0.04980790934023138,1.2339245630805047,2020P-2018,-0.040365441154591696,FALSE
secondary,Primary tone,standard,votechoice_dichotomized,Vote choice (dichotomized),tone_contrast,Primary tone: Contrast,TRUE,1.1225557728280928,0.6931701765262283,2020P-2020D,1.6194519193738242,FALSE
secondary,Primary tone,standard,votechoice_dichotomized,Vote choice (dichotomized),tone_contrast,Primary tone: Contrast,TRUE,0.6431722024221427,0.25907174480837497,Combined,2.482602658571939,TRUE
secondary,Primary tone,standard,votechoice_dichotomized,Vote choice (dichotomized),tone_positive,Primary tone: Positive,TRUE,1.4599399146268441,1.262546251135588,2020D-2018,1.1563456889707697,FALSE
secondary,Primary tone,standard,votechoice_dichotomized,Vote choice (dichotomized),tone_positive,Primary tone: Positive,TRUE,1.1223725173293486,1.170788474927291,2020P-2018,0.9586467080648798,FALSE
secondary,Primary tone,standard,votechoice_dichotomized,Vote choice (dichotomized),tone_positive,Primary tone: Positive,TRUE,-0.33756739729749546,0.577701812548534,2020P-2020D,-0.5843280910065272,FALSE
secondary,Primary tone,standard,votechoice_dichotomized,Vote choice (dichotomized),tone_positive,Primary tone: Positive,TRUE,0.46778506927987124,0.21102265085403413,Combined,2.2167528812034565,TRUE
secondary,Primary tone,study_fixed_effects,favorability,Favorability,intercept,Intercept,FALSE,3.271073029187624,2.5837237087007088,Combined,1.2660305040249704,FALSE
secondary,Primary tone,study_fixed_effects,favorability,Favorability,study_idX08b80ae785a7,NA,FALSE,2.140757986944003,3.821594700533707,Combined,0.5601739992587478,FALSE
secondary,Primary tone,study_fixed_effects,favorability,Favorability,study_idX0c2b064a71c5,NA,FALSE,4.22703197139918,2.8153783894670905,Combined,1.501408118785516,FALSE
secondary,Primary tone,study_fixed_effects,favorability,Favorability,study_idX0ca4a39fd242,NA,FALSE,-2.2061435171846253,2.656527569935484,Combined,-0.8304613669935311,FALSE
secondary,Primary tone,study_fixed_effects,favorability,Favorability,study_idX201e65ae9067,NA,FALSE,-2.31841150677997,3.843161684617446,Combined,-0.6032563022418737,FALSE
secondary,Primary tone,study_fixed_effects,favorability,Favorability,study_idX3c2f80c20258,NA,FALSE,-7.050317312352341,3.4033782621734385,Combined,-2.0715644190105165,TRUE
secondary,Primary tone,study_fixed_effects,favorability,Favorability,study_idX3f0cfe830de9,NA,FALSE,5.4268267685189375,2.696508037959524,Combined,2.0125386952769753,TRUE
secondary,Primary tone,study_fixed_effects,favorability,Favorability,study_idX43915f01925b,NA,FALSE,-1.1534404596503196,3.033195060123589,Combined,-0.3802724311450389,FALSE
secondary,Primary tone,study_fixed_effects,favorability,Favorability,study_idX495cbb4fe018,NA,FALSE,6.491723637677894,7.4271596068406565,Combined,0.8740519904404376,FALSE
secondary,Primary tone,study_fixed_effects,favorability,Favorability,study_idX4d1542866d9e,NA,FALSE,0.9661245787115077,2.682324219889793,Combined,0.36018187941172986,FALSE
secondary,Primary tone,study_fixed_effects,favorability,Favorability,study_idX52ae33d7915c,NA,FALSE,0.3836260443998541,3.7274647344331853,Combined,0.10291875892373532,FALSE
secondary,Primary tone,study_fixed_effects,favorability,Favorability,study_idX5a248af8c0f1,NA,FALSE,1.3203466609314851,3.009089610210137,Combined,0.43878608880620207,FALSE
secondary,Primary tone,study_fixed_effects,favorability,Favorability,study_idX5bee0c849477,NA,FALSE,-1.5728631746833364,2.820237442016886,Combined,-0.5577059403758952,FALSE
secondary,Primary tone,study_fixed_effects,favorability,Favorability,study_idX5c1c1e604f1e,NA,FALSE,-0.9015549276418351,2.6412497687865666,Combined,-0.34133649089007745,FALSE
secondary,Primary tone,study_fixed_effects,favorability,Favorability,study_idX6725be1de97c,NA,FALSE,4.927906898677676,3.6249439525478517,Combined,1.359443611594054,FALSE
secondary,Primary tone,study_fixed_effects,favorability,Favorability,study_idX6dc1b2269d4d,NA,FALSE,0.23762136128101188,3.5516404549700167,Combined,0.06690467807587182,FALSE
secondary,Primary tone,study_fixed_effects,favorability,Favorability,study_idX877266884b5c,NA,FALSE,0.7968396083340243,3.090107054309161,Combined,0.2578679619603566,FALSE
secondary,Primary tone,study_fixed_effects,favorability,Favorability,study_idX96c94303546c,NA,FALSE,-0.44969675155485433,2.732044364188245,Combined,-0.1646008232697458,FALSE
secondary,Primary tone,study_fixed_effects,favorability,Favorability,study_idX9b63b51005a1,NA,FALSE,6.041556914166748,3.8278198044293594,Combined,1.578328454013369,FALSE
secondary,Primary tone,study_fixed_effects,favorability,Favorability,study_idXb218652f3e19,NA,FALSE,-2.6630407917787755,3.055262488364015,Combined,-0.8716242227700507,FALSE
secondary,Primary tone,study_fixed_effects,favorability,Favorability,study_idXbb1e5503bebf,NA,FALSE,-1.834298807894329,2.6724200876711017,Combined,-0.6863811630352026,FALSE
secondary,Primary tone,study_fixed_effects,favorability,Favorability,study_idXbf86b7c37550,NA,FALSE,0.6793463808204232,2.8561518319831483,Combined,0.23785373494963116,FALSE
secondary,Primary tone,study_fixed_effects,favorability,Favorability,study_idXc03c2d306034,NA,FALSE,0.49613050675856935,3.473199923635767,Combined,0.1428453638335961,FALSE
secondary,Primary tone,study_fixed_effects,favorability,Favorability,study_idXc743e344bff5,NA,FALSE,-0.8294290289782568,2.670335762986689,Combined,-0.3106085161554986,FALSE
secondary,Primary tone,study_fixed_effects,favorability,Favorability,study_idXcbca87b096bc,NA,FALSE,1.3617248932564094,3.909190663855718,Combined,0.34833933935402145,FALSE
secondary,Primary tone,study_fixed_effects,favorability,Favorability,study_idXcd1c7907cdb8,NA,FALSE,-2.228262218754864,3.3154176282841066,Combined,-0.6720909606516451,FALSE
secondary,Primary tone,study_fixed_effects,favorability,Favorability,study_idXd0500f1294c1,NA,FALSE,-6.3561594114711415,3.0429141243351214,Combined,-2.0888395635745933,TRUE
secondary,Primary tone,study_fixed_effects,favorability,Favorability,study_idXd503139dae5a,NA,FALSE,-0.6840587590556908,3.35859661987469,Combined,-0.20367398544014886,FALSE
secondary,Primary tone,study_fixed_effects,favorability,Favorability,study_idXd783f4c0b772,NA,FALSE,-1.8687705688478322,3.689906752941552,Combined,-0.506454686790681,FALSE
secondary,Primary tone,study_fixed_effects,favorability,Favorability,study_idXe1243115280f,NA,FALSE,2.382862536526674,3.363216504817453,Combined,0.708507029836906,FALSE
secondary,Primary tone,study_fixed_effects,favorability,Favorability,study_idXf0130cfec75e,NA,FALSE,-3.1610533855957073,3.001791652134573,Combined,-1.0530555587853285,FALSE
secondary,Primary tone,study_fixed_effects,favorability,Favorability,study_idXf337919542ab,NA,FALSE,-0.29031822265022045,2.9434281943820517,Combined,-0.0986326838902793,FALSE
secondary,Primary tone,study_fixed_effects,favorability,Favorability,tone_contrast,Primary tone: Contrast,TRUE,-0.4237162510256872,0.8150167569645975,Combined,-0.5198865512946655,FALSE
secondary,Primary tone,study_fixed_effects,favorability,Favorability,tone_positive,Primary tone: Positive,TRUE,-1.3362001740893126,0.87803007642013,Combined,-1.5218159491041763,FALSE
secondary,Primary tone,study_fixed_effects,votechoice,Vote choice,intercept,Intercept,FALSE,3.431422198306167,3.59819504041953,Combined,0.953650972156885,FALSE
secondary,Primary tone,study_fixed_effects,votechoice,Vote choice,study_idX0ca4a39fd242,NA,FALSE,-1.5592767330335022,3.6928374114869333,Combined,-0.42224353776941786,FALSE
secondary,Primary tone,study_fixed_effects,votechoice,Vote choice,study_idX201e65ae9067,NA,FALSE,2.2089073348549344,5.156899970071876,Combined,0.42834015545664095,FALSE
secondary,Primary tone,study_fixed_effects,votechoice,Vote choice,study_idX43915f01925b,NA,FALSE,-1.2997740165047413,4.1920299050969385,Combined,-0.3100583836304204,FALSE
secondary,Primary tone,study_fixed_effects,votechoice,Vote choice,study_idX4cd2c9923737,NA,FALSE,-4.280047958573129,3.8410140040230627,Combined,-1.1143015761177189,FALSE
secondary,Primary tone,study_fixed_effects,votechoice,Vote choice,study_idX4d1542866d9e,NA,FALSE,2.1765371070432287,3.712288791492889,Combined,0.5863059770648767,FALSE
secondary,Primary tone,study_fixed_effects,votechoice,Vote choice,study_idX5a248af8c0f1,NA,FALSE,1.8486566028055955,4.190597964404119,Combined,0.44114386980294945,FALSE
secondary,Primary tone,study_fixed_effects,votechoice,Vote choice,study_idX5bee0c849477,NA,FALSE,-0.6039549806181633,3.8876654220617772,Combined,-0.15535158380421096,FALSE
secondary,Primary tone,study_fixed_effects,votechoice,Vote choice,study_idX5c1c1e604f1e,NA,FALSE,-0.31638069414458153,3.669104722036553,Combined,-0.08622830856922857,FALSE
secondary,Primary tone,study_fixed_effects,votechoice,Vote choice,study_idX6725be1de97c,NA,FALSE,3.1189522107709036,5.127747157969414,Combined,0.6082500003775552,FALSE
secondary,Primary tone,study_fixed_effects,votechoice,Vote choice,study_idX877266884b5c,NA,FALSE,-1.664698193488502,4.213461715991771,Combined,-0.3950903807124453,FALSE
secondary,Primary tone,study_fixed_effects,votechoice,Vote choice,study_idXb218652f3e19,NA,FALSE,-7.367754149755212,4.2868383686028,Combined,-1.7186918461207503,FALSE
secondary,Primary tone,study_fixed_effects,votechoice,Vote choice,study_idXbb1e5503bebf,NA,FALSE,-1.0572591240301157,3.686815860768924,Combined,-0.2867675424965795,FALSE
secondary,Primary tone,study_fixed_effects,votechoice,Vote choice,study_idXbf86b7c37550,NA,FALSE,-0.4098030868082768,4.027687972492169,Combined,-0.10174648324475528,FALSE
secondary,Primary tone,study_fixed_effects,votechoice,Vote choice,study_idXc03c2d306034,NA,FALSE,4.050519573558334,4.747382506928386,Combined,0.8532111258460757,FALSE
secondary,Primary tone,study_fixed_effects,votechoice,Vote choice,study_idXc743e344bff5,NA,FALSE,-1.281133404707245,3.709613625951521,Combined,-0.345354943637461,FALSE
secondary,Primary tone,study_fixed_effects,votechoice,Vote choice,study_idXcbca87b096bc,NA,FALSE,3.568234007530187,5.127629650588085,Combined,0.6958837222420984,FALSE
secondary,Primary tone,study_fixed_effects,votechoice,Vote choice,study_idXcd1c7907cdb8,NA,FALSE,-2.539501536246598,4.592285458996433,Combined,-0.5529929615485103,FALSE
secondary,Primary tone,study_fixed_effects,votechoice,Vote choice,study_idXd0500f1294c1,NA,FALSE,-6.35021005933961,4.219179219626697,Combined,-1.5050818485737285,FALSE
secondary,Primary tone,study_fixed_effects,votechoice,Vote choice,study_idXd503139dae5a,NA,FALSE,-3.987007027164797,4.586065232727818,Combined,-0.8693742510926523,FALSE
secondary,Primary tone,study_fixed_effects,votechoice,Vote choice,study_idXf0130cfec75e,NA,FALSE,-3.2168350994639994,4.142394795648797,Combined,-0.7765641031711867,FALSE
secondary,Primary tone,study_fixed_effects,votechoice,Vote choice,study_idXf337919542ab,NA,FALSE,-1.4761653266219377,4.061166814002581,Combined,-0.36348305652755675,FALSE
secondary,Primary tone,study_fixed_effects,votechoice,Vote choice,tone_contrast,Primary tone: Contrast,TRUE,0.2887515072495635,1.2240441214881759,Combined,0.23589959069326963,FALSE
secondary,Primary tone,study_fixed_effects,votechoice,Vote choice,tone_positive,Primary tone: Positive,TRUE,-1.3339528761663555,1.2977283455260689,Combined,-1.027913800885348,FALSE
secondary,Primary tone,study_fixed_effects,votechoice_dichotomized,Vote choice (dichotomized),intercept,Intercept,FALSE,2.9364481010742614,4.555555016479748,Combined,0.6445862448047806,FALSE
secondary,Primary tone,study_fixed_effects,votechoice_dichotomized,Vote choice (dichotomized),study_idX0ca4a39fd242,NA,FALSE,-1.0055668746809912,4.6704852436151745,Combined,-0.2153024412304181,FALSE
secondary,Primary tone,study_fixed_effects,votechoice_dichotomized,Vote choice (dichotomized),study_idX201e65ae9067,NA,FALSE,2.452892235697885,6.261996914227477,Combined,0.391710866245371,FALSE
secondary,Primary tone,study_fixed_effects,votechoice_dichotomized,Vote choice (dichotomized),study_idX43915f01925b,NA,FALSE,0.42665338178111867,5.3258971118082,Combined,0.0801092046699838,FALSE
secondary,Primary tone,study_fixed_effects,votechoice_dichotomized,Vote choice (dichotomized),study_idX4cd2c9923737,NA,FALSE,-4.231833627772309,4.864839841314898,Combined,-0.8698813868101573,FALSE
secondary,Primary tone,study_fixed_effects,votechoice_dichotomized,Vote choice (dichotomized),study_idX4d1542866d9e,NA,FALSE,3.3542568425488613,4.682102760170818,Combined,0.7163996636473837,FALSE
secondary,Primary tone,study_fixed_effects,votechoice_dichotomized,Vote choice (dichotomized),study_idX5a248af8c0f1,NA,FALSE,4.228764410989044,5.283084452666312,Combined,0.8004347552791504,FALSE
secondary,Primary tone,study_fixed_effects,votechoice_dichotomized,Vote choice (dichotomized),study_idX5bee0c849477,NA,FALSE,0.12407802153778082,4.95691312324944,Combined,0.025031308488304326,FALSE
secondary,Primary tone,study_fixed_effects,votechoice_dichotomized,Vote choice (dichotomized),study_idX5c1c1e604f1e,NA,FALSE,0.5906076953684984,4.64428735859682,Combined,0.12716863746065424,FALSE
secondary,Primary tone,study_fixed_effects,votechoice_dichotomized,Vote choice (dichotomized),study_idX6725be1de97c,NA,FALSE,5.325644766179728,6.308116078747373,Combined,0.8442528164822962,FALSE
secondary,Primary tone,study_fixed_effects,votechoice_dichotomized,Vote choice (dichotomized),study_idX877266884b5c,NA,FALSE,-1.5716998594717153,5.200992555734074,Combined,-0.30219229168842443,FALSE
secondary,Primary tone,study_fixed_effects,votechoice_dichotomized,Vote choice (dichotomized),study_idXb218652f3e19,NA,FALSE,-7.224795587908436,5.2871385565185935,Combined,-1.3664850108762283,FALSE
secondary,Primary tone,study_fixed_effects,votechoice_dichotomized,Vote choice (dichotomized),study_idXbb1e5503bebf,NA,FALSE,-0.24149944110062904,4.655437494041043,Combined,-0.051874703808127205,FALSE
secondary,Primary tone,study_fixed_effects,votechoice_dichotomized,Vote choice (dichotomized),study_idXbf86b7c37550,NA,FALSE,1.89329888109614,5.0633245160256894,Combined,0.3739240641408128,FALSE
secondary,Primary tone,study_fixed_effects,votechoice_dichotomized,Vote choice (dichotomized),study_idXc03c2d306034,NA,FALSE,6.369800731026207,6.036940012475816,Combined,1.0551373241845219,FALSE
secondary,Primary tone,study_fixed_effects,votechoice_dichotomized,Vote choice (dichotomized),study_idXc743e344bff5,NA,FALSE,-1.2455183697117198,4.685742184886929,Combined,-0.26581026453587847,FALSE
secondary,Primary tone,study_fixed_effects,votechoice_dichotomized,Vote choice (dichotomized),study_idXcbca87b096bc,NA,FALSE,6.978706239655955,6.263645463306996,Combined,1.1141604805919891,FALSE
secondary,Primary tone,study_fixed_effects,votechoice_dichotomized,Vote choice (dichotomized),study_idXcd1c7907cdb8,NA,FALSE,0.14032540998927914,5.734789538013911,Combined,0.024469147308564886,FALSE
secondary,Primary tone,study_fixed_effects,votechoice_dichotomized,Vote choice (dichotomized),study_idXd0500f1294c1,NA,FALSE,-5.954528097513986,5.2927265969674195,Combined,-1.1250398048003765,FALSE
secondary,Primary tone,study_fixed_effects,votechoice_dichotomized,Vote choice (dichotomized),study_idXd503139dae5a,NA,FALSE,-4.959275583252385,5.665126210887998,Combined,-0.8754042537871417,FALSE
secondary,Primary tone,study_fixed_effects,votechoice_dichotomized,Vote choice (dichotomized),study_idXf0130cfec75e,NA,FALSE,-2.509919841383239,5.144236790667768,Combined,-0.48790908030060354,FALSE
secondary,Primary tone,study_fixed_effects,votechoice_dichotomized,Vote choice (dichotomized),study_idXf337919542ab,NA,FALSE,-1.374718501565587,5.088272506735862,Combined,-0.2701739145742947,FALSE
secondary,Primary tone,study_fixed_effects,votechoice_dichotomized,Vote choice (dichotomized),tone_contrast,Primary tone: Contrast,TRUE,0.2985963202976254,1.46372896066262,Combined,0.2039970023975292,FALSE
secondary,Primary tone,study_fixed_effects,votechoice_dichotomized,Vote choice (dichotomized),tone_positive,Primary tone: Positive,TRUE,-0.6552937682473201,1.5847326115127853,Combined,-0.41350431201247057,FALSE
secondary,Primary tone,study_random_effects,favorability,Favorability,intercept,Intercept,FALSE,2.8434540664095986,0.5617383115426593,Combined,5.061883813124365,TRUE
secondary,Primary tone,study_random_effects,favorability,Favorability,tone_contrast,Primary tone: Contrast,TRUE,-0.10547795251229601,0.7448688846494201,Combined,-0.14160606609569984,FALSE
secondary,Primary tone,study_random_effects,favorability,Favorability,tone_positive,Primary tone: Positive,TRUE,-0.5245528869515931,0.7563466625472963,Combined,-0.6935350057405607,FALSE
secondary,Primary tone,study_random_effects,votechoice,Vote choice,intercept,Intercept,FALSE,2.211963062956114,0.609581085029109,Combined,3.6286609235102616,TRUE
secondary,Primary tone,study_random_effects,votechoice,Vote choice,tone_contrast,Primary tone: Contrast,TRUE,0.5252746486046617,1.0472064540726653,Combined,0.5015960764583036,FALSE
secondary,Primary tone,study_random_effects,votechoice,Vote choice,tone_positive,Primary tone: Positive,TRUE,-1.1914422120025474,1.0348480464481045,Combined,-1.1513209268664313,FALSE
secondary,Primary tone,study_random_effects,votechoice_dichotomized,Vote choice (dichotomized),intercept,Intercept,FALSE,2.5033458640493955,0.7517523601374485,Combined,3.330013973739557,TRUE
secondary,Primary tone,study_random_effects,votechoice_dichotomized,Vote choice (dichotomized),tone_contrast,Primary tone: Contrast,TRUE,0.6933874307376944,1.2553427126489716,Combined,0.5523491105265886,FALSE
secondary,Primary tone,study_random_effects,votechoice_dichotomized,Vote choice (dichotomized),tone_positive,Primary tone: Positive,TRUE,-0.4492679925426824,1.262958780393836,Combined,-0.3557265680536181,FALSE
secondary,Production value,standard,favorability,Favorability,intercept,Intercept,FALSE,-1.2140390813681647,0.7186485882458442,2020D-2018,-1.6893362085793888,FALSE
secondary,Production value,standard,favorability,Favorability,intercept,Intercept,FALSE,-0.7924067493375012,0.5238784914909881,2020P-2018,-1.5125773670956912,FALSE
secondary,Production value,standard,favorability,Favorability,intercept,Intercept,FALSE,0.4216323320306635,0.5319024980499637,2020P-2020D,0.792687256736775,FALSE
secondary,Production value,standard,favorability,Favorability,intercept,Intercept,FALSE,1.0164265599723796,0.13288379819026053,Combined,7.648987866203818,TRUE
secondary,Production value,standard,favorability,Favorability,production_value_high,Production value: High,TRUE,0.7861384682033825,0.8174768287704031,2020D-2018,0.9616645274042107,FALSE
secondary,Production value,standard,favorability,Favorability,production_value_high,Production value: High,TRUE,-0.6789061247933025,0.6326812739105789,2020P-2018,-1.0730618287419975,FALSE
secondary,Production value,standard,favorability,Favorability,production_value_high,Production value: High,TRUE,-1.465044592996685,0.5760375884483199,2020P-2020D,-2.543314225280151,TRUE
secondary,Production value,standard,favorability,Favorability,production_value_high,Production value: High,TRUE,0.12825734015626922,0.16356311070931095,Combined,0.7841458847295454,FALSE
secondary,Production value,standard,favorability,Favorability,race_levelGov,Race: Gov,FALSE,2.1959865781255488,0.6705671552698286,Combined,3.2748197713947214,TRUE
secondary,Production value,standard,favorability,Favorability,race_levelOther,Race: Other,FALSE,-1.045637974295727,0.5473706248422952,Combined,-1.910292454215988,FALSE
secondary,Production value,standard,favorability,Favorability,race_levelStateLeg,Race: StateLeg,FALSE,-0.9965125532006853,1.0696779803235366,2020D-2018,-0.9316005111176342,FALSE
secondary,Production value,standard,favorability,Favorability,race_levelStateLeg,Race: StateLeg,FALSE,-0.5627663682589192,0.4064446625419158,Combined,-1.3846075988287392,FALSE
secondary,Production value,standard,votechoice,Vote choice,intercept,Intercept,FALSE,-1.0232454958199546,0.7782049679818557,2020D-2018,-1.314879161557617,FALSE
secondary,Production value,standard,votechoice,Vote choice,intercept,Intercept,FALSE,-1.1753311633100836,0.6571729216263584,2020P-2018,-1.788465599588914,FALSE
secondary,Production value,standard,votechoice,Vote choice,intercept,Intercept,FALSE,-0.15208566749012908,0.45050782462058697,2020P-2020D,-0.3375871831265396,FALSE
secondary,Production value,standard,votechoice,Vote choice,intercept,Intercept,FALSE,0.910090092183016,0.11461171281142257,Combined,7.940637739883017,TRUE
secondary,Production value,standard,votechoice,Vote choice,production_value_high,Production value: High,TRUE,0.4481766641436328,0.8834951116451357,2020D-2018,0.5072769031048665,FALSE
secondary,Production value,standard,votechoice,Vote choice,production_value_high,Production value: High,TRUE,-0.4173458498077304,0.7928521674668757,2020P-2018,-0.5263854561199349,FALSE
secondary,Production value,standard,votechoice,Vote choice,production_value_high,Production value: High,TRUE,-0.8655225139513631,0.43915031270317273,2020P-2020D,-1.9709026474868545,TRUE
secondary,Production value,standard,votechoice,Vote choice,production_value_high,Production value: High,TRUE,0.0773365294399884,0.13322707014889035,Combined,0.580486603462491,FALSE
secondary,Production value,standard,votechoice,Vote choice,race_levelGov,Race: Gov,FALSE,-0.34046627069374463,1.1829623639062015,Combined,-0.28780820174997607,FALSE
secondary,Production value,standard,votechoice,Vote choice,race_levelOther,Race: Other,FALSE,-0.3463735529997868,0.5261170704879584,Combined,-0.6583583244667109,FALSE
secondary,Production value,standard,votechoice,Vote choice,race_levelRunoff,Race: GA Runoff,FALSE,-0.45053850694495934,0.40883517683811643,Combined,-1.1020052394448334,FALSE
secondary,Production value,standard,votechoice,Vote choice,race_levelStateLeg,Race: StateLeg,FALSE,-1.3357529032074322,2.2890829050698493,2020D-2018,-0.5835319027760041,FALSE
secondary,Production value,standard,votechoice,Vote choice,race_levelStateLeg,Race: StateLeg,FALSE,-1.5210397955164552,0.5003400378505463,Combined,-3.040012152636876,TRUE
secondary,Production value,standard,votechoice_dichotomized,Vote choice (dichotomized),intercept,Intercept,FALSE,-0.8229020436787495,1.0536774863406573,2020D-2018,-0.7809809494332336,FALSE
secondary,Production value,standard,votechoice_dichotomized,Vote choice (dichotomized),intercept,Intercept,FALSE,-1.446389369202897,0.7977641500008705,2020P-2018,-1.8130538570846018,FALSE
secondary,Production value,standard,votechoice_dichotomized,Vote choice (dichotomized),intercept,Intercept,FALSE,-0.6234873255241475,0.743321376478001,2020P-2020D,-0.8387856790535876,FALSE
secondary,Production value,standard,votechoice_dichotomized,Vote choice (dichotomized),intercept,Intercept,FALSE,1.165430573970093,0.18559725437651722,Combined,6.279352449933384,TRUE
secondary,Production value,standard,votechoice_dichotomized,Vote choice (dichotomized),production_value_high,Production value: High,TRUE,0.38042801371449186,1.159590124702141,2020D-2018,0.32807110513485166,FALSE
secondary,Production value,standard,votechoice_dichotomized,Vote choice (dichotomized),production_value_high,Production value: High,TRUE,-0.15227248033269128,0.9623450229754591,2020P-2018,-0.1582306518943512,FALSE
secondary,Production value,standard,votechoice_dichotomized,Vote choice (dichotomized),production_value_high,Production value: High,TRUE,-0.5327004940471831,0.7256811138621545,2020P-2020D,-0.7340696676148738,FALSE
secondary,Production value,standard,votechoice_dichotomized,Vote choice (dichotomized),production_value_high,Production value: High,TRUE,0.10127049562649304,0.21432905060678337,Combined,0.47250008965087953,FALSE
secondary,Production value,standard,votechoice_dichotomized,Vote choice (dichotomized),race_levelGov,Race: Gov,FALSE,0.024228509417750798,1.442229186225828,Combined,0.016799347599638047,FALSE
secondary,Production value,standard,votechoice_dichotomized,Vote choice (dichotomized),race_levelOther,Race: Other,FALSE,-0.04817349214069317,0.7776067376061968,Combined,-0.061950970601144226,FALSE
secondary,Production value,standard,votechoice_dichotomized,Vote choice (dichotomized),race_levelRunoff,Race: GA Runoff,FALSE,-0.7961662312857566,0.6663014928301513,Combined,-1.1949038683734563,FALSE
secondary,Production value,standard,votechoice_dichotomized,Vote choice (dichotomized),race_levelStateLeg,Race: StateLeg,FALSE,-3.2691081521966554,2.9722348540562553,2020D-2018,-1.0998821804862602,FALSE
secondary,Production value,standard,votechoice_dichotomized,Vote choice (dichotomized),race_levelStateLeg,Race: StateLeg,FALSE,-2.2717655058348334,0.8460381043585831,Combined,-2.6851810741516826,TRUE
secondary,Production value,study_fixed_effects,favorability,Favorability,intercept,Intercept,FALSE,2.719962848531901,2.509991898099238,Combined,1.0836540351352009,FALSE
secondary,Production value,study_fixed_effects,favorability,Favorability,production_value_high,Production value: High,TRUE,0.3502864907347683,0.6644048340741026,Combined,0.5272184559326973,FALSE
secondary,Production value,study_fixed_effects,favorability,Favorability,study_idX08b80ae785a7,NA,FALSE,2.4471425866051355,3.7995040268801343,Combined,0.6440689546036734,FALSE
secondary,Production value,study_fixed_effects,favorability,Favorability,study_idX0c2b064a71c5,NA,FALSE,3.0958652128926762,2.8162019348311347,Combined,1.099305122478126,FALSE
secondary,Production value,study_fixed_effects,favorability,Favorability,study_idX0ca4a39fd242,NA,FALSE,-2.2782935035297487,2.6462935069119586,Combined,-0.8609375708246209,FALSE
secondary,Production value,study_fixed_effects,favorability,Favorability,study_idX201e65ae9067,NA,FALSE,-2.381601502904123,3.8523515721633608,Combined,-0.618220185331291,FALSE
secondary,Production value,study_fixed_effects,favorability,Favorability,study_idX3c2f80c20258,NA,FALSE,-6.910334227069048,3.422302202149427,Combined,-2.0192063175276895,TRUE
secondary,Production value,study_fixed_effects,favorability,Favorability,study_idX3f0cfe830de9,NA,FALSE,4.626933025442805,2.760741654338814,Combined,1.6759746491204865,FALSE
secondary,Production value,study_fixed_effects,favorability,Favorability,study_idX43915f01925b,NA,FALSE,-0.919206607751268,3.027346080708868,Combined,-0.30363446505463,FALSE
secondary,Production value,study_fixed_effects,favorability,Favorability,study_idX495cbb4fe018,NA,FALSE,5.961182492206725,7.448851814003623,Combined,0.8002820623978418,FALSE
secondary,Production value,study_fixed_effects,favorability,Favorability,study_idX4d1542866d9e,NA,FALSE,1.2208761640906207,2.6656019465190766,Combined,0.4580114317837003,FALSE
secondary,Production value,study_fixed_effects,favorability,Favorability,study_idX52ae33d7915c,NA,FALSE,0.6203614712685938,3.7169633023564903,Combined,0.16690007966322815,FALSE
secondary,Production value,study_fixed_effects,favorability,Favorability,study_idX5a248af8c0f1,NA,FALSE,1.5571429503989587,3.0050514510230086,Combined,0.5181751380226322,FALSE
secondary,Production value,study_fixed_effects,favorability,Favorability,study_idX5bee0c849477,NA,FALSE,-1.7586284189134942,2.8800018159353225,Combined,-0.6106344826530444,FALSE
secondary,Production value,study_fixed_effects,favorability,Favorability,study_idX5c1c1e604f1e,NA,FALSE,-0.7166889989612997,2.6541862503781193,Combined,-0.2700221202860949,FALSE
secondary,Production value,study_fixed_effects,favorability,Favorability,study_idX6725be1de97c,NA,FALSE,5.032707303028987,3.6229397753980632,Combined,1.3891225399892353,FALSE
secondary,Production value,study_fixed_effects,favorability,Favorability,study_idX6dc1b2269d4d,NA,FALSE,0.47808170541323153,3.549377827089191,Combined,0.13469450948965372,FALSE
secondary,Production value,study_fixed_effects,favorability,Favorability,study_idX877266884b5c,NA,FALSE,0.08930113694756965,3.033385490804941,Combined,0.029439429053203733,FALSE
secondary,Production value,study_fixed_effects,favorability,Favorability,study_idX96c94303546c,NA,FALSE,-0.36118679921738456,2.732059831291463,Combined,-0.13220310736996166,FALSE
secondary,Production value,study_fixed_effects,favorability,Favorability,study_idX9b63b51005a1,NA,FALSE,6.145615756350404,3.856637820776925,Combined,1.5935164363223406,FALSE
secondary,Production value,study_fixed_effects,favorability,Favorability,study_idXb218652f3e19,NA,FALSE,-2.2124421180242475,2.997616445439221,Combined,-0.7380671137531316,FALSE
secondary,Production value,study_fixed_effects,favorability,Favorability,study_idXbb1e5503bebf,NA,FALSE,-1.4759580841016329,2.6219640965180737,Combined,-0.5629207837215169,FALSE
secondary,Production value,study_fixed_effects,favorability,Favorability,study_idXbf86b7c37550,NA,FALSE,-0.2150726254251284,2.8844948019752135,Combined,-0.07456162697116087,FALSE
secondary,Production value,study_fixed_effects,favorability,Favorability,study_idXc03c2d306034,NA,FALSE,0.7510459731667719,3.4661267160449354,Combined,0.21668162611889785,FALSE
secondary,Production value,study_fixed_effects,favorability,Favorability,study_idXc743e344bff5,NA,FALSE,-0.6260639376490218,2.652964669655361,Combined,-0.2359865341630622,FALSE
secondary,Production value,study_fixed_effects,favorability,Favorability,study_idXcbca87b096bc,NA,FALSE,0.8143602761301828,3.893429694859082,Combined,0.20916270228417663,FALSE
secondary,Production value,study_fixed_effects,favorability,Favorability,study_idXcd1c7907cdb8,NA,FALSE,-2.3755281528199306,3.32325051319535,Combined,-0.7148206683148386,FALSE
secondary,Production value,study_fixed_effects,favorability,Favorability,study_idXd0500f1294c1,NA,FALSE,-6.229019914502832,3.0741031639129943,Combined,-2.0262885083446505,TRUE
secondary,Production value,study_fixed_effects,favorability,Favorability,study_idXd503139dae5a,NA,FALSE,-0.8729792379339528,3.362843417539135,Combined,-0.2595955652829005,FALSE
secondary,Production value,study_fixed_effects,favorability,Favorability,study_idXd783f4c0b772,NA,FALSE,-1.7295373482547665,3.7054955961133302,Combined,-0.4667492656228945,FALSE
secondary,Production value,study_fixed_effects,favorability,Favorability,study_idXe1243115280f,NA,FALSE,2.812311569382786,3.3154399915584274,Combined,0.848246862118851,FALSE
secondary,Production value,study_fixed_effects,favorability,Favorability,study_idXf0130cfec75e,NA,FALSE,-3.3516494514611996,3.071223627885433,Combined,-1.0913075234996297,FALSE
secondary,Production value,study_fixed_effects,favorability,Favorability,study_idXf337919542ab,NA,FALSE,-1.1677789881589808,2.873089815736732,Combined,-0.40645404879538477,FALSE
secondary,Production value,study_fixed_effects,votechoice,Vote choice,intercept,Intercept,FALSE,3.352337495867556,3.482549277529452,Combined,0.9626102112891654,FALSE
secondary,Production value,study_fixed_effects,votechoice,Vote choice,production_value_high,Production value: High,TRUE,0.390274353355271,0.891373648326002,Combined,0.43783474426039576,FALSE
secondary,Production value,study_fixed_effects,votechoice,Vote choice,study_idX0ca4a39fd242,NA,FALSE,-2.1207489753419644,3.6608527384285012,Combined,-0.5793046393481375,FALSE
secondary,Production value,study_fixed_effects,votechoice,Vote choice,study_idX201e65ae9067,NA,FALSE,2.1406731646127026,5.168913082540986,Combined,0.4141437726711336,FALSE
secondary,Production value,study_fixed_effects,votechoice,Vote choice,study_idX43915f01925b,NA,FALSE,-1.5644478780395175,4.166302416077672,Combined,-0.37550031702027836,FALSE
secondary,Production value,study_fixed_effects,votechoice,Vote choice,study_idX4cd2c9923737,NA,FALSE,-4.56965605741865,3.8162192757379634,Combined,-1.1974301598628634,FALSE
secondary,Production value,study_fixed_effects,votechoice,Vote choice,study_idX4d1542866d9e,NA,FALSE,1.9927853069137693,3.6748312935492775,Combined,0.5422793994412378,FALSE
secondary,Production value,study_fixed_effects,votechoice,Vote choice,study_idX5a248af8c0f1,NA,FALSE,1.577990146178851,4.167162903531328,Combined,0.37867253637759973,FALSE
secondary,Production value,study_fixed_effects,votechoice,Vote choice,study_idX5bee0c849477,NA,FALSE,-0.7963591261771935,3.9621013347221052,Combined,-0.20099413389512633,FALSE
secondary,Production value,study_fixed_effects,votechoice,Vote choice,study_idX5c1c1e604f1e,NA,FALSE,-0.5196357358525949,3.674167643549126,Combined,-0.14142951173306936,FALSE
secondary,Production value,study_fixed_effects,votechoice,Vote choice,study_idX6725be1de97c,NA,FALSE,3.4570564868848583,5.120656978481835,Combined,0.6751197163590913,FALSE
secondary,Production value,study_fixed_effects,votechoice,Vote choice,study_idX877266884b5c,NA,FALSE,-2.763705797550014,4.10650446250925,Combined,-0.673006890113367,FALSE
secondary,Production value,study_fixed_effects,votechoice,Vote choice,study_idXb218652f3e19,NA,FALSE,-7.414630230481968,4.195771654475887,Combined,-1.7671672438542565,FALSE
secondary,Production value,study_fixed_effects,votechoice,Vote choice,study_idXbb1e5503bebf,NA,FALSE,-1.1822628479984774,3.6000099123988294,Combined,-0.3284054424202095,FALSE
secondary,Production value,study_fixed_effects,votechoice,Vote choice,study_idXbf86b7c37550,NA,FALSE,-1.626429715266216,4.0498466595283364,Combined,-0.40160278943885674,FALSE
secondary,Production value,study_fixed_effects,votechoice,Vote choice,study_idXc03c2d306034,NA,FALSE,3.7901655509664103,4.721607817921256,Combined,0.8027277353660169,FALSE
secondary,Production value,study_fixed_effects,votechoice,Vote choice,study_idXc743e344bff5,NA,FALSE,-1.591403515730148,3.6704309822392167,Combined,-0.43357401989868827,FALSE
secondary,Production value,study_fixed_effects,votechoice,Vote choice,study_idXcbca87b096bc,NA,FALSE,2.630285943946822,5.0873669536570025,Combined,0.517023043139451,FALSE
secondary,Production value,study_fixed_effects,votechoice,Vote choice,study_idXcd1c7907cdb8,NA,FALSE,-2.7681891845566007,4.601843672396658,Combined,-0.6015391616106153,FALSE
secondary,Production value,study_fixed_effects,votechoice,Vote choice,study_idXd0500f1294c1,NA,FALSE,-6.491115716612948,4.254305354188235,Combined,-1.5257756969002334,FALSE
secondary,Production value,study_fixed_effects,votechoice,Vote choice,study_idXd503139dae5a,NA,FALSE,-4.512398046172265,4.583694525091674,Combined,-0.9844456303688819,FALSE
secondary,Production value,study_fixed_effects,votechoice,Vote choice,study_idXf0130cfec75e,NA,FALSE,-3.444001162409888,4.23307913430154,Combined,-0.8135924354691162,FALSE
secondary,Production value,study_fixed_effects,votechoice,Vote choice,study_idXf337919542ab,NA,FALSE,-2.8393065084678475,3.9239727213386995,Combined,-0.7235795735856165,FALSE
secondary,Production value,study_fixed_effects,votechoice_dichotomized,Vote choice (dichotomized),intercept,Intercept,FALSE,3.0085601288067045,4.416523987708173,Combined,0.6812054315067605,FALSE
secondary,Production value,study_fixed_effects,votechoice_dichotomized,Vote choice (dichotomized),production_value_high,Production value: High,TRUE,0.13938962915346864,1.0691622269882337,Combined,0.1303727588152089,FALSE
secondary,Production value,study_fixed_effects,votechoice_dichotomized,Vote choice (dichotomized),study_idX0ca4a39fd242,NA,FALSE,-1.35239902815238,4.62764269364985,Combined,-0.29224361466112553,FALSE
secondary,Production value,study_fixed_effects,votechoice_dichotomized,Vote choice (dichotomized),study_idX201e65ae9067,NA,FALSE,2.4054324937275107,6.259998152590801,Combined,0.38425450536786243,FALSE
secondary,Production value,study_fixed_effects,votechoice_dichotomized,Vote choice (dichotomized),study_idX43915f01925b,NA,FALSE,0.23419121404600163,5.286043736993579,Combined,0.044303684513060264,FALSE
secondary,Production value,study_fixed_effects,votechoice_dichotomized,Vote choice (dichotomized),study_idX4cd2c9923737,NA,FALSE,-4.437261227194936,4.8271081602626005,Combined,-0.9192379950636002,FALSE
secondary,Production value,study_fixed_effects,votechoice_dichotomized,Vote choice (dichotomized),study_idX4d1542866d9e,NA,FALSE,3.2064880343583937,4.630957202157463,Combined,0.6924028649767181,FALSE
secondary,Production value,study_fixed_effects,votechoice_dichotomized,Vote choice (dichotomized),study_idX5a248af8c0f1,NA,FALSE,4.034580962386305,5.245465133144156,Combined,0.7691559966519038,FALSE
secondary,Production value,study_fixed_effects,votechoice_dichotomized,Vote choice (dichotomized),study_idX5bee0c849477,NA,FALSE,0.06014253547010492,5.028280186580623,Combined,0.011960856045892622,FALSE
secondary,Production value,study_fixed_effects,votechoice_dichotomized,Vote choice (dichotomized),study_idX5c1c1e604f1e,NA,FALSE,0.4519156688543242,4.640180365425846,Combined,0.09739183248598793,FALSE
secondary,Production value,study_fixed_effects,votechoice_dichotomized,Vote choice (dichotomized),study_idX6725be1de97c,NA,FALSE,5.540012351980698,6.289565229232409,Combined,0.880825963332415,FALSE
secondary,Production value,study_fixed_effects,votechoice_dichotomized,Vote choice (dichotomized),study_idX877266884b5c,NA,FALSE,-2.204043570294884,5.068538428805404,Combined,-0.4348479549388268,FALSE
secondary,Production value,study_fixed_effects,votechoice_dichotomized,Vote choice (dichotomized),study_idXb218652f3e19,NA,FALSE,-7.347568583056768,5.170883389346503,Combined,-1.4209503540913062,FALSE
secondary,Production value,study_fixed_effects,votechoice_dichotomized,Vote choice (dichotomized),study_idXbb1e5503bebf,NA,FALSE,-0.38715575722180123,4.548910284045612,Combined,-0.08510956098203831,FALSE
secondary,Production value,study_fixed_effects,votechoice_dichotomized,Vote choice (dichotomized),study_idXbf86b7c37550,NA,FALSE,1.2702572468022004,5.078044408978692,Combined,0.2501469354139968,FALSE
secondary,Production value,study_fixed_effects,votechoice_dichotomized,Vote choice (dichotomized),study_idXc03c2d306034,NA,FALSE,6.178041396332301,5.995889526500508,Combined,1.0303794572976572,FALSE
secondary,Production value,study_fixed_effects,votechoice_dichotomized,Vote choice (dichotomized),study_idXc743e344bff5,NA,FALSE,-1.46727794460486,4.6338660757206656,Combined,-0.3166422854326162,FALSE
secondary,Production value,study_fixed_effects,votechoice_dichotomized,Vote choice (dichotomized),study_idXcbca87b096bc,NA,FALSE,6.4655649840474165,6.210871882422298,Combined,1.0410076244441522,FALSE
secondary,Production value,study_fixed_effects,votechoice_dichotomized,Vote choice (dichotomized),study_idXcd1c7907cdb8,NA,FALSE,0.008822074611930084,5.7338469988990814,Combined,0.0015385960967608575,FALSE
secondary,Production value,study_fixed_effects,votechoice_dichotomized,Vote choice (dichotomized),study_idXd0500f1294c1,NA,FALSE,-6.032825051493428,5.325361184824547,Combined,-1.132848053327333,FALSE
secondary,Production value,study_fixed_effects,votechoice_dichotomized,Vote choice (dichotomized),study_idXd503139dae5a,NA,FALSE,-5.258790409977118,5.652717263013313,Combined,-0.9303119482706618,FALSE
secondary,Production value,study_fixed_effects,votechoice_dichotomized,Vote choice (dichotomized),study_idXf0130cfec75e,NA,FALSE,-2.5638610440720613,5.238948356295134,Combined,-0.48938467602783664,FALSE
secondary,Production value,study_fixed_effects,votechoice_dichotomized,Vote choice (dichotomized),study_idXf337919542ab,NA,FALSE,-2.1387127317218537,4.919375022446245,Combined,-0.4347529354772268,FALSE
secondary,Production value,study_random_effects,favorability,Favorability,intercept,Intercept,FALSE,2.4188376361906556,0.6323858258566454,Combined,3.824939676524278,TRUE
secondary,Production value,study_random_effects,favorability,Favorability,production_value_high,Production value: High,TRUE,0.40934417518320504,0.6061838425047342,Combined,0.6752805774099928,FALSE
secondary,Production value,study_random_effects,votechoice,Vote choice,intercept,Intercept,FALSE,1.8373219336274607,0.7567300759208019,Combined,2.427975300693284,TRUE
secondary,Production value,study_random_effects,votechoice,Vote choice,production_value_high,Production value: High,TRUE,0.35617890964089727,0.7955057749639262,Combined,0.4477389364735271,FALSE
secondary,Production value,study_random_effects,votechoice_dichotomized,Vote choice (dichotomized),intercept,Intercept,FALSE,2.4348063882912,0.9132129877205223,Combined,2.666197722799298,TRUE
secondary,Production value,study_random_effects,votechoice_dichotomized,Vote choice (dichotomized),production_value_high,Production value: High,TRUE,0.1511034849515199,0.956438454801697,Combined,0.157985580977972,FALSE
secondary,Specificity: Candidate attribute,standard,favorability,Favorability,how_specific_candidate_fact,Specificity: Candidate facts,TRUE,1.8484720290257488,0.9576590592851465,2020D-2018,1.9301984470397617,FALSE
secondary,Specificity: Candidate attribute,standard,favorability,Favorability,how_specific_candidate_fact,Specificity: Candidate facts,TRUE,-0.11476141056387187,0.8302742532277813,2020P-2018,-0.13822108793296245,FALSE
secondary,Specificity: Candidate attribute,standard,favorability,Favorability,how_specific_candidate_fact,Specificity: Candidate facts,TRUE,-1.9632334395896205,0.5347529246807102,2020P-2020D,-3.6712907007695676,TRUE
secondary,Specificity: Candidate attribute,standard,favorability,Favorability,how_specific_candidate_fact,Specificity: Candidate facts,TRUE,-0.01817520983391638,0.1585724422883811,Combined,-0.11461770766488417,FALSE
secondary,Specificity: Candidate attribute,standard,favorability,Favorability,intercept,Intercept,FALSE,-0.8391121362585636,0.7990167613724941,2020D-2018,-1.0501808933484655,FALSE
secondary,Specificity: Candidate attribute,standard,favorability,Favorability,intercept,Intercept,FALSE,-1.5538400006491402,0.656967571307049,2020P-2018,-2.365170015253184,TRUE
secondary,Specificity: Candidate attribute,standard,favorability,Favorability,intercept,Intercept,FALSE,-0.7147278643905766,0.4920525783955145,2020P-2020D,-1.4525436828746268,FALSE
secondary,Specificity: Candidate attribute,standard,favorability,Favorability,intercept,Intercept,FALSE,1.0259561041623215,0.12545465038906983,Combined,8.177904134924818,TRUE
secondary,Specificity: Candidate attribute,standard,favorability,Favorability,race_levelGov,Race: Gov,FALSE,4.921579388392754,1.093807911660799,Combined,4.4994914883363775,TRUE
secondary,Specificity: Candidate attribute,standard,favorability,Favorability,race_levelOther,Race: Other,FALSE,-1.694582851899909,0.8619126934550232,Combined,-1.9660725091622482,TRUE
secondary,Specificity: Candidate attribute,standard,favorability,Favorability,race_levelStateLeg,Race: StateLeg,FALSE,-1.7254521704250865,0.6754459170703854,Combined,-2.554537864273276,TRUE
secondary,Specificity: Candidate attribute,standard,votechoice,Vote choice,how_specific_candidate_fact,Specificity: Candidate facts,TRUE,-0.8930605383544893,1.128779511873965,2020D-2018,-0.7911735896693037,FALSE
secondary,Specificity: Candidate attribute,standard,votechoice,Vote choice,how_specific_candidate_fact,Specificity: Candidate facts,TRUE,-1.6551211032957487,1.0333700402614858,2020P-2018,-1.601673203992767,FALSE
secondary,Specificity: Candidate attribute,standard,votechoice,Vote choice,how_specific_candidate_fact,Specificity: Candidate facts,TRUE,-0.7620605649412594,0.5175997416543224,2020P-2020D,-1.4722970349745643,FALSE
secondary,Specificity: Candidate attribute,standard,votechoice,Vote choice,how_specific_candidate_fact,Specificity: Candidate facts,TRUE,-0.18609268160006434,0.16299763553615573,Combined,-1.1416894545000054,FALSE
secondary,Specificity: Candidate attribute,standard,votechoice,Vote choice,intercept,Intercept,FALSE,0.36376239904765284,0.9968590083910595,2020D-2018,0.36490857381603947,FALSE
secondary,Specificity: Candidate attribute,standard,votechoice,Vote choice,intercept,Intercept,FALSE,-0.36816908965460016,0.8090409307631269,2020P-2018,-0.455068557912546,FALSE
secondary,Specificity: Candidate attribute,standard,votechoice,Vote choice,intercept,Intercept,FALSE,-0.731931488702253,0.6120878649272593,2020P-2020D,-1.1957948043770414,FALSE
secondary,Specificity: Candidate attribute,standard,votechoice,Vote choice,intercept,Intercept,FALSE,0.9766796701014205,0.12829335510213094,Combined,7.612862484763235,TRUE
secondary,Specificity: Candidate attribute,standard,votechoice,Vote choice,race_levelOther,Race: Other,FALSE,-1.161052505778457,0.8632063388356583,Combined,-1.345046315744797,FALSE
secondary,Specificity: Candidate attribute,standard,votechoice,Vote choice,race_levelRunoff,Race: GA Runoff,FALSE,-0.36512264247751,0.6830491506051511,Combined,-0.534548124617427,FALSE
secondary,Specificity: Candidate attribute,standard,votechoice,Vote choice,race_levelStateLeg,Race: StateLeg,FALSE,-2.233234583418626,0.8468784793999636,Combined,-2.6370189321624196,TRUE
secondary,Specificity: Candidate attribute,standard,votechoice_dichotomized,Vote choice (dichotomized),how_specific_candidate_fact,Specificity: Candidate facts,TRUE,-0.9003046900622436,1.3468476303828898,2020D-2018,-0.6684532606010523,FALSE
secondary,Specificity: Candidate attribute,standard,votechoice_dichotomized,Vote choice (dichotomized),how_specific_candidate_fact,Specificity: Candidate facts,TRUE,-1.6329035926381632,1.183851108666077,2020P-2018,-1.3793150005815031,FALSE
secondary,Specificity: Candidate attribute,standard,votechoice_dichotomized,Vote choice (dichotomized),how_specific_candidate_fact,Specificity: Candidate facts,TRUE,-0.7325989025759195,0.7558247749850066,2020P-2020D,-0.9692708241674828,FALSE
secondary,Specificity: Candidate attribute,standard,votechoice_dichotomized,Vote choice (dichotomized),how_specific_candidate_fact,Specificity: Candidate facts,TRUE,0.07938344961573042,0.2549417464175641,Combined,0.3113787786081524,FALSE
secondary,Specificity: Candidate attribute,standard,votechoice_dichotomized,Vote choice (dichotomized),intercept,Intercept,FALSE,1.2739693355404813,1.2773233431633495,2020D-2018,0.9973741906144439,FALSE
secondary,Specificity: Candidate attribute,standard,votechoice_dichotomized,Vote choice (dichotomized),intercept,Intercept,FALSE,-0.22022382921742278,0.9353818609144792,2020P-2018,-0.2354373528284162,FALSE
secondary,Specificity: Candidate attribute,standard,votechoice_dichotomized,Vote choice (dichotomized),intercept,Intercept,FALSE,-1.494193164757904,0.9219999175375546,2020P-2020D,-1.620600106720772,FALSE
secondary,Specificity: Candidate attribute,standard,votechoice_dichotomized,Vote choice (dichotomized),intercept,Intercept,FALSE,1.1723381487362279,0.2047655488145608,Combined,5.725270464309977,TRUE
secondary,Specificity: Candidate attribute,standard,votechoice_dichotomized,Vote choice (dichotomized),race_levelOther,Race: Other,FALSE,-1.4080167483408028,1.2347161409777019,Combined,-1.1403566387541302,FALSE
secondary,Specificity: Candidate attribute,standard,votechoice_dichotomized,Vote choice (dichotomized),race_levelRunoff,Race: GA Runoff,FALSE,-1.1590360174204035,1.023825855839196,Combined,-1.1320636325113906,FALSE
secondary,Specificity: Candidate attribute,standard,votechoice_dichotomized,Vote choice (dichotomized),race_levelStateLeg,Race: StateLeg,FALSE,-4.483766573697093,1.3638797055990104,Combined,-3.2875088288873986,TRUE
secondary,Specificity: Candidate attribute,study_fixed_effects,favorability,Favorability,how_specific_candidate_fact,Specificity: Candidate facts,TRUE,-0.580836475312907,0.7369832444900507,Combined,-0.7881271109695471,FALSE
secondary,Specificity: Candidate attribute,study_fixed_effects,favorability,Favorability,intercept,Intercept,FALSE,9.503421259847208,3.6280603396045,Combined,2.619422052082846,TRUE
secondary,Specificity: Candidate attribute,study_fixed_effects,favorability,Favorability,study_idX0c2b064a71c5,NA,FALSE,-3.250704307882192,3.852956509456096,Combined,-0.8436908903342589,FALSE
secondary,Specificity: Candidate attribute,study_fixed_effects,favorability,Favorability,study_idX0ca4a39fd242,NA,FALSE,-8.65133614567054,3.674978692189165,Combined,-2.35411872293523,TRUE
secondary,Specificity: Candidate attribute,study_fixed_effects,favorability,Favorability,study_idX3f0cfe830de9,NA,FALSE,-1.274584312649056,3.7167830625220706,Combined,-0.34292674369436305,FALSE
secondary,Specificity: Candidate attribute,study_fixed_effects,favorability,Favorability,study_idX495cbb4fe018,NA,FALSE,3.6105097905618924,8.573979026970182,Combined,0.4211008423515763,FALSE
secondary,Specificity: Candidate attribute,study_fixed_effects,favorability,Favorability,study_idX4d1542866d9e,NA,FALSE,-5.098283989190217,3.7100837619753415,Combined,-1.3741695110613252,FALSE
secondary,Specificity: Candidate attribute,study_fixed_effects,favorability,Favorability,study_idX52ae33d7915c,NA,FALSE,-5.641579539099115,4.481142542338127,Combined,-1.2589600723023433,FALSE
secondary,Specificity: Candidate attribute,study_fixed_effects,favorability,Favorability,study_idX5c1c1e604f1e,NA,FALSE,-6.6694807511248415,3.713483479781134,Combined,-1.796017347980212,FALSE
secondary,Specificity: Candidate attribute,study_fixed_effects,favorability,Favorability,study_idX6725be1de97c,NA,FALSE,-3.4789072857301675,4.876935964790827,Combined,-0.7133387255535513,FALSE
secondary,Specificity: Candidate attribute,study_fixed_effects,favorability,Favorability,study_idX877266884b5c,NA,FALSE,-10.054961283273428,4.2946676995283735,Combined,-2.3412664230989586,TRUE
secondary,Specificity: Candidate attribute,study_fixed_effects,favorability,Favorability,study_idXb218652f3e19,NA,FALSE,-8.310592863779023,4.386513086943085,Combined,-1.894578381292506,FALSE
secondary,Specificity: Candidate attribute,study_fixed_effects,favorability,Favorability,study_idXbb1e5503bebf,NA,FALSE,-9.364155154315691,3.905511354755162,Combined,-2.397677103899429,TRUE
secondary,Specificity: Candidate attribute,study_fixed_effects,favorability,Favorability,study_idXc743e344bff5,NA,FALSE,-5.978611460041015,3.6814061064901122,Combined,-1.6240021576269619,FALSE
secondary,Specificity: Candidate attribute,study_fixed_effects,favorability,Favorability,study_idXcbca87b096bc,NA,FALSE,-5.351914561527395,4.629647517659455,Combined,-1.1560090786853436,FALSE
secondary,Specificity: Candidate attribute,study_fixed_effects,votechoice,Vote choice,how_specific_candidate_fact,Specificity: Candidate facts,TRUE,-0.41667983360891875,0.7776678454673168,Combined,-0.5358069464200711,FALSE
secondary,Specificity: Candidate attribute,study_fixed_effects,votechoice,Vote choice,intercept,Intercept,FALSE,1.5407192612401266,1.0568069568443652,Combined,1.4579003774168253,FALSE
secondary,Specificity: Candidate attribute,study_fixed_effects,votechoice,Vote choice,study_idX4cd2c9923737,NA,FALSE,-3.6898104559516898,2.17667033878571,Combined,-1.695162740174109,FALSE
secondary,Specificity: Candidate attribute,study_fixed_effects,votechoice,Vote choice,study_idX4d1542866d9e,NA,FALSE,4.587873606395958,1.5922192199975844,Combined,2.8814333785035697,TRUE
secondary,Specificity: Candidate attribute,study_fixed_effects,votechoice,Vote choice,study_idX5c1c1e604f1e,NA,FALSE,1.7502316451368551,1.619235971097714,Combined,1.0808996813171934,FALSE
secondary,Specificity: Candidate attribute,study_fixed_effects,votechoice,Vote choice,study_idX6725be1de97c,NA,FALSE,2.702641157963316,4.641369285382911,Combined,0.5822939291805024,FALSE
secondary,Specificity: Candidate attribute,study_fixed_effects,votechoice,Vote choice,study_idX877266884b5c,NA,FALSE,-5.172152578276088,3.081136245680291,Combined,-1.6786510448953278,FALSE
secondary,Specificity: Candidate attribute,study_fixed_effects,votechoice,Vote choice,study_idXb218652f3e19,NA,FALSE,-5.833514777736861,3.2624280460101147,Combined,-1.7880899426643706,FALSE
secondary,Specificity: Candidate attribute,study_fixed_effects,votechoice,Vote choice,study_idXbb1e5503bebf,NA,FALSE,-1.7873950649064532,2.132148612515433,Combined,-0.8383069802989709,FALSE
secondary,Specificity: Candidate attribute,study_fixed_effects,votechoice,Vote choice,study_idXc743e344bff5,NA,FALSE,0.8260316644431217,1.46595645781947,Combined,0.5634762615472213,FALSE
secondary,Specificity: Candidate attribute,study_fixed_effects,votechoice,Vote choice,study_idXcbca87b096bc,NA,FALSE,4.945252627649396,3.8093922074797795,Combined,1.2981736608636265,FALSE
secondary,Specificity: Candidate attribute,study_fixed_effects,votechoice_dichotomized,Vote choice (dichotomized),how_specific_candidate_fact,Specificity: Candidate facts,TRUE,-0.3228421660019156,0.9246416309016455,Combined,-0.34915382912956516,FALSE
secondary,Specificity: Candidate attribute,study_fixed_effects,votechoice_dichotomized,Vote choice (dichotomized),intercept,Intercept,FALSE,2.0908052064875147,1.266380271753257,Combined,1.651008984523165,FALSE
secondary,Specificity: Candidate attribute,study_fixed_effects,votechoice_dichotomized,Vote choice (dichotomized),study_idX4cd2c9923737,NA,FALSE,-4.179223849464268,2.7177250961783805,Combined,-1.5377654845742208,FALSE
secondary,Specificity: Candidate attribute,study_fixed_effects,votechoice_dichotomized,Vote choice (dichotomized),study_idX4d1542866d9e,NA,FALSE,4.144589636366309,1.867828684939965,Combined,2.2189345681344017,TRUE
secondary,Specificity: Candidate attribute,study_fixed_effects,votechoice_dichotomized,Vote choice (dichotomized),study_idX5c1c1e604f1e,NA,FALSE,1.3495578655304552,1.949939300468799,Combined,0.6921025004244995,FALSE
secondary,Specificity: Candidate attribute,study_fixed_effects,votechoice_dichotomized,Vote choice (dichotomized),study_idX6725be1de97c,NA,FALSE,4.3311113013847695,5.543083879372095,Combined,0.7813540974009914,FALSE
secondary,Specificity: Candidate attribute,study_fixed_effects,votechoice_dichotomized,Vote choice (dichotomized),study_idX877266884b5c,NA,FALSE,-5.854162049458129,3.5247102808649364,Combined,-1.6608916997346979,FALSE
secondary,Specificity: Candidate attribute,study_fixed_effects,votechoice_dichotomized,Vote choice (dichotomized),study_idXb218652f3e19,NA,FALSE,-7.806664960190334,3.7304244458578864,Combined,-2.0927015339658044,TRUE
secondary,Specificity: Candidate attribute,study_fixed_effects,votechoice_dichotomized,Vote choice (dichotomized),study_idXbb1e5503bebf,NA,FALSE,-3.0871125480626014,2.4854525903399196,Combined,-1.242072594770515,FALSE
secondary,Specificity: Candidate attribute,study_fixed_effects,votechoice_dichotomized,Vote choice (dichotomized),study_idXc743e344bff5,NA,FALSE,-0.4255602701106947,1.7557410617016924,Combined,-0.24238213674756506,FALSE
secondary,Specificity: Candidate attribute,study_fixed_effects,votechoice_dichotomized,Vote choice (dichotomized),study_idXcbca87b096bc,NA,FALSE,7.727644433465339,4.4831705814527485,Combined,1.7237007365803234,FALSE
secondary,Specificity: Candidate attribute,study_random_effects,favorability,Favorability,how_specific_candidate_fact,Specificity: Candidate facts,TRUE,-0.34419562144193033,0.7149906207100086,Combined,-0.4813987924766524,FALSE
secondary,Specificity: Candidate attribute,study_random_effects,favorability,Favorability,intercept,Intercept,FALSE,3.6616763303946414,0.8861553129811692,Combined,4.1320931858729955,TRUE
secondary,Specificity: Candidate attribute,study_random_effects,votechoice,Vote choice,how_specific_candidate_fact,Specificity: Candidate facts,TRUE,0.20261180347231283,0.787522278358733,Combined,0.25727755142949604,FALSE
secondary,Specificity: Candidate attribute,study_random_effects,votechoice,Vote choice,intercept,Intercept,FALSE,1.30952265607545,1.0521571581473388,Combined,1.2446074675586354,FALSE
secondary,Specificity: Candidate attribute,study_random_effects,votechoice_dichotomized,Vote choice (dichotomized),how_specific_candidate_fact,Specificity: Candidate facts,TRUE,0.39909061044803695,0.9205879101222791,Combined,0.4335171101639026,FALSE
secondary,Specificity: Candidate attribute,study_random_effects,votechoice_dichotomized,Vote choice (dichotomized),intercept,Intercept,FALSE,1.3590893728864284,1.1976998451152236,Combined,1.1347495605258915,FALSE
secondary,Specificity: Issue fact,standard,favorability,Favorability,how_specific_policy_fact,Specificity: Policy facts,TRUE,0.6901998619824258,0.738981492636802,2020D-2018,0.9339880211609688,FALSE
secondary,Specificity: Issue fact,standard,favorability,Favorability,how_specific_policy_fact,Specificity: Policy facts,TRUE,0.5970845553735139,0.6614928070770117,2020P-2018,0.9026319696685691,FALSE
secondary,Specificity: Issue fact,standard,favorability,Favorability,how_specific_policy_fact,Specificity: Policy facts,TRUE,-0.09311530660891182,0.40116825907387405,2020P-2020D,-0.23211035395441115,FALSE
secondary,Specificity: Issue fact,standard,favorability,Favorability,how_specific_policy_fact,Specificity: Policy facts,TRUE,0.3688212273886827,0.14432217295351477,Combined,2.5555409805773754,TRUE
secondary,Specificity: Issue fact,standard,favorability,Favorability,intercept,Intercept,FALSE,-1.3140986184825947,0.6199604578151982,2020D-2018,-2.1196490871588938,TRUE
secondary,Specificity: Issue fact,standard,favorability,Favorability,intercept,Intercept,FALSE,-1.7002516972364365,0.5482180549303025,2020P-2018,-3.1014149970901586,TRUE
secondary,Specificity: Issue fact,standard,favorability,Favorability,intercept,Intercept,FALSE,-0.38615307875384186,0.3352097257103522,2020P-2020D,-1.1519745673713202,FALSE
secondary,Specificity: Issue fact,standard,favorability,Favorability,intercept,Intercept,FALSE,1.168284242028889,0.1092898365434523,Combined,10.68977938826355,TRUE
secondary,Specificity: Issue fact,standard,favorability,Favorability,race_levelGov,Race: Gov,FALSE,1.5420453669555279,0.8344730751654932,Combined,1.8479270486345034,FALSE
secondary,Specificity: Issue fact,standard,favorability,Favorability,race_levelOther,Race: Other,FALSE,-0.8847963764950907,0.6642207376738674,Combined,-1.3320818310998384,FALSE
secondary,Specificity: Issue fact,standard,favorability,Favorability,race_levelStateLeg,Race: StateLeg,FALSE,-0.17847644855798128,1.994626917890601,2020D-2018,-0.0894786122443025,FALSE
secondary,Specificity: Issue fact,standard,favorability,Favorability,race_levelStateLeg,Race: StateLeg,FALSE,-1.4647624550965808,0.4776963788629519,Combined,-3.0663042884752785,TRUE
secondary,Specificity: Issue fact,standard,votechoice,Vote choice,how_specific_policy_fact,Specificity: Policy facts,TRUE,0.12857600924466175,0.8698192530043298,2020D-2018,0.14781922658134325,FALSE
secondary,Specificity: Issue fact,standard,votechoice,Vote choice,how_specific_policy_fact,Specificity: Policy facts,TRUE,0.3544942919758778,0.8269126942541543,2020P-2018,0.42869615430879193,FALSE
secondary,Specificity: Issue fact,standard,votechoice,Vote choice,how_specific_policy_fact,Specificity: Policy facts,TRUE,0.22591828273121603,0.34081205392063363,2020P-2020D,0.6628823133815173,FALSE
secondary,Specificity: Issue fact,standard,votechoice,Vote choice,how_specific_policy_fact,Specificity: Policy facts,TRUE,0.14015680061270913,0.13104800845358905,Combined,1.0695072917673982,FALSE
secondary,Specificity: Issue fact,standard,votechoice,Vote choice,intercept,Intercept,FALSE,-1.2582941166884958,0.7374327130714654,2020D-2018,-1.706317192585072,FALSE
secondary,Specificity: Issue fact,standard,votechoice,Vote choice,intercept,Intercept,FALSE,-2.263330621667358,0.6730849949971772,2020P-2018,-3.362622311431634,TRUE
secondary,Specificity: Issue fact,standard,votechoice,Vote choice,intercept,Intercept,FALSE,-1.0050365049788623,0.3454495296643493,2020P-2020D,-2.9093584407406508,TRUE
secondary,Specificity: Issue fact,standard,votechoice,Vote choice,intercept,Intercept,FALSE,0.9715617828604851,0.11056805333525684,Combined,8.787002697013959,TRUE
secondary,Specificity: Issue fact,standard,votechoice,Vote choice,race_levelGov,Race: Gov,FALSE,-2.094835459567772,1.446755000089891,Combined,-1.447954532341422,FALSE
secondary,Specificity: Issue fact,standard,votechoice,Vote choice,race_levelOther,Race: Other,FALSE,-0.2897811338035651,0.5833637702421902,Combined,-0.49674173917804176,FALSE
secondary,Specificity: Issue fact,standard,votechoice,Vote choice,race_levelRunoff,Race: GA Runoff,FALSE,-1.3865892424576765,0.46572406115205184,Combined,-2.9772763705351615,TRUE
secondary,Specificity: Issue fact,standard,votechoice,Vote choice,race_levelStateLeg,Race: StateLeg,FALSE,-0.7700572354928599,3.3824165858333344,2020D-2018,-0.22766481181475728,FALSE
secondary,Specificity: Issue fact,standard,votechoice,Vote choice,race_levelStateLeg,Race: StateLeg,FALSE,-2.159162698593839,0.5418557310927908,Combined,-3.984755673321632,TRUE
secondary,Specificity: Issue fact,standard,votechoice_dichotomized,Vote choice (dichotomized),how_specific_policy_fact,Specificity: Policy facts,TRUE,-0.4328061627287886,1.0945627079211686,2020D-2018,-0.3954146798503569,FALSE
secondary,Specificity: Issue fact,standard,votechoice_dichotomized,Vote choice (dichotomized),how_specific_policy_fact,Specificity: Policy facts,TRUE,0.16711083850068487,1.0101942523163032,2020P-2018,0.16542445981801188,FALSE
secondary,Specificity: Issue fact,standard,votechoice_dichotomized,Vote choice (dichotomized),how_specific_policy_fact,Specificity: Policy facts,TRUE,0.5999170012294734,0.5422805341410527,2020P-2020D,1.1062853328853381,FALSE
secondary,Specificity: Issue fact,standard,votechoice_dichotomized,Vote choice (dichotomized),how_specific_policy_fact,Specificity: Policy facts,TRUE,0.06776224924331065,0.21106193667398554,Combined,0.32105385893420874,FALSE
secondary,Specificity: Issue fact,standard,votechoice_dichotomized,Vote choice (dichotomized),intercept,Intercept,FALSE,-1.0074094704714445,0.9558626095512723,2020D-2018,-1.053927060651918,FALSE
secondary,Specificity: Issue fact,standard,votechoice_dichotomized,Vote choice (dichotomized),intercept,Intercept,FALSE,-2.4560870978793674,0.8234136456264048,2020P-2018,-2.9828107791569574,TRUE
secondary,Specificity: Issue fact,standard,votechoice_dichotomized,Vote choice (dichotomized),intercept,Intercept,FALSE,-1.448677627407923,0.5577409255597156,2020P-2020D,-2.5974024157436832,TRUE
secondary,Specificity: Issue fact,standard,votechoice_dichotomized,Vote choice (dichotomized),intercept,Intercept,FALSE,1.3295327944914344,0.17749668771497176,Combined,7.490465380550811,TRUE
secondary,Specificity: Issue fact,standard,votechoice_dichotomized,Vote choice (dichotomized),race_levelGov,Race: Gov,FALSE,-1.8029838840907375,1.764508425532622,Combined,-1.0218051996813229,FALSE
secondary,Specificity: Issue fact,standard,votechoice_dichotomized,Vote choice (dichotomized),race_levelOther,Race: Other,FALSE,0.11900791083417744,0.8411300332693442,Combined,0.14148574670626352,FALSE
secondary,Specificity: Issue fact,standard,votechoice_dichotomized,Vote choice (dichotomized),race_levelRunoff,Race: GA Runoff,FALSE,-1.7344547252340712,0.7543900151283714,Combined,-2.299148570966871,TRUE
secondary,Specificity: Issue fact,standard,votechoice_dichotomized,Vote choice (dichotomized),race_levelStateLeg,Race: StateLeg,FALSE,-2.551128048773239,4.251522277651666,2020D-2018,-0.6000504953680633,FALSE
secondary,Specificity: Issue fact,standard,votechoice_dichotomized,Vote choice (dichotomized),race_levelStateLeg,Race: StateLeg,FALSE,-3.0539873436723433,0.9143832617966188,Combined,-3.339942310045943,TRUE
secondary,Specificity: Issue fact,study_fixed_effects,favorability,Favorability,how_specific_policy_fact,Specificity: Policy facts,TRUE,-0.08701051299911108,0.5475625726670432,Combined,-0.15890515046582562,FALSE
secondary,Specificity: Issue fact,study_fixed_effects,favorability,Favorability,intercept,Intercept,FALSE,2.743183978239547,2.4560506512351905,Combined,1.1169085527042986,FALSE
secondary,Specificity: Issue fact,study_fixed_effects,favorability,Favorability,study_idX08b80ae785a7,NA,FALSE,-2.149017099959716,4.912832219025972,Combined,-0.4374293694861381,FALSE
secondary,Specificity: Issue fact,study_fixed_effects,favorability,Favorability,study_idX0c2b064a71c5,NA,FALSE,3.425165727918039,2.6396328836218026,Combined,1.2975917026834496,FALSE
secondary,Specificity: Issue fact,study_fixed_effects,favorability,Favorability,study_idX0ca4a39fd242,NA,FALSE,-2.2309967544886136,2.804947959525277,Combined,-0.7953790183209668,FALSE
secondary,Specificity: Issue fact,study_fixed_effects,favorability,Favorability,study_idX201e65ae9067,NA,FALSE,-2.453230583121039,3.7461662224843857,Combined,-0.6548643165903363,FALSE
secondary,Specificity: Issue fact,study_fixed_effects,favorability,Favorability,study_idX3f0cfe830de9,NA,FALSE,4.99498234995943,2.608402332100715,Combined,1.9149585508676676,FALSE
secondary,Specificity: Issue fact,study_fixed_effects,favorability,Favorability,study_idX43915f01925b,NA,FALSE,-1.823055420577079,3.1923665698558334,Combined,-0.5710670691114924,FALSE
secondary,Specificity: Issue fact,study_fixed_effects,favorability,Favorability,study_idX495cbb4fe018,NA,FALSE,6.940183644391582,7.622002931128249,Combined,0.9105459164871063,FALSE
secondary,Specificity: Issue fact,study_fixed_effects,favorability,Favorability,study_idX4d1542866d9e,NA,FALSE,1.394729367859427,2.6113391078000054,Combined,0.5341050358773416,FALSE
secondary,Specificity: Issue fact,study_fixed_effects,favorability,Favorability,study_idX5a248af8c0f1,NA,FALSE,0.7129369518643486,2.955762799082571,Combined,0.24120235632089107,FALSE
secondary,Specificity: Issue fact,study_fixed_effects,favorability,Favorability,study_idX5bee0c849477,NA,FALSE,-3.8334409067912456,3.0070303451892935,Combined,-1.274826146308786,FALSE
secondary,Specificity: Issue fact,study_fixed_effects,favorability,Favorability,study_idX5c1c1e604f1e,NA,FALSE,-0.38245304167106053,2.602584505158596,Combined,-0.14695124823535927,FALSE
secondary,Specificity: Issue fact,study_fixed_effects,favorability,Favorability,study_idX6725be1de97c,NA,FALSE,6.544174111840295,3.8942298296078026,Combined,1.680479683578248,FALSE
secondary,Specificity: Issue fact,study_fixed_effects,favorability,Favorability,study_idX6dc1b2269d4d,NA,FALSE,0.8375393642270327,3.452645186472311,Combined,0.2425790427318065,FALSE
secondary,Specificity: Issue fact,study_fixed_effects,favorability,Favorability,study_idX96c94303546c,NA,FALSE,-0.7110701601911021,3.2415064831285507,Combined,-0.21936410242956245,FALSE
secondary,Specificity: Issue fact,study_fixed_effects,favorability,Favorability,study_idX9b63b51005a1,NA,FALSE,5.391477924595937,3.9085151313684894,Combined,1.3794184603062334,FALSE
secondary,Specificity: Issue fact,study_fixed_effects,favorability,Favorability,study_idXb218652f3e19,NA,FALSE,-2.423705426533613,3.0040562431024824,Combined,-0.8068109350810609,FALSE
secondary,Specificity: Issue fact,study_fixed_effects,favorability,Favorability,study_idXbb1e5503bebf,NA,FALSE,0.34677943243026027,2.599877717950966,Combined,0.13338297799004428,FALSE
secondary,Specificity: Issue fact,study_fixed_effects,favorability,Favorability,study_idXbf86b7c37550,NA,FALSE,0.19028617988155247,2.784023756902335,Combined,0.06834933768427172,FALSE
secondary,Specificity: Issue fact,study_fixed_effects,favorability,Favorability,study_idXc03c2d306034,NA,FALSE,1.0566301565453875,3.3434270800216193,Combined,0.3160320626877722,FALSE
secondary,Specificity: Issue fact,study_fixed_effects,favorability,Favorability,study_idXc743e344bff5,NA,FALSE,-0.339697532963556,2.648151825346408,Combined,-0.12827721194539884,FALSE
secondary,Specificity: Issue fact,study_fixed_effects,favorability,Favorability,study_idXcbca87b096bc,NA,FALSE,2.1985829288136314,3.9894759059200493,Combined,0.5510956778937097,FALSE
secondary,Specificity: Issue fact,study_fixed_effects,favorability,Favorability,study_idXcd1c7907cdb8,NA,FALSE,-5.094841119928074,3.5448307086058852,Combined,-1.4372593612324518,FALSE
secondary,Specificity: Issue fact,study_fixed_effects,favorability,Favorability,study_idXd0500f1294c1,NA,FALSE,-8.06902890821005,3.120268384974077,Combined,-2.5860047639065793,TRUE
secondary,Specificity: Issue fact,study_fixed_effects,favorability,Favorability,study_idXd783f4c0b772,NA,FALSE,-1.3162948200055573,3.6029449782222733,Combined,-0.3653385849525322,FALSE
secondary,Specificity: Issue fact,study_fixed_effects,favorability,Favorability,study_idXe1243115280f,NA,FALSE,3.0109375146687927,3.2819720341923464,Combined,0.9174171758016665,FALSE
secondary,Specificity: Issue fact,study_fixed_effects,favorability,Favorability,study_idXf0130cfec75e,NA,FALSE,-0.5897244437114205,3.48117661596696,Combined,-0.16940377026737377,FALSE
secondary,Specificity: Issue fact,study_fixed_effects,favorability,Favorability,study_idXf337919542ab,NA,FALSE,-2.328571913539198,2.852494218398672,Combined,-0.8163283552057143,FALSE
secondary,Specificity: Issue fact,study_fixed_effects,votechoice,Vote choice,how_specific_policy_fact,Specificity: Policy facts,TRUE,0.23559577027387893,0.8233126762617679,Combined,0.28615588836017447,FALSE
secondary,Specificity: Issue fact,study_fixed_effects,votechoice,Vote choice,intercept,Intercept,FALSE,3.3876972962968788,3.4858979111151864,Combined,0.9718291764927528,FALSE
secondary,Specificity: Issue fact,study_fixed_effects,votechoice,Vote choice,study_idX0ca4a39fd242,NA,FALSE,-2.4618220804350894,4.0291277850543326,Combined,-0.6110062057517721,FALSE
secondary,Specificity: Issue fact,study_fixed_effects,votechoice,Vote choice,study_idX201e65ae9067,NA,FALSE,2.114150549458465,5.174735684561955,Combined,0.40855237413685014,FALSE
secondary,Specificity: Issue fact,study_fixed_effects,votechoice,Vote choice,study_idX43915f01925b,NA,FALSE,-1.765631616317956,4.558929098826659,Combined,-0.3872908698607268,FALSE
secondary,Specificity: Issue fact,study_fixed_effects,votechoice,Vote choice,study_idX4cd2c9923737,NA,FALSE,-3.221757640609508,4.132485025293831,Combined,-0.7796174991294571,FALSE
secondary,Specificity: Issue fact,study_fixed_effects,votechoice,Vote choice,study_idX4d1542866d9e,NA,FALSE,2.6448585388882444,3.6987366963301835,Combined,0.715070781197381,FALSE
secondary,Specificity: Issue fact,study_fixed_effects,votechoice,Vote choice,study_idX5a248af8c0f1,NA,FALSE,0.5374590706069733,4.267840107126515,Combined,0.12593233511947052,FALSE
secondary,Specificity: Issue fact,study_fixed_effects,votechoice,Vote choice,study_idX5bee0c849477,NA,FALSE,-4.07123220591691,4.222151943676259,Combined,-0.9642552566149617,FALSE
secondary,Specificity: Issue fact,study_fixed_effects,votechoice,Vote choice,study_idX5c1c1e604f1e,NA,FALSE,0.05074396733644808,3.716652031779234,Combined,0.01365313914312176,FALSE
secondary,Specificity: Issue fact,study_fixed_effects,votechoice,Vote choice,study_idX6725be1de97c,NA,FALSE,5.702766030222176,5.607690796598517,Combined,1.016954435804722,FALSE
secondary,Specificity: Issue fact,study_fixed_effects,votechoice,Vote choice,study_idXb218652f3e19,NA,FALSE,-7.379623107987632,4.3382379100907755,Combined,-1.70106463982129,FALSE
secondary,Specificity: Issue fact,study_fixed_effects,votechoice,Vote choice,study_idXbb1e5503bebf,NA,FALSE,0.5478629700478724,3.6606806661276754,Combined,0.149661502877663,FALSE
secondary,Specificity: Issue fact,study_fixed_effects,votechoice,Vote choice,study_idXbf86b7c37550,NA,FALSE,-1.4363751327272176,4.013684378068463,Combined,-0.3578694778732093,FALSE
secondary,Specificity: Issue fact,study_fixed_effects,votechoice,Vote choice,study_idXc03c2d306034,NA,FALSE,4.046342216847477,4.6721007252665885,Combined,0.8660648506495103,FALSE
secondary,Specificity: Issue fact,study_fixed_effects,votechoice,Vote choice,study_idXc743e344bff5,NA,FALSE,-1.509609682956588,3.770114707220908,Combined,-0.40041478845861894,FALSE
secondary,Specificity: Issue fact,study_fixed_effects,votechoice,Vote choice,study_idXcbca87b096bc,NA,FALSE,3.364756448549423,5.317348390187146,Combined,0.6327884128786602,FALSE
secondary,Specificity: Issue fact,study_fixed_effects,votechoice,Vote choice,study_idXcd1c7907cdb8,NA,FALSE,-5.491056259720492,5.060375478841961,Combined,-1.085108463330292,FALSE
secondary,Specificity: Issue fact,study_fixed_effects,votechoice,Vote choice,study_idXd0500f1294c1,NA,FALSE,-7.703864998198608,4.395625853797558,Combined,-1.7526207312533046,FALSE
secondary,Specificity: Issue fact,study_fixed_effects,votechoice,Vote choice,study_idXf0130cfec75e,NA,FALSE,-0.12574347784453385,4.824133398396132,Combined,-0.026065505959337584,FALSE
secondary,Specificity: Issue fact,study_fixed_effects,votechoice,Vote choice,study_idXf337919542ab,NA,FALSE,-4.716621253388787,4.025708295590781,Combined,-1.1716251916599967,FALSE
secondary,Specificity: Issue fact,study_fixed_effects,votechoice_dichotomized,Vote choice (dichotomized),how_specific_policy_fact,Specificity: Policy facts,TRUE,0.5810712276393429,0.9945700075953834,Combined,0.5842436663098508,FALSE
secondary,Specificity: Issue fact,study_fixed_effects,votechoice_dichotomized,Vote choice (dichotomized),intercept,Intercept,FALSE,3.0546798159708937,4.429461765638325,Combined,0.6896277646344435,FALSE
secondary,Specificity: Issue fact,study_fixed_effects,votechoice_dichotomized,Vote choice (dichotomized),study_idX0ca4a39fd242,NA,FALSE,-2.205541840307834,5.15838369940632,Combined,-0.4275645180411202,FALSE
secondary,Specificity: Issue fact,study_fixed_effects,votechoice_dichotomized,Vote choice (dichotomized),study_idX201e65ae9067,NA,FALSE,2.456270639258,6.286051444286521,Combined,0.39074936962066037,FALSE
secondary,Specificity: Issue fact,study_fixed_effects,votechoice_dichotomized,Vote choice (dichotomized),study_idX43915f01925b,NA,FALSE,-0.21650387596152168,5.771495465590155,Combined,-0.037512613022452304,FALSE
secondary,Specificity: Issue fact,study_fixed_effects,votechoice_dichotomized,Vote choice (dichotomized),study_idX4cd2c9923737,NA,FALSE,-3.676703518198196,5.2156339894357036,Combined,-0.7049389442674429,FALSE
secondary,Specificity: Issue fact,study_fixed_effects,votechoice_dichotomized,Vote choice (dichotomized),study_idX4d1542866d9e,NA,FALSE,3.729933191608044,4.6697091032574445,Combined,0.7987506521565033,FALSE
secondary,Specificity: Issue fact,study_fixed_effects,votechoice_dichotomized,Vote choice (dichotomized),study_idX5a248af8c0f1,NA,FALSE,2.8949726484331886,5.380018492442259,Combined,0.5380971557068043,FALSE
secondary,Specificity: Issue fact,study_fixed_effects,votechoice_dichotomized,Vote choice (dichotomized),study_idX5bee0c849477,NA,FALSE,-4.432541321141913,5.370096425575681,Combined,-0.8254118678449501,FALSE
secondary,Specificity: Issue fact,study_fixed_effects,votechoice_dichotomized,Vote choice (dichotomized),study_idX5c1c1e604f1e,NA,FALSE,0.69674555544396,4.702390006009631,Combined,0.14816838980891048,FALSE
secondary,Specificity: Issue fact,study_fixed_effects,votechoice_dichotomized,Vote choice (dichotomized),study_idX6725be1de97c,NA,FALSE,7.4229216908036175,6.864411373471887,Combined,1.0813631769637442,FALSE
secondary,Specificity: Issue fact,study_fixed_effects,votechoice_dichotomized,Vote choice (dichotomized),study_idXb218652f3e19,NA,FALSE,-6.98129239755789,5.362141571450867,Combined,-1.301959730926858,FALSE
secondary,Specificity: Issue fact,study_fixed_effects,votechoice_dichotomized,Vote choice (dichotomized),study_idXbb1e5503bebf,NA,FALSE,1.3830456651699816,4.627690742257131,Combined,0.29886302741470766,FALSE
secondary,Specificity: Issue fact,study_fixed_effects,votechoice_dichotomized,Vote choice (dichotomized),study_idXbf86b7c37550,NA,FALSE,0.9763771891596806,5.049114921133398,Combined,0.1933759093248186,FALSE
secondary,Specificity: Issue fact,study_fixed_effects,votechoice_dichotomized,Vote choice (dichotomized),study_idXc03c2d306034,NA,FALSE,6.092423643249353,5.9543683777372935,Combined,1.0231855432438866,FALSE
secondary,Specificity: Issue fact,study_fixed_effects,votechoice_dichotomized,Vote choice (dichotomized),study_idXc743e344bff5,NA,FALSE,-1.8803225414796552,4.760993983958987,Combined,-0.39494327189132045,FALSE
secondary,Specificity: Issue fact,study_fixed_effects,votechoice_dichotomized,Vote choice (dichotomized),study_idXcbca87b096bc,NA,FALSE,7.479794272954941,6.475056221182128,Combined,1.15517055257157,FALSE
secondary,Specificity: Issue fact,study_fixed_effects,votechoice_dichotomized,Vote choice (dichotomized),study_idXcd1c7907cdb8,NA,FALSE,-4.126129682539685,6.34803491225788,Combined,-0.6499853481543151,FALSE
secondary,Specificity: Issue fact,study_fixed_effects,votechoice_dichotomized,Vote choice (dichotomized),study_idXd0500f1294c1,NA,FALSE,-8.05649183468022,5.499259306568199,Combined,-1.4650139928949553,FALSE
secondary,Specificity: Issue fact,study_fixed_effects,votechoice_dichotomized,Vote choice (dichotomized),study_idXf0130cfec75e,NA,FALSE,0.8540714414787262,5.973906455668776,Combined,0.14296699284071954,FALSE
secondary,Specificity: Issue fact,study_fixed_effects,votechoice_dichotomized,Vote choice (dichotomized),study_idXf337919542ab,NA,FALSE,-3.820798220200774,5.0515450980306005,Combined,-0.7563622903595087,FALSE
secondary,Specificity: Issue fact,study_random_effects,favorability,Favorability,how_specific_policy_fact,Specificity: Policy facts,TRUE,-0.03571237681530522,0.5134589322395333,Combined,-0.0695525475806604,FALSE
secondary,Specificity: Issue fact,study_random_effects,favorability,Favorability,intercept,Intercept,FALSE,2.6612834291594614,0.6134569384774449,Combined,4.338174796367243,TRUE
secondary,Specificity: Issue fact,study_random_effects,votechoice,Vote choice,how_specific_policy_fact,Specificity: Policy facts,TRUE,0.1803260776191753,0.7536379116718736,Combined,0.2392741591504323,FALSE
secondary,Specificity: Issue fact,study_random_effects,votechoice,Vote choice,intercept,Intercept,FALSE,2.1925452919052217,0.7667428595411125,Combined,2.859557496521633,TRUE
secondary,Specificity: Issue fact,study_random_effects,votechoice_dichotomized,Vote choice (dichotomized),how_specific_policy_fact,Specificity: Policy facts,TRUE,0.5199031205124763,0.9016502534558084,Combined,0.5766128479638449,FALSE
secondary,Specificity: Issue fact,study_random_effects,votechoice_dichotomized,Vote choice (dichotomized),intercept,Intercept,FALSE,2.7071729863487586,0.9087580755313177,Combined,2.97898094029698,TRUE
