float,row_key,quantity,value_paper,digits
figure_oa10,Candidate facts | Favorability | 2018,t_statistic,2.61,2
figure_oa10,Candidate facts | Favorability | 2020 Downballot,t_statistic,2.65,2
figure_oa10,Candidate facts | Favorability | 2020 Presidential,t_statistic,-0.51,2
figure_oa10,Candidate facts | Vote choice | 2018,t_statistic,1.54,2
figure_oa10,Candidate facts | Vote choice | 2020 Downballot,t_statistic,2.43,2
figure_oa10,Candidate facts | Vote choice | 2020 Presidential,t_statistic,-0.91,2
figure_oa10,Cited fact (where fact present) | Favorability | 2018,t_statistic,-2.07,2
figure_oa10,Cited fact (where fact present) | Favorability | 2020 Downballot,t_statistic,1.34,2
figure_oa10,Cited fact (where fact present) | Favorability | 2020 Presidential,t_statistic,-0.54,2
figure_oa10,Cited fact (where fact present) | Vote choice | 2018,t_statistic,-0.82,2
figure_oa10,Cited fact (where fact present) | Vote choice | 2020 Downballot,t_statistic,0.25,2
figure_oa10,Cited fact (where fact present) | Vote choice | 2020 Presidential,t_statistic,-1.28,2
figure_oa10,Emotion: Anger | Favorability | 2018,t_statistic,0.96,2
figure_oa10,Emotion: Anger | Favorability | 2020 Downballot,t_statistic,2.16,2
figure_oa10,Emotion: Anger | Favorability | 2020 Presidential,t_statistic,-0.64,2
figure_oa10,Emotion: Anger | Vote choice | 2018,t_statistic,3.02,2
figure_oa10,Emotion: Anger | Vote choice | 2020 Downballot,t_statistic,1.08,2
figure_oa10,Emotion: Anger | Vote choice | 2020 Presidential,t_statistic,0.93,2
figure_oa10,Emotion: Enthusiasm | Favorability | 2018,t_statistic,1.21,2
figure_oa10,Emotion: Enthusiasm | Favorability | 2020 Downballot,t_statistic,-1.68,2
figure_oa10,Emotion: Enthusiasm | Favorability | 2020 Presidential,t_statistic,-0.38,2
figure_oa10,Emotion: Enthusiasm | Vote choice | 2018,t_statistic,-0.27,2
figure_oa10,Emotion: Enthusiasm | Vote choice | 2020 Downballot,t_statistic,0.09,2
figure_oa10,Emotion: Enthusiasm | Vote choice | 2020 Presidential,t_statistic,0.74,2
figure_oa10,Explicit vote for | Favorability | 2018,t_statistic,2.01,2
figure_oa10,Explicit vote for | Favorability | 2020 Downballot,t_statistic,-2.75,2
figure_oa10,Explicit vote for | Favorability | 2020 Presidential,t_statistic,1.59,2
figure_oa10,Explicit vote for | Vote choice | 2018,t_statistic,2.83,2
figure_oa10,Explicit vote for | Vote choice | 2020 Downballot,t_statistic,0.47,2
figure_oa10,Explicit vote for | Vote choice | 2020 Presidential,t_statistic,1.82,2
figure_oa10,How pushy | Favorability | 2020 Downballot,t_statistic,2.74,2
figure_oa10,How pushy | Favorability | 2020 Presidential,t_statistic,2.24,2
figure_oa10,How pushy | Vote choice | 2020 Downballot,t_statistic,0.85,2
figure_oa10,How pushy | Vote choice | 2020 Presidential,t_statistic,2.35,2
figure_oa10,Issue: BLM/Race | Favorability | 2020 Downballot,t_statistic,0.02,2
figure_oa10,Issue: BLM/Race | Favorability | 2020 Presidential,t_statistic,-1.84,2
figure_oa10,Issue: BLM/Race | Vote choice | 2020 Downballot,t_statistic,0.18,2
figure_oa10,Issue: BLM/Race | Vote choice | 2020 Presidential,t_statistic,-0.62,2
figure_oa10,Issue: COVID-19 | Favorability | 2020 Downballot,t_statistic,-2.35,2
figure_oa10,Issue: COVID-19 | Favorability | 2020 Presidential,t_statistic,1.12,2
figure_oa10,Issue: COVID-19 | Vote choice | 2020 Downballot,t_statistic,-0.20,2
figure_oa10,Issue: COVID-19 | Vote choice | 2020 Presidential,t_statistic,-0.46,2
figure_oa10,Issue: Decency | Favorability | 2020 Downballot,t_statistic,3.78,2
figure_oa10,Issue: Decency | Favorability | 2020 Presidential,t_statistic,-2.23,2
figure_oa10,Issue: Decency | Vote choice | 2020 Downballot,t_statistic,1.38,2
figure_oa10,Issue: Decency | Vote choice | 2020 Presidential,t_statistic,0.54,2
figure_oa10,Messenger: Everyday people | Favorability | 2020 Downballot,t_statistic,0.96,2
figure_oa10,Messenger: Everyday people | Favorability | 2020 Presidential,t_statistic,1.63,2
figure_oa10,Messenger: Everyday people | Vote choice | 2020 Downballot,t_statistic,-0.39,2
figure_oa10,Messenger: Everyday people | Vote choice | 2020 Presidential,t_statistic,0.86,2
figure_oa10,Messenger: Female | Favorability | 2018,t_statistic,0.30,2
figure_oa10,Messenger: Female | Favorability | 2020 Downballot,t_statistic,0.70,2
figure_oa10,Messenger: Female | Favorability | 2020 Presidential,t_statistic,2.66,2
figure_oa10,Messenger: Female | Vote choice | 2018,t_statistic,1.79,2
figure_oa10,Messenger: Female | Vote choice | 2020 Downballot,t_statistic,-1.21,2
figure_oa10,Messenger: Female | Vote choice | 2020 Presidential,t_statistic,2.27,2
figure_oa10,Messenger: Healthcare worker | Favorability | 2020 Downballot,t_statistic,-1.48,2
figure_oa10,Messenger: Healthcare worker | Favorability | 2020 Presidential,t_statistic,0.46,2
figure_oa10,Messenger: Healthcare worker | Vote choice | 2020 Downballot,t_statistic,0.03,2
figure_oa10,Messenger: Healthcare worker | Vote choice | 2020 Presidential,t_statistic,1.33,2
figure_oa10,Messenger: Politician | Favorability | 2018,t_statistic,2.58,2
figure_oa10,Messenger: Politician | Favorability | 2020 Downballot,t_statistic,1.21,2
figure_oa10,Messenger: Politician | Favorability | 2020 Presidential,t_statistic,-1.64,2
figure_oa10,Messenger: Politician | Vote choice | 2018,t_statistic,-0.18,2
figure_oa10,Messenger: Politician | Vote choice | 2020 Downballot,t_statistic,1.36,2
figure_oa10,Messenger: Politician | Vote choice | 2020 Presidential,t_statistic,-0.39,2
figure_oa10,Messenger: Republican | Favorability | 2020 Downballot,t_statistic,1.91,2
figure_oa10,Messenger: Republican | Favorability | 2020 Presidential,t_statistic,-0.37,2
figure_oa10,Messenger: Republican | Vote choice | 2020 Downballot,t_statistic,2.62,2
figure_oa10,Messenger: Republican | Vote choice | 2020 Presidential,t_statistic,1.18,2
figure_oa10,New fact (where fact present) | Favorability | 2018,t_statistic,-1.88,2
figure_oa10,New fact (where fact present) | Favorability | 2020 Downballot,t_statistic,2.29,2
figure_oa10,New fact (where fact present) | Favorability | 2020 Presidential,t_statistic,0.55,2
figure_oa10,New fact (where fact present) | Vote choice | 2018,t_statistic,-1.29,2
figure_oa10,New fact (where fact present) | Vote choice | 2020 Downballot,t_statistic,0.73,2
figure_oa10,New fact (where fact present) | Vote choice | 2020 Presidential,t_statistic,-0.35,2
figure_oa10,Policy facts | Favorability | 2018,t_statistic,-0.49,2
figure_oa10,Policy facts | Favorability | 2020 Downballot,t_statistic,-0.03,2
figure_oa10,Policy facts | Favorability | 2020 Presidential,t_statistic,1.20,2
figure_oa10,Policy facts | Vote choice | 2018,t_statistic,0.20,2
figure_oa10,Policy facts | Vote choice | 2020 Downballot,t_statistic,-0.44,2
figure_oa10,Policy facts | Vote choice | 2020 Presidential,t_statistic,2.39,2
figure_oa10,Primary focus: Candidate | Favorability | 2018,t_statistic,2.63,2
figure_oa10,Primary focus: Candidate | Favorability | 2020 Downballot,t_statistic,0.86,2
figure_oa10,Primary focus: Candidate | Favorability | 2020 Presidential,t_statistic,-0.57,2
figure_oa10,Primary focus: Candidate | Vote choice | 2018,t_statistic,0.48,2
figure_oa10,Primary focus: Candidate | Vote choice | 2020 Downballot,t_statistic,0.12,2
figure_oa10,Primary focus: Candidate | Vote choice | 2020 Presidential,t_statistic,-1.02,2
figure_oa10,Primary focus: Issues | Favorability | 2018,t_statistic,3.46,2
figure_oa10,Primary focus: Issues | Favorability | 2020 Downballot,t_statistic,-1.60,2
figure_oa10,Primary focus: Issues | Favorability | 2020 Presidential,t_statistic,2.75,2
figure_oa10,Primary focus: Issues | Vote choice | 2018,t_statistic,2.57,2
figure_oa10,Primary focus: Issues | Vote choice | 2020 Downballot,t_statistic,-1.12,2
figure_oa10,Primary focus: Issues | Vote choice | 2020 Presidential,t_statistic,-0.55,2
figure_oa10,Primary tone: Contrast | Favorability | 2018,t_statistic,0.52,2
figure_oa10,Primary tone: Contrast | Favorability | 2020 Downballot,t_statistic,-0.53,2
figure_oa10,Primary tone: Contrast | Favorability | 2020 Presidential,t_statistic,0.72,2
figure_oa10,Primary tone: Contrast | Vote choice | 2018,t_statistic,0.58,2
figure_oa10,Primary tone: Contrast | Vote choice | 2020 Downballot,t_statistic,-1.20,2
figure_oa10,Primary tone: Contrast | Vote choice | 2020 Presidential,t_statistic,3.75,2
figure_oa10,Primary tone: Positive | Favorability | 2018,t_statistic,0.14,2
figure_oa10,Primary tone: Positive | Favorability | 2020 Downballot,t_statistic,-2.71,2
figure_oa10,Primary tone: Positive | Favorability | 2020 Presidential,t_statistic,0.17,2
figure_oa10,Primary tone: Positive | Vote choice | 2018,t_statistic,-1.47,2
figure_oa10,Primary tone: Positive | Vote choice | 2020 Downballot,t_statistic,0.60,2
figure_oa10,Primary tone: Positive | Vote choice | 2020 Presidential,t_statistic,1.89,2
figure_oa10,Production value: High | Favorability | 2018,t_statistic,1.03,2
figure_oa10,Production value: High | Favorability | 2020 Downballot,t_statistic,2.58,2
figure_oa10,Production value: High | Favorability | 2020 Presidential,t_statistic,-0.29,2
figure_oa10,Production value: High | Vote choice | 2018,t_statistic,0.50,2
figure_oa10,Production value: High | Vote choice | 2020 Downballot,t_statistic,2.03,2
figure_oa10,Production value: High | Vote choice | 2020 Presidential,t_statistic,-0.17,2
figure_oa10,Specificity: Candidate facts | Favorability | 2018,t_statistic,-0.12,2
figure_oa10,Specificity: Candidate facts | Favorability | 2020 Downballot,t_statistic,3.45,2
figure_oa10,Specificity: Candidate facts | Favorability | 2020 Presidential,t_statistic,-1.26,2
figure_oa10,Specificity: Candidate facts | Vote choice | 2018,t_statistic,1.32,2
figure_oa10,Specificity: Candidate facts | Vote choice | 2020 Downballot,t_statistic,0.92,2
figure_oa10,Specificity: Candidate facts | Vote choice | 2020 Presidential,t_statistic,-1.79,2
figure_oa10,Specificity: Policy facts | Favorability | 2018,t_statistic,-0.33,2
figure_oa10,Specificity: Policy facts | Favorability | 2020 Downballot,t_statistic,1.30,2
figure_oa10,Specificity: Policy facts | Favorability | 2020 Presidential,t_statistic,2.38,2
figure_oa10,Specificity: Policy facts | Vote choice | 2018,t_statistic,-0.20,2
figure_oa10,Specificity: Policy facts | Vote choice | 2020 Downballot,t_statistic,-0.12,2
figure_oa10,Specificity: Policy facts | Vote choice | 2020 Presidential,t_statistic,1.29,2
figure_oa10,Technique: Negative name-calling | Favorability | 2018,t_statistic,0.84,2
figure_oa10,Technique: Negative name-calling | Favorability | 2020 Downballot,t_statistic,0.85,2
figure_oa10,Technique: Negative name-calling | Favorability | 2020 Presidential,t_statistic,-0.02,2
figure_oa10,Technique: Negative name-calling | Vote choice | 2018,t_statistic,0.81,2
figure_oa10,Technique: Negative name-calling | Vote choice | 2020 Downballot,t_statistic,-0.60,2
figure_oa10,Technique: Negative name-calling | Vote choice | 2020 Presidential,t_statistic,0.64,2
figure_oa10,Technique: Negative testimonial | Favorability | 2018,t_statistic,1.57,2
figure_oa10,Technique: Negative testimonial | Favorability | 2020 Downballot,t_statistic,1.39,2
figure_oa10,Technique: Negative testimonial | Favorability | 2020 Presidential,t_statistic,-0.25,2
figure_oa10,Technique: Negative testimonial | Vote choice | 2018,t_statistic,1.24,2
figure_oa10,Technique: Negative testimonial | Vote choice | 2020 Downballot,t_statistic,1.82,2
figure_oa10,Technique: Negative testimonial | Vote choice | 2020 Presidential,t_statistic,-0.29,2
figure_oa10,Technique: Negative transfer of association | Favorability | 2018,t_statistic,0.13,2
figure_oa10,Technique: Negative transfer of association | Favorability | 2020 Downballot,t_statistic,0.88,2
figure_oa10,Technique: Negative transfer of association | Favorability | 2020 Presidential,t_statistic,-0.16,2
figure_oa10,Technique: Negative transfer of association | Vote choice | 2018,t_statistic,-0.20,2
figure_oa10,Technique: Negative transfer of association | Vote choice | 2020 Downballot,t_statistic,0.11,2
figure_oa10,Technique: Negative transfer of association | Vote choice | 2020 Presidential,t_statistic,0.50,2
figure_oa10,Technique: Plain folks | Favorability | 2018,t_statistic,-0.26,2
figure_oa10,Technique: Plain folks | Favorability | 2020 Downballot,t_statistic,0.29,2
figure_oa10,Technique: Plain folks | Favorability | 2020 Presidential,t_statistic,1.10,2
figure_oa10,Technique: Plain folks | Vote choice | 2018,t_statistic,1.42,2
figure_oa10,Technique: Plain folks | Vote choice | 2020 Downballot,t_statistic,2.03,2
figure_oa10,Technique: Plain folks | Vote choice | 2020 Presidential,t_statistic,1.41,2
figure_oa10,Technique: Positive name-calling | Favorability | 2018,t_statistic,0.30,2
figure_oa10,Technique: Positive name-calling | Favorability | 2020 Downballot,t_statistic,-0.95,2
figure_oa10,Technique: Positive name-calling | Favorability | 2020 Presidential,t_statistic,-0.91,2
figure_oa10,Technique: Positive name-calling | Vote choice | 2018,t_statistic,-0.73,2
figure_oa10,Technique: Positive name-calling | Vote choice | 2020 Downballot,t_statistic,-0.63,2
figure_oa10,Technique: Positive name-calling | Vote choice | 2020 Presidential,t_statistic,0.28,2
figure_oa10,Technique: Positive testimonial | Favorability | 2018,t_statistic,0.75,2
figure_oa10,Technique: Positive testimonial | Favorability | 2020 Downballot,t_statistic,-0.71,2
figure_oa10,Technique: Positive testimonial | Favorability | 2020 Presidential,t_statistic,1.11,2
figure_oa10,Technique: Positive testimonial | Vote choice | 2018,t_statistic,-1.34,2
figure_oa10,Technique: Positive testimonial | Vote choice | 2020 Downballot,t_statistic,-0.64,2
figure_oa10,Technique: Positive testimonial | Vote choice | 2020 Presidential,t_statistic,1.04,2
figure_oa10,Technique: Positive transfer of association | Favorability | 2018,t_statistic,-0.31,2
figure_oa10,Technique: Positive transfer of association | Favorability | 2020 Downballot,t_statistic,-0.75,2
figure_oa10,Technique: Positive transfer of association | Favorability | 2020 Presidential,t_statistic,0.14,2
figure_oa10,Technique: Positive transfer of association | Vote choice | 2018,t_statistic,0.83,2
figure_oa10,Technique: Positive transfer of association | Vote choice | 2020 Downballot,t_statistic,2.18,2
figure_oa10,Technique: Positive transfer of association | Vote choice | 2020 Presidential,t_statistic,0.27,2
figure_oa12,Candidate facts | Favorability | IPW,t_statistic,2.49,2
figure_oa12,Candidate facts | Favorability | Standard,t_statistic,2.61,2
figure_oa12,Candidate facts | Favorability | Study fixed effects,t_statistic,1.28,2
figure_oa12,Candidate facts | Favorability | Study random effects,t_statistic,2.00,2
figure_oa12,Candidate facts | Vote choice | IPW,t_statistic,1.38,2
figure_oa12,Candidate facts | Vote choice | Standard,t_statistic,1.54,2
figure_oa12,Candidate facts | Vote choice | Study fixed effects,t_statistic,0.79,2
figure_oa12,Candidate facts | Vote choice | Study random effects,t_statistic,1.21,2
figure_oa12,Cited fact (where fact present) | Favorability | IPW,t_statistic,-1.99,2
figure_oa12,Cited fact (where fact present) | Favorability | Standard,t_statistic,-2.07,2
figure_oa12,Cited fact (where fact present) | Favorability | Study fixed effects,t_statistic,-1.15,2
figure_oa12,Cited fact (where fact present) | Favorability | Study random effects,t_statistic,-1.69,2
figure_oa12,Cited fact (where fact present) | Vote choice | IPW,t_statistic,-0.94,2
figure_oa12,Cited fact (where fact present) | Vote choice | Standard,t_statistic,-0.82,2
figure_oa12,Cited fact (where fact present) | Vote choice | Study fixed effects,t_statistic,-1.51,2
figure_oa12,Cited fact (where fact present) | Vote choice | Study random effects,t_statistic,-1.01,2
figure_oa12,Emotion: Anger | Favorability | IPW,t_statistic,0.89,2
figure_oa12,Emotion: Anger | Favorability | Standard,t_statistic,0.96,2
figure_oa12,Emotion: Anger | Favorability | Study fixed effects,t_statistic,-0.33,2
figure_oa12,Emotion: Anger | Favorability | Study random effects,t_statistic,-0.16,2
figure_oa12,Emotion: Anger | Vote choice | IPW,t_statistic,2.89,2
figure_oa12,Emotion: Anger | Vote choice | Standard,t_statistic,3.02,2
figure_oa12,Emotion: Anger | Vote choice | Study fixed effects,t_statistic,1.50,2
figure_oa12,Emotion: Anger | Vote choice | Study random effects,t_statistic,2.32,2
figure_oa12,Emotion: Enthusiasm | Favorability | IPW,t_statistic,1.12,2
figure_oa12,Emotion: Enthusiasm | Favorability | Standard,t_statistic,1.21,2
figure_oa12,Emotion: Enthusiasm | Favorability | Study fixed effects,t_statistic,0.28,2
figure_oa12,Emotion: Enthusiasm | Favorability | Study random effects,t_statistic,0.75,2
figure_oa12,Emotion: Enthusiasm | Vote choice | IPW,t_statistic,-0.24,2
figure_oa12,Emotion: Enthusiasm | Vote choice | Standard,t_statistic,-0.27,2
figure_oa12,Emotion: Enthusiasm | Vote choice | Study fixed effects,t_statistic,0.42,2
figure_oa12,Emotion: Enthusiasm | Vote choice | Study random effects,t_statistic,0.03,2
figure_oa12,Explicit vote for | Favorability | IPW,t_statistic,1.91,2
figure_oa12,Explicit vote for | Favorability | Standard,t_statistic,2.01,2
figure_oa12,Explicit vote for | Favorability | Study fixed effects,t_statistic,1.72,2
figure_oa12,Explicit vote for | Favorability | Study random effects,t_statistic,1.85,2
figure_oa12,Explicit vote for | Vote choice | IPW,t_statistic,2.91,2
figure_oa12,Explicit vote for | Vote choice | Standard,t_statistic,2.83,2
figure_oa12,Explicit vote for | Vote choice | Study fixed effects,t_statistic,2.99,2
figure_oa12,Explicit vote for | Vote choice | Study random effects,t_statistic,2.75,2
figure_oa12,Messenger: Female | Favorability | IPW,t_statistic,0.30,2
figure_oa12,Messenger: Female | Favorability | Standard,t_statistic,0.30,2
figure_oa12,Messenger: Female | Favorability | Study fixed effects,t_statistic,0.87,2
figure_oa12,Messenger: Female | Favorability | Study random effects,t_statistic,0.70,2
figure_oa12,Messenger: Female | Vote choice | IPW,t_statistic,1.76,2
figure_oa12,Messenger: Female | Vote choice | Standard,t_statistic,1.79,2
figure_oa12,Messenger: Female | Vote choice | Study fixed effects,t_statistic,1.38,2
figure_oa12,Messenger: Female | Vote choice | Study random effects,t_statistic,1.63,2
figure_oa12,Messenger: Politician | Favorability | IPW,t_statistic,2.49,2
figure_oa12,Messenger: Politician | Favorability | Standard,t_statistic,2.58,2
figure_oa12,Messenger: Politician | Favorability | Study fixed effects,t_statistic,-0.54,2
figure_oa12,Messenger: Politician | Favorability | Study random effects,t_statistic,0.80,2
figure_oa12,Messenger: Politician | Vote choice | IPW,t_statistic,-0.14,2
figure_oa12,Messenger: Politician | Vote choice | Standard,t_statistic,-0.18,2
figure_oa12,Messenger: Politician | Vote choice | Study fixed effects,t_statistic,-0.72,2
figure_oa12,Messenger: Politician | Vote choice | Study random effects,t_statistic,-0.25,2
figure_oa12,New fact (where fact present) | Favorability | IPW,t_statistic,-1.82,2
figure_oa12,New fact (where fact present) | Favorability | Standard,t_statistic,-1.88,2
figure_oa12,New fact (where fact present) | Favorability | Study fixed effects,t_statistic,-2.48,2
figure_oa12,New fact (where fact present) | Favorability | Study random effects,t_statistic,-2.48,2
figure_oa12,New fact (where fact present) | Vote choice | IPW,t_statistic,-1.45,2
figure_oa12,New fact (where fact present) | Vote choice | Standard,t_statistic,-1.29,2
figure_oa12,New fact (where fact present) | Vote choice | Study fixed effects,t_statistic,-2.28,2
figure_oa12,New fact (where fact present) | Vote choice | Study random effects,t_statistic,-2.04,2
figure_oa12,Policy facts | Favorability | IPW,t_statistic,-0.45,2
figure_oa12,Policy facts | Favorability | Standard,t_statistic,-0.49,2
figure_oa12,Policy facts | Favorability | Study fixed effects,t_statistic,-1.12,2
figure_oa12,Policy facts | Favorability | Study random effects,t_statistic,-1.09,2
figure_oa12,Policy facts | Vote choice | IPW,t_statistic,0.21,2
figure_oa12,Policy facts | Vote choice | Standard,t_statistic,0.20,2
figure_oa12,Policy facts | Vote choice | Study fixed effects,t_statistic,-0.51,2
figure_oa12,Policy facts | Vote choice | Study random effects,t_statistic,-0.18,2
figure_oa12,Primary focus: Candidate | Favorability | IPW,t_statistic,2.49,2
figure_oa12,Primary focus: Candidate | Favorability | Standard,t_statistic,2.63,2
figure_oa12,Primary focus: Candidate | Favorability | Study fixed effects,t_statistic,0.67,2
figure_oa12,Primary focus: Candidate | Favorability | Study random effects,t_statistic,1.81,2
figure_oa12,Primary focus: Candidate | Vote choice | IPW,t_statistic,0.36,2
figure_oa12,Primary focus: Candidate | Vote choice | Standard,t_statistic,0.48,2
figure_oa12,Primary focus: Candidate | Vote choice | Study fixed effects,t_statistic,1.59,2
figure_oa12,Primary focus: Candidate | Vote choice | Study random effects,t_statistic,1.19,2
figure_oa12,Primary focus: Issues | Favorability | IPW,t_statistic,3.33,2
figure_oa12,Primary focus: Issues | Favorability | Standard,t_statistic,3.46,2
figure_oa12,Primary focus: Issues | Favorability | Study fixed effects,t_statistic,1.72,2
figure_oa12,Primary focus: Issues | Favorability | Study random effects,t_statistic,2.81,2
figure_oa12,Primary focus: Issues | Vote choice | IPW,t_statistic,2.42,2
figure_oa12,Primary focus: Issues | Vote choice | Standard,t_statistic,2.57,2
figure_oa12,Primary focus: Issues | Vote choice | Study fixed effects,t_statistic,2.87,2
figure_oa12,Primary focus: Issues | Vote choice | Study random effects,t_statistic,2.80,2
figure_oa12,Primary tone: Contrast | Favorability | IPW,t_statistic,0.42,2
figure_oa12,Primary tone: Contrast | Favorability | Standard,t_statistic,0.52,2
figure_oa12,Primary tone: Contrast | Favorability | Study fixed effects,t_statistic,-0.52,2
figure_oa12,Primary tone: Contrast | Favorability | Study random effects,t_statistic,-0.14,2
figure_oa12,Primary tone: Contrast | Vote choice | IPW,t_statistic,0.54,2
figure_oa12,Primary tone: Contrast | Vote choice | Standard,t_statistic,0.58,2
figure_oa12,Primary tone: Contrast | Vote choice | Study fixed effects,t_statistic,0.24,2
figure_oa12,Primary tone: Contrast | Vote choice | Study random effects,t_statistic,0.50,2
figure_oa12,Primary tone: Positive | Favorability | IPW,t_statistic,0.11,2
figure_oa12,Primary tone: Positive | Favorability | Standard,t_statistic,0.14,2
figure_oa12,Primary tone: Positive | Favorability | Study fixed effects,t_statistic,-1.52,2
figure_oa12,Primary tone: Positive | Favorability | Study random effects,t_statistic,-0.69,2
figure_oa12,Primary tone: Positive | Vote choice | IPW,t_statistic,-1.40,2
figure_oa12,Primary tone: Positive | Vote choice | Standard,t_statistic,-1.47,2
figure_oa12,Primary tone: Positive | Vote choice | Study fixed effects,t_statistic,-1.03,2
figure_oa12,Primary tone: Positive | Vote choice | Study random effects,t_statistic,-1.15,2
figure_oa12,Production value: High | Favorability | IPW,t_statistic,1.11,2
figure_oa12,Production value: High | Favorability | Standard,t_statistic,1.03,2
figure_oa12,Production value: High | Favorability | Study fixed effects,t_statistic,0.53,2
figure_oa12,Production value: High | Favorability | Study random effects,t_statistic,0.68,2
figure_oa12,Production value: High | Vote choice | IPW,t_statistic,0.33,2
figure_oa12,Production value: High | Vote choice | Standard,t_statistic,0.50,2
figure_oa12,Production value: High | Vote choice | Study fixed effects,t_statistic,0.44,2
figure_oa12,Production value: High | Vote choice | Study random effects,t_statistic,0.45,2
figure_oa12,Specificity: Candidate facts | Favorability | IPW,t_statistic,-0.21,2
figure_oa12,Specificity: Candidate facts | Favorability | Standard,t_statistic,-0.12,2
figure_oa12,Specificity: Candidate facts | Favorability | Study fixed effects,t_statistic,-0.79,2
figure_oa12,Specificity: Candidate facts | Favorability | Study random effects,t_statistic,-0.48,2
figure_oa12,Specificity: Candidate facts | Vote choice | IPW,t_statistic,1.24,2
figure_oa12,Specificity: Candidate facts | Vote choice | Standard,t_statistic,1.32,2
figure_oa12,Specificity: Candidate facts | Vote choice | Study fixed effects,t_statistic,-0.54,2
figure_oa12,Specificity: Candidate facts | Vote choice | Study random effects,t_statistic,0.26,2
figure_oa12,Specificity: Policy facts | Favorability | IPW,t_statistic,-0.29,2
figure_oa12,Specificity: Policy facts | Favorability | Standard,t_statistic,-0.33,2
figure_oa12,Specificity: Policy facts | Favorability | Study fixed effects,t_statistic,-0.16,2
figure_oa12,Specificity: Policy facts | Favorability | Study random effects,t_statistic,-0.07,2
figure_oa12,Specificity: Policy facts | Vote choice | IPW,t_statistic,-0.30,2
figure_oa12,Specificity: Policy facts | Vote choice | Standard,t_statistic,-0.20,2
figure_oa12,Specificity: Policy facts | Vote choice | Study fixed effects,t_statistic,0.29,2
figure_oa12,Specificity: Policy facts | Vote choice | Study random effects,t_statistic,0.24,2
figure_oa12,Technique: Negative name-calling | Favorability | IPW,t_statistic,0.81,2
figure_oa12,Technique: Negative name-calling | Favorability | Standard,t_statistic,0.84,2
figure_oa12,Technique: Negative name-calling | Favorability | Study fixed effects,t_statistic,0.31,2
figure_oa12,Technique: Negative name-calling | Favorability | Study random effects,t_statistic,0.38,2
figure_oa12,Technique: Negative name-calling | Vote choice | IPW,t_statistic,0.73,2
figure_oa12,Technique: Negative name-calling | Vote choice | Standard,t_statistic,0.81,2
figure_oa12,Technique: Negative name-calling | Vote choice | Study fixed effects,t_statistic,1.38,2
figure_oa12,Technique: Negative name-calling | Vote choice | Study random effects,t_statistic,1.09,2
figure_oa12,Technique: Negative testimonial | Favorability | IPW,t_statistic,1.57,2
figure_oa12,Technique: Negative testimonial | Favorability | Standard,t_statistic,1.57,2
figure_oa12,Technique: Negative testimonial | Favorability | Study fixed effects,t_statistic,1.54,2
figure_oa12,Technique: Negative testimonial | Favorability | Study random effects,t_statistic,1.65,2
figure_oa12,Technique: Negative testimonial | Vote choice | IPW,t_statistic,1.30,2
figure_oa12,Technique: Negative testimonial | Vote choice | Standard,t_statistic,1.24,2
figure_oa12,Technique: Negative testimonial | Vote choice | Study fixed effects,t_statistic,0.26,2
figure_oa12,Technique: Negative testimonial | Vote choice | Study random effects,t_statistic,0.66,2
figure_oa12,Technique: Negative transfer of association | Favorability | IPW,t_statistic,0.19,2
figure_oa12,Technique: Negative transfer of association | Favorability | Standard,t_statistic,0.13,2
figure_oa12,Technique: Negative transfer of association | Favorability | Study fixed effects,t_statistic,1.26,2
figure_oa12,Technique: Negative transfer of association | Favorability | Study random effects,t_statistic,0.88,2
figure_oa12,Technique: Negative transfer of association | Vote choice | IPW,t_statistic,-0.20,2
figure_oa12,Technique: Negative transfer of association | Vote choice | Standard,t_statistic,-0.20,2
figure_oa12,Technique: Negative transfer of association | Vote choice | Study fixed effects,t_statistic,1.29,2
figure_oa12,Technique: Negative transfer of association | Vote choice | Study random effects,t_statistic,0.61,2
figure_oa12,Technique: Plain folks | Favorability | IPW,t_statistic,-0.12,2
figure_oa12,Technique: Plain folks | Favorability | Standard,t_statistic,-0.26,2
figure_oa12,Technique: Plain folks | Favorability | Study fixed effects,t_statistic,0.60,2
figure_oa12,Technique: Plain folks | Favorability | Study random effects,t_statistic,0.42,2
figure_oa12,Technique: Plain folks | Vote choice | IPW,t_statistic,1.45,2
figure_oa12,Technique: Plain folks | Vote choice | Standard,t_statistic,1.42,2
figure_oa12,Technique: Plain folks | Vote choice | Study fixed effects,t_statistic,1.64,2
figure_oa12,Technique: Plain folks | Vote choice | Study random effects,t_statistic,1.54,2
figure_oa12,Technique: Positive name-calling | Favorability | IPW,t_statistic,0.30,2
figure_oa12,Technique: Positive name-calling | Favorability | Standard,t_statistic,0.30,2
figure_oa12,Technique: Positive name-calling | Favorability | Study fixed effects,t_statistic,-0.59,2
figure_oa12,Technique: Positive name-calling | Favorability | Study random effects,t_statistic,-0.05,2
figure_oa12,Technique: Positive name-calling | Vote choice | IPW,t_statistic,-0.63,2
figure_oa12,Technique: Positive name-calling | Vote choice | Standard,t_statistic,-0.73,2
figure_oa12,Technique: Positive name-calling | Vote choice | Study fixed effects,t_statistic,-0.95,2
figure_oa12,Technique: Positive name-calling | Vote choice | Study random effects,t_statistic,-0.72,2
figure_oa12,Technique: Positive testimonial | Favorability | IPW,t_statistic,0.83,2
figure_oa12,Technique: Positive testimonial | Favorability | Standard,t_statistic,0.75,2
figure_oa12,Technique: Positive testimonial | Favorability | Study fixed effects,t_statistic,-0.13,2
figure_oa12,Technique: Positive testimonial | Favorability | Study random effects,t_statistic,0.31,2
figure_oa12,Technique: Positive testimonial | Vote choice | IPW,t_statistic,-1.22,2
figure_oa12,Technique: Positive testimonial | Vote choice | Standard,t_statistic,-1.34,2
figure_oa12,Technique: Positive testimonial | Vote choice | Study fixed effects,t_statistic,-0.62,2
figure_oa12,Technique: Positive testimonial | Vote choice | Study random effects,t_statistic,-1.09,2
figure_oa12,Technique: Positive transfer of association | Favorability | IPW,t_statistic,-0.34,2
figure_oa12,Technique: Positive transfer of association | Favorability | Standard,t_statistic,-0.31,2
figure_oa12,Technique: Positive transfer of association | Favorability | Study fixed effects,t_statistic,0.40,2
figure_oa12,Technique: Positive transfer of association | Favorability | Study random effects,t_statistic,0.25,2
figure_oa12,Technique: Positive transfer of association | Vote choice | IPW,t_statistic,0.80,2
figure_oa12,Technique: Positive transfer of association | Vote choice | Standard,t_statistic,0.83,2
figure_oa12,Technique: Positive transfer of association | Vote choice | Study fixed effects,t_statistic,1.83,2
figure_oa12,Technique: Positive transfer of association | Vote choice | Study random effects,t_statistic,1.37,2
table_da10,Favorability | Intercept | 2018,estimate,1.8,1
table_da10,Favorability | Intercept | 2018,std.error,0.7,1
table_da10,Favorability | Intercept | 2020D,estimate,1.4,1
table_da10,Favorability | Intercept | 2020D,std.error,0.4,1
table_da10,Favorability | Intercept | 2020P,estimate,0.9,1
table_da10,Favorability | Intercept | 2020P,std.error,0.1,1
table_da10,Favorability | N treatments | 2018,value,131,0
table_da10,Favorability | N treatments | 2020D,value,131,0
table_da10,Favorability | N treatments | 2020P,value,170,0
table_da10,Favorability | Neg. name-calling | 2018,estimate,0.7,1
table_da10,Favorability | Neg. name-calling | 2018,std.error,0.8,1
table_da10,Favorability | Neg. name-calling | 2020D,estimate,0.4,1
table_da10,Favorability | Neg. name-calling | 2020D,std.error,0.5,1
table_da10,Favorability | Neg. name-calling | 2020D-2018,estimate,-0.3,1
table_da10,Favorability | Neg. name-calling | 2020D-2018,std.error,1.0,1
table_da10,Favorability | Neg. name-calling | 2020P,estimate,0.0,1
table_da10,Favorability | Neg. name-calling | 2020P,std.error,0.3,1
table_da10,Favorability | Neg. name-calling | 2020P-2018,estimate,-0.7,1
table_da10,Favorability | Neg. name-calling | 2020P-2018,std.error,0.9,1
table_da10,Favorability | Neg. name-calling | 2020P-2020D,estimate,-0.4,1
table_da10,Favorability | Neg. name-calling | 2020P-2020D,std.error,0.5,1
table_da10,Favorability | Neg. name-calling | Combined,estimate,0.1,1
table_da10,Favorability | Neg. name-calling | Combined,std.error,0.2,1
table_da10,Favorability | Neg. testimonial | 2018,estimate,1.1,1
table_da10,Favorability | Neg. testimonial | 2018,std.error,0.7,1
table_da10,Favorability | Neg. testimonial | 2020D,estimate,0.6,1
table_da10,Favorability | Neg. testimonial | 2020D,std.error,0.4,1
table_da10,Favorability | Neg. testimonial | 2020D-2018,estimate,-0.5,1
table_da10,Favorability | Neg. testimonial | 2020D-2018,std.error,0.8,1
table_da10,Favorability | Neg. testimonial | 2020P,estimate,0.0,1
table_da10,Favorability | Neg. testimonial | 2020P,std.error,0.2,1
table_da10,Favorability | Neg. testimonial | 2020P-2018,estimate,-1.1,1
table_da10,Favorability | Neg. testimonial | 2020P-2018,std.error,0.7,1
table_da10,Favorability | Neg. testimonial | 2020P-2020D,estimate,-0.6,1
table_da10,Favorability | Neg. testimonial | 2020P-2020D,std.error,0.5,1
table_da10,Favorability | Neg. testimonial | Combined,estimate,0.1,1
table_da10,Favorability | Neg. testimonial | Combined,std.error,0.2,1
table_da10,Favorability | Neg. transfer of association | 2018,estimate,0.1,1
table_da10,Favorability | Neg. transfer of association | 2018,std.error,0.7,1
table_da10,Favorability | Neg. transfer of association | 2020D,estimate,0.4,1
table_da10,Favorability | Neg. transfer of association | 2020D,std.error,0.4,1
table_da10,Favorability | Neg. transfer of association | 2020D-2018,estimate,0.3,1
table_da10,Favorability | Neg. transfer of association | 2020D-2018,std.error,0.8,1
table_da10,Favorability | Neg. transfer of association | 2020P,estimate,0.0,1
table_da10,Favorability | Neg. transfer of association | 2020P,std.error,0.2,1
table_da10,Favorability | Neg. transfer of association | 2020P-2018,estimate,-0.1,1
table_da10,Favorability | Neg. transfer of association | 2020P-2018,std.error,0.7,1
table_da10,Favorability | Neg. transfer of association | 2020P-2020D,estimate,-0.4,1
table_da10,Favorability | Neg. transfer of association | 2020P-2020D,std.error,0.5,1
table_da10,Favorability | Neg. transfer of association | Combined,estimate,0.1,1
table_da10,Favorability | Neg. transfer of association | Combined,std.error,0.2,1
table_da10,Favorability | Plain folks | 2018,estimate,-0.2,1
table_da10,Favorability | Plain folks | 2018,std.error,0.7,1
table_da10,Favorability | Plain folks | 2020D,estimate,0.2,1
table_da10,Favorability | Plain folks | 2020D,std.error,0.6,1
table_da10,Favorability | Plain folks | 2020D-2018,estimate,0.4,1
table_da10,Favorability | Plain folks | 2020D-2018,std.error,0.9,1
table_da10,Favorability | Plain folks | 2020P,estimate,0.2,1
table_da10,Favorability | Plain folks | 2020P,std.error,0.2,1
table_da10,Favorability | Plain folks | 2020P-2018,estimate,0.4,1
table_da10,Favorability | Plain folks | 2020P-2018,std.error,0.8,1
table_da10,Favorability | Plain folks | 2020P-2020D,estimate,0.1,1
table_da10,Favorability | Plain folks | 2020P-2020D,std.error,0.6,1
table_da10,Favorability | Plain folks | Combined,estimate,0.2,1
table_da10,Favorability | Plain folks | Combined,std.error,0.2,1
table_da10,Favorability | Pos. name-calling | 2018,estimate,0.6,1
table_da10,Favorability | Pos. name-calling | 2018,std.error,1.8,1
table_da10,Favorability | Pos. name-calling | 2020D,estimate,-0.7,1
table_da10,Favorability | Pos. name-calling | 2020D,std.error,0.7,1
table_da10,Favorability | Pos. name-calling | 2020D-2018,estimate,-1.3,1
table_da10,Favorability | Pos. name-calling | 2020D-2018,std.error,2.0,1
table_da10,Favorability | Pos. name-calling | 2020P,estimate,-0.2,1
table_da10,Favorability | Pos. name-calling | 2020P,std.error,0.3,1
table_da10,Favorability | Pos. name-calling | 2020P-2018,estimate,-0.8,1
table_da10,Favorability | Pos. name-calling | 2020P-2018,std.error,1.9,1
table_da10,Favorability | Pos. name-calling | 2020P-2020D,estimate,0.5,1
table_da10,Favorability | Pos. name-calling | 2020P-2020D,std.error,0.8,1
table_da10,Favorability | Pos. name-calling | Combined,estimate,-0.3,1
table_da10,Favorability | Pos. name-calling | Combined,std.error,0.2,1
table_da10,Favorability | Pos. testimonial | 2018,estimate,0.7,1
table_da10,Favorability | Pos. testimonial | 2018,std.error,1.0,1
table_da10,Favorability | Pos. testimonial | 2020D,estimate,-0.4,1
table_da10,Favorability | Pos. testimonial | 2020D,std.error,0.6,1
table_da10,Favorability | Pos. testimonial | 2020D-2018,estimate,-1.2,1
table_da10,Favorability | Pos. testimonial | 2020D-2018,std.error,1.1,1
table_da10,Favorability | Pos. testimonial | 2020P,estimate,0.2,1
table_da10,Favorability | Pos. testimonial | 2020P,std.error,0.2,1
table_da10,Favorability | Pos. testimonial | 2020P-2018,estimate,-0.5,1
table_da10,Favorability | Pos. testimonial | 2020P-2018,std.error,1.0,1
table_da10,Favorability | Pos. testimonial | 2020P-2020D,estimate,0.6,1
table_da10,Favorability | Pos. testimonial | 2020P-2020D,std.error,0.6,1
table_da10,Favorability | Pos. testimonial | Combined,estimate,0.2,1
table_da10,Favorability | Pos. testimonial | Combined,std.error,0.2,1
table_da10,Favorability | Pos. transfer of association | 2018,estimate,-0.2,1
table_da10,Favorability | Pos. transfer of association | 2018,std.error,0.8,1
table_da10,Favorability | Pos. transfer of association | 2020D,estimate,-0.5,1
table_da10,Favorability | Pos. transfer of association | 2020D,std.error,0.6,1
table_da10,Favorability | Pos. transfer of association | 2020D-2018,estimate,-0.2,1
table_da10,Favorability | Pos. transfer of association | 2020D-2018,std.error,1.0,1
table_da10,Favorability | Pos. transfer of association | 2020P,estimate,0.0,1
table_da10,Favorability | Pos. transfer of association | 2020P,std.error,0.2,1
table_da10,Favorability | Pos. transfer of association | 2020P-2018,estimate,0.3,1
table_da10,Favorability | Pos. transfer of association | 2020P-2018,std.error,0.8,1
table_da10,Favorability | Pos. transfer of association | 2020P-2020D,estimate,0.5,1
table_da10,Favorability | Pos. transfer of association | 2020P-2020D,std.error,0.7,1
table_da10,Favorability | Pos. transfer of association | Combined,estimate,0.0,1
table_da10,Favorability | Pos. transfer of association | Combined,std.error,0.2,1
table_da10,Favorability | R2 all predictors | 2018,value,0.22,2
table_da10,Favorability | R2 all predictors | 2020D,value,<0,0
table_da10,Favorability | R2 all predictors | 2020P,value,<0,0
table_da10,Favorability | R2 all vs control | 2018,value,<0,0
table_da10,Favorability | R2 all vs control | 2020D,value,<0,0
table_da10,Favorability | R2 all vs control | 2020P,value,<0,0
table_da10,Favorability | R2 all vs control | 2020P-2020D,p_diff,0.477,3
table_da10,Favorability | Race: Gov | 2018,estimate,2.3,1
table_da10,Favorability | Race: Gov | 2018,std.error,0.7,1
table_da10,Favorability | Race: Other | 2020D,estimate,-0.9,1
table_da10,Favorability | Race: Other | 2020D,std.error,0.6,1
table_da10,Favorability | Race: StateLeg | 2018,estimate,0.3,1
table_da10,Favorability | Race: StateLeg | 2018,std.error,1.0,1
table_da10,Favorability | Race: StateLeg | 2020D,estimate,-0.7,1
table_da10,Favorability | Race: StateLeg | 2020D,std.error,0.5,1
table_da10,Favorability | tau | 2018,value,1.47,2
table_da10,Favorability | tau | 2020D,value,0.86,2
table_da10,Favorability | tau | 2020P,value,0.46,2
table_da10,Vote choice | Intercept | 2018,estimate,1.4,1
table_da10,Vote choice | Intercept | 2018,std.error,0.8,1
table_da10,Vote choice | Intercept | 2020D,estimate,1.3,1
table_da10,Vote choice | Intercept | 2020D,std.error,0.4,1
table_da10,Vote choice | Intercept | 2020P,estimate,0.7,1
table_da10,Vote choice | Intercept | 2020P,std.error,0.1,1
table_da10,Vote choice | N treatments | 2018,value,101,0
table_da10,Vote choice | N treatments | 2020D,value,181,0
table_da10,Vote choice | N treatments | 2020P,value,292,0
table_da10,Vote choice | Neg. name-calling | 2018,estimate,0.8,1
table_da10,Vote choice | Neg. name-calling | 2018,std.error,1.1,1
table_da10,Vote choice | Neg. name-calling | 2020D,estimate,-0.2,1
table_da10,Vote choice | Neg. name-calling | 2020D,std.error,0.4,1
table_da10,Vote choice | Neg. name-calling | 2020D-2018,estimate,-1.1,1
table_da10,Vote choice | Neg. name-calling | 2020D-2018,std.error,1.1,1
table_da10,Vote choice | Neg. name-calling | 2020P,estimate,0.1,1
table_da10,Vote choice | Neg. name-calling | 2020P,std.error,0.2,1
table_da10,Vote choice | Neg. name-calling | 2020P-2018,estimate,-0.7,1
table_da10,Vote choice | Neg. name-calling | 2020P-2018,std.error,1.1,1
table_da10,Vote choice | Neg. name-calling | 2020P-2020D,estimate,0.4,1
table_da10,Vote choice | Neg. name-calling | 2020P-2020D,std.error,0.4,1
table_da10,Vote choice | Neg. name-calling | Combined,estimate,0.1,1
table_da10,Vote choice | Neg. name-calling | Combined,std.error,0.2,1
table_da10,Vote choice | Neg. testimonial | 2018,estimate,1.0,1
table_da10,Vote choice | Neg. testimonial | 2018,std.error,0.8,1
table_da10,Vote choice | Neg. testimonial | 2020D,estimate,0.6,1
table_da10,Vote choice | Neg. testimonial | 2020D,std.error,0.3,1
table_da10,Vote choice | Neg. testimonial | 2020D-2018,estimate,-0.4,1
table_da10,Vote choice | Neg. testimonial | 2020D-2018,std.error,0.9,1
table_da10,Vote choice | Neg. testimonial | 2020P,estimate,0.0,1
table_da10,Vote choice | Neg. testimonial | 2020P,std.error,0.2,1
table_da10,Vote choice | Neg. testimonial | 2020P-2018,estimate,-1.1,1
table_da10,Vote choice | Neg. testimonial | 2020P-2018,std.error,0.8,1
table_da10,Vote choice | Neg. testimonial | 2020P-2020D,estimate,-0.7,1
table_da10,Vote choice | Neg. testimonial | 2020P-2020D,std.error,0.4,1
table_da10,Vote choice | Neg. testimonial | Combined,estimate,0.1,1
table_da10,Vote choice | Neg. testimonial | Combined,std.error,0.1,1
table_da10,Vote choice | Neg. transfer of association | 2018,estimate,-0.2,1
table_da10,Vote choice | Neg. transfer of association | 2018,std.error,0.8,1
table_da10,Vote choice | Neg. transfer of association | 2020D,estimate,0.0,1
table_da10,Vote choice | Neg. transfer of association | 2020D,std.error,0.4,1
table_da10,Vote choice | Neg. transfer of association | 2020D-2018,estimate,0.2,1
table_da10,Vote choice | Neg. transfer of association | 2020D-2018,std.error,0.9,1
table_da10,Vote choice | Neg. transfer of association | 2020P,estimate,0.1,1
table_da10,Vote choice | Neg. transfer of association | 2020P,std.error,0.2,1
table_da10,Vote choice | Neg. transfer of association | 2020P-2018,estimate,0.3,1
table_da10,Vote choice | Neg. transfer of association | 2020P-2018,std.error,0.9,1
table_da10,Vote choice | Neg. transfer of association | 2020P-2020D,estimate,0.0,1
table_da10,Vote choice | Neg. transfer of association | 2020P-2020D,std.error,0.4,1
table_da10,Vote choice | Neg. transfer of association | Combined,estimate,0.1,1
table_da10,Vote choice | Neg. transfer of association | Combined,std.error,0.2,1
table_da10,Vote choice | Plain folks | 2018,estimate,1.2,1
table_da10,Vote choice | Plain folks | 2018,std.error,0.8,1
table_da10,Vote choice | Plain folks | 2020D,estimate,0.9,1
table_da10,Vote choice | Plain folks | 2020D,std.error,0.4,1
table_da10,Vote choice | Plain folks | 2020D-2018,estimate,-0.3,1
table_da10,Vote choice | Plain folks | 2020D-2018,std.error,0.9,1
table_da10,Vote choice | Plain folks | 2020P,estimate,0.3,1
table_da10,Vote choice | Plain folks | 2020P,std.error,0.2,1
table_da10,Vote choice | Plain folks | 2020P-2018,estimate,-0.9,1
table_da10,Vote choice | Plain folks | 2020P-2018,std.error,0.9,1
table_da10,Vote choice | Plain folks | 2020P-2020D,estimate,-0.6,1
table_da10,Vote choice | Plain folks | 2020P-2020D,std.error,0.5,1
table_da10,Vote choice | Plain folks | Combined,estimate,0.4,1
table_da10,Vote choice | Plain folks | Combined,std.error,0.2,1
table_da10,Vote choice | Pos. name-calling | 2018,estimate,-2.0,1
table_da10,Vote choice | Pos. name-calling | 2018,std.error,2.8,1
table_da10,Vote choice | Pos. name-calling | 2020D,estimate,-0.4,1
table_da10,Vote choice | Pos. name-calling | 2020D,std.error,0.6,1
table_da10,Vote choice | Pos. name-calling | 2020D-2018,estimate,1.6,1
table_da10,Vote choice | Pos. name-calling | 2020D-2018,std.error,2.8,1
table_da10,Vote choice | Pos. name-calling | 2020P,estimate,0.1,1
table_da10,Vote choice | Pos. name-calling | 2020P,std.error,0.2,1
table_da10,Vote choice | Pos. name-calling | 2020P-2018,estimate,2.1,1
table_da10,Vote choice | Pos. name-calling | 2020P-2018,std.error,2.8,1
table_da10,Vote choice | Pos. name-calling | 2020P-2020D,estimate,0.5,1
table_da10,Vote choice | Pos. name-calling | 2020P-2020D,std.error,0.7,1
table_da10,Vote choice | Pos. name-calling | Combined,estimate,0.0,1
table_da10,Vote choice | Pos. name-calling | Combined,std.error,0.2,1
table_da10,Vote choice | Pos. testimonial | 2018,estimate,-1.8,1
table_da10,Vote choice | Pos. testimonial | 2018,std.error,1.3,1
table_da10,Vote choice | Pos. testimonial | 2020D,estimate,-0.3,1
table_da10,Vote choice | Pos. testimonial | 2020D,std.error,0.4,1
table_da10,Vote choice | Pos. testimonial | 2020D-2018,estimate,1.5,1
table_da10,Vote choice | Pos. testimonial | 2020D-2018,std.error,1.4,1
table_da10,Vote choice | Pos. testimonial | 2020P,estimate,0.2,1
table_da10,Vote choice | Pos. testimonial | 2020P,std.error,0.2,1
table_da10,Vote choice | Pos. testimonial | 2020P-2018,estimate,1.9,1
table_da10,Vote choice | Pos. testimonial | 2020P-2018,std.error,1.3,1
table_da10,Vote choice | Pos. testimonial | 2020P-2020D,estimate,0.4,1
table_da10,Vote choice | Pos. testimonial | 2020P-2020D,std.error,0.5,1
table_da10,Vote choice | Pos. testimonial | Combined,estimate,0.1,1
table_da10,Vote choice | Pos. testimonial | Combined,std.error,0.1,1
table_da10,Vote choice | Pos. transfer of association | 2018,estimate,0.9,1
table_da10,Vote choice | Pos. transfer of association | 2018,std.error,1.1,1
table_da10,Vote choice | Pos. transfer of association | 2020D,estimate,1.0,1
table_da10,Vote choice | Pos. transfer of association | 2020D,std.error,0.5,1
table_da10,Vote choice | Pos. transfer of association | 2020D-2018,estimate,0.1,1
table_da10,Vote choice | Pos. transfer of association | 2020D-2018,std.error,1.1,1
table_da10,Vote choice | Pos. transfer of association | 2020P,estimate,0.0,1
table_da10,Vote choice | Pos. transfer of association | 2020P,std.error,0.2,1
table_da10,Vote choice | Pos. transfer of association | 2020P-2018,estimate,-0.8,1
table_da10,Vote choice | Pos. transfer of association | 2020P-2018,std.error,1.1,1
table_da10,Vote choice | Pos. transfer of association | 2020P-2020D,estimate,-0.9,1
table_da10,Vote choice | Pos. transfer of association | 2020P-2020D,std.error,0.5,1
table_da10,Vote choice | Pos. transfer of association | Combined,estimate,0.2,1
table_da10,Vote choice | Pos. transfer of association | Combined,std.error,0.2,1
table_da10,Vote choice | R2 all predictors | 2018,value,<0,0
table_da10,Vote choice | R2 all predictors | 2020D,value,0.52,2
table_da10,Vote choice | R2 all predictors | 2020P,value,<0,0
table_da10,Vote choice | R2 all vs control | 2018,value,0.00,2
table_da10,Vote choice | R2 all vs control | 2020D,value,0.40,2
table_da10,Vote choice | R2 all vs control | 2020P,value,<0,0
table_da10,Vote choice | R2 all vs control | 2020P-2020D,p_diff,0.212,3
table_da10,Vote choice | Race: GA Runoff | 2020D,estimate,-0.9,1
table_da10,Vote choice | Race: GA Runoff | 2020D,std.error,0.4,1
table_da10,Vote choice | Race: Gov | 2018,estimate,-0.6,1
table_da10,Vote choice | Race: Gov | 2018,std.error,1.2,1
table_da10,Vote choice | Race: Other | 2020D,estimate,-1.0,1
table_da10,Vote choice | Race: Other | 2020D,std.error,0.6,1
table_da10,Vote choice | Race: StateLeg | 2018,estimate,-0.9,1
table_da10,Vote choice | Race: StateLeg | 2018,std.error,2.3,1
table_da10,Vote choice | Race: StateLeg | 2020D,estimate,-1.5,1
table_da10,Vote choice | Race: StateLeg | 2020D,std.error,0.5,1
table_da10,Vote choice | tau | 2018,value,1.43,2
table_da10,Vote choice | tau | 2020D,value,0.33,2
table_da10,Vote choice | tau | 2020P,value,0.37,2
table_da11,Favorability | Intercept | 2018,estimate,2.5,1
table_da11,Favorability | Intercept | 2018,std.error,0.6,1
table_da11,Favorability | Intercept | 2020D,estimate,1.6,1
table_da11,Favorability | Intercept | 2020D,std.error,0.5,1
table_da11,Favorability | Intercept | 2020P,estimate,0.9,1
table_da11,Favorability | Intercept | 2020P,std.error,0.1,1
table_da11,Favorability | N treatments | 2018,value,30,0
table_da11,Favorability | N treatments | 2020D,value,45,0
table_da11,Favorability | N treatments | 2020P,value,66,0
table_da11,Favorability | R2 all predictors | 2018,value,0.59,2
table_da11,Favorability | R2 all predictors | 2020D,value,0.39,2
table_da11,Favorability | R2 all predictors | 2020P,value,0.08,2
table_da11,Favorability | R2 all vs control | 2018,value,<0,0
table_da11,Favorability | R2 all vs control | 2020D,value,0.34,2
table_da11,Favorability | R2 all vs control | 2020P,value,0.08,2
table_da11,Favorability | R2 all vs control | 2020P-2020D,p_diff,0.001,3
table_da11,Favorability | Race: Gov | 2018,estimate,4.9,1
table_da11,Favorability | Race: Gov | 2018,std.error,1.1,1
table_da11,Favorability | Race: Other | 2020D,estimate,-1.7,1
table_da11,Favorability | Race: Other | 2020D,std.error,0.9,1
table_da11,Favorability | Race: StateLeg | 2020D,estimate,-1.7,1
table_da11,Favorability | Race: StateLeg | 2020D,std.error,0.7,1
table_da11,Favorability | Specificity: Candidate facts | 2018,estimate,-0.1,1
table_da11,Favorability | Specificity: Candidate facts | 2018,std.error,0.8,1
table_da11,Favorability | Specificity: Candidate facts | 2020D,estimate,1.7,1
table_da11,Favorability | Specificity: Candidate facts | 2020D,std.error,0.5,1
table_da11,Favorability | Specificity: Candidate facts | 2020D-2018,estimate,1.8,1
table_da11,Favorability | Specificity: Candidate facts | 2020D-2018,std.error,1.0,1
table_da11,Favorability | Specificity: Candidate facts | 2020P,estimate,-0.2,1
table_da11,Favorability | Specificity: Candidate facts | 2020P,std.error,0.2,1
table_da11,Favorability | Specificity: Candidate facts | 2020P-2018,estimate,-0.1,1
table_da11,Favorability | Specificity: Candidate facts | 2020P-2018,std.error,0.8,1
table_da11,Favorability | Specificity: Candidate facts | 2020P-2020D,estimate,-2.0,1
table_da11,Favorability | Specificity: Candidate facts | 2020P-2020D,std.error,0.5,1
table_da11,Favorability | Specificity: Candidate facts | Combined,estimate,0.0,1
table_da11,Favorability | Specificity: Candidate facts | Combined,std.error,0.2,1
table_da11,Favorability | tau | 2018,value,1.49,2
table_da11,Favorability | tau | 2020D,value,0.80,2
table_da11,Favorability | tau | 2020P,value,0.31,2
table_da11,Vote choice | Intercept | 2018,estimate,1.3,1
table_da11,Vote choice | Intercept | 2018,std.error,0.8,1
table_da11,Vote choice | Intercept | 2020D,estimate,1.7,1
table_da11,Vote choice | Intercept | 2020D,std.error,0.6,1
table_da11,Vote choice | Intercept | 2020P,estimate,0.9,1
table_da11,Vote choice | Intercept | 2020P,std.error,0.1,1
table_da11,Vote choice | N treatments | 2018,value,22,0
table_da11,Vote choice | N treatments | 2020D,value,66,0
table_da11,Vote choice | N treatments | 2020P,value,118,0
table_da11,Vote choice | R2 all predictors | 2018,value,<0,0
table_da11,Vote choice | R2 all predictors | 2020D,value,0.20,2
table_da11,Vote choice | R2 all predictors | 2020P,value,0.02,2
table_da11,Vote choice | R2 all vs control | 2018,value,<0,0
table_da11,Vote choice | R2 all vs control | 2020D,value,0.02,2
table_da11,Vote choice | R2 all vs control | 2020P,value,0.02,2
table_da11,Vote choice | R2 all vs control | 2020P-2020D,p_diff,0.107,3
table_da11,Vote choice | Race: GA Runoff | 2020D,estimate,-0.4,1
table_da11,Vote choice | Race: GA Runoff | 2020D,std.error,0.7,1
table_da11,Vote choice | Race: Other | 2020D,estimate,-1.2,1
table_da11,Vote choice | Race: Other | 2020D,std.error,0.9,1
table_da11,Vote choice | Race: StateLeg | 2020D,estimate,-2.2,1
table_da11,Vote choice | Race: StateLeg | 2020D,std.error,0.8,1
table_da11,Vote choice | Specificity: Candidate facts | 2018,estimate,1.3,1
table_da11,Vote choice | Specificity: Candidate facts | 2018,std.error,1.0,1
table_da11,Vote choice | Specificity: Candidate facts | 2020D,estimate,0.4,1
table_da11,Vote choice | Specificity: Candidate facts | 2020D,std.error,0.5,1
table_da11,Vote choice | Specificity: Candidate facts | 2020D-2018,estimate,-0.9,1
table_da11,Vote choice | Specificity: Candidate facts | 2020D-2018,std.error,1.1,1
table_da11,Vote choice | Specificity: Candidate facts | 2020P,estimate,-0.3,1
table_da11,Vote choice | Specificity: Candidate facts | 2020P,std.error,0.2,1
table_da11,Vote choice | Specificity: Candidate facts | 2020P-2018,estimate,-1.7,1
table_da11,Vote choice | Specificity: Candidate facts | 2020P-2018,std.error,1.0,1
table_da11,Vote choice | Specificity: Candidate facts | 2020P-2020D,estimate,-0.8,1
table_da11,Vote choice | Specificity: Candidate facts | 2020P-2020D,std.error,0.5,1
table_da11,Vote choice | Specificity: Candidate facts | Combined,estimate,-0.2,1
table_da11,Vote choice | Specificity: Candidate facts | Combined,std.error,0.2,1
table_da11,Vote choice | tau | 2018,value,1.92,2
table_da11,Vote choice | tau | 2020D,value,0.82,2
table_da11,Vote choice | tau | 2020P,value,0.47,2
table_da12,Favorability | Intercept | 2018,estimate,2.8,1
table_da12,Favorability | Intercept | 2018,std.error,0.5,1
table_da12,Favorability | Intercept | 2020D,estimate,1.4,1
table_da12,Favorability | Intercept | 2020D,std.error,0.3,1
table_da12,Favorability | Intercept | 2020P,estimate,1.1,1
table_da12,Favorability | Intercept | 2020P,std.error,0.1,1
table_da12,Favorability | N treatments | 2018,value,63,0
table_da12,Favorability | N treatments | 2020D,value,88,0
table_da12,Favorability | N treatments | 2020P,value,69,0
table_da12,Favorability | R2 all predictors | 2018,value,0.17,2
table_da12,Favorability | R2 all predictors | 2020D,value,0.11,2
table_da12,Favorability | R2 all predictors | 2020P,value,0.24,2
table_da12,Favorability | R2 all vs control | 2018,value,<0,0
table_da12,Favorability | R2 all vs control | 2020D,value,<0,0
table_da12,Favorability | R2 all vs control | 2020P,value,0.24,2
table_da12,Favorability | R2 all vs control | 2020P-2020D,p_diff,0.632,3
table_da12,Favorability | Race: Gov | 2018,estimate,1.5,1
table_da12,Favorability | Race: Gov | 2018,std.error,0.8,1
table_da12,Favorability | Race: Other | 2020D,estimate,-0.9,1
table_da12,Favorability | Race: Other | 2020D,std.error,0.7,1
table_da12,Favorability | Race: StateLeg | 2018,estimate,-1.3,1
table_da12,Favorability | Race: StateLeg | 2018,std.error,1.9,1
table_da12,Favorability | Race: StateLeg | 2020D,estimate,-1.5,1
table_da12,Favorability | Race: StateLeg | 2020D,std.error,0.5,1
table_da12,Favorability | Specificity: Policy facts | 2018,estimate,-0.2,1
table_da12,Favorability | Specificity: Policy facts | 2018,std.error,0.6,1
table_da12,Favorability | Specificity: Policy facts | 2020D,estimate,0.5,1
table_da12,Favorability | Specificity: Policy facts | 2020D,std.error,0.4,1
table_da12,Favorability | Specificity: Policy facts | 2020D-2018,estimate,0.7,1
table_da12,Favorability | Specificity: Policy facts | 2020D-2018,std.error,0.7,1
table_da12,Favorability | Specificity: Policy facts | 2020P,estimate,0.4,1
table_da12,Favorability | Specificity: Policy facts | 2020P,std.error,0.2,1
table_da12,Favorability | Specificity: Policy facts | 2020P-2018,estimate,0.6,1
table_da12,Favorability | Specificity: Policy facts | 2020P-2018,std.error,0.7,1
table_da12,Favorability | Specificity: Policy facts | 2020P-2020D,estimate,-0.1,1
table_da12,Favorability | Specificity: Policy facts | 2020P-2020D,std.error,0.4,1
table_da12,Favorability | Specificity: Policy facts | Combined,estimate,0.4,1
table_da12,Favorability | Specificity: Policy facts | Combined,std.error,0.1,1
table_da12,Favorability | tau | 2018,value,1.77,2
table_da12,Favorability | tau | 2020D,value,0.78,2
table_da12,Favorability | tau | 2020P,value,0.30,2
table_da12,Vote choice | Intercept | 2018,estimate,3.1,1
table_da12,Vote choice | Intercept | 2018,std.error,0.7,1
table_da12,Vote choice | Intercept | 2020D,estimate,1.8,1
table_da12,Vote choice | Intercept | 2020D,std.error,0.3,1
table_da12,Vote choice | Intercept | 2020P,estimate,0.8,1
table_da12,Vote choice | Intercept | 2020P,std.error,0.1,1
table_da12,Vote choice | N treatments | 2018,value,44,0
table_da12,Vote choice | N treatments | 2020D,value,106,0
table_da12,Vote choice | N treatments | 2020P,value,120,0
table_da12,Vote choice | R2 all predictors | 2018,value,<0,0
table_da12,Vote choice | R2 all predictors | 2020D,value,0.56,2
table_da12,Vote choice | R2 all predictors | 2020P,value,0.10,2
table_da12,Vote choice | R2 all vs control | 2018,value,<0,0
table_da12,Vote choice | R2 all vs control | 2020D,value,<0,0
table_da12,Vote choice | R2 all vs control | 2020P,value,0.10,2
table_da12,Vote choice | R2 all vs control | 2020P-2020D,p_diff,0.747,3
table_da12,Vote choice | Race: GA Runoff | 2020D,estimate,-1.4,1
table_da12,Vote choice | Race: GA Runoff | 2020D,std.error,0.5,1
table_da12,Vote choice | Race: Gov | 2018,estimate,-2.1,1
table_da12,Vote choice | Race: Gov | 2018,std.error,1.4,1
table_da12,Vote choice | Race: Other | 2020D,estimate,-0.3,1
table_da12,Vote choice | Race: Other | 2020D,std.error,0.6,1
table_da12,Vote choice | Race: StateLeg | 2018,estimate,-1.4,1
table_da12,Vote choice | Race: StateLeg | 2018,std.error,3.3,1
table_da12,Vote choice | Race: StateLeg | 2020D,estimate,-2.2,1
table_da12,Vote choice | Race: StateLeg | 2020D,std.error,0.5,1
table_da12,Vote choice | Specificity: Policy facts | 2018,estimate,-0.2,1
table_da12,Vote choice | Specificity: Policy facts | 2018,std.error,0.8,1
table_da12,Vote choice | Specificity: Policy facts | 2020D,estimate,0.0,1
table_da12,Vote choice | Specificity: Policy facts | 2020D,std.error,0.3,1
table_da12,Vote choice | Specificity: Policy facts | 2020D-2018,estimate,0.1,1
table_da12,Vote choice | Specificity: Policy facts | 2020D-2018,std.error,0.9,1
table_da12,Vote choice | Specificity: Policy facts | 2020P,estimate,0.2,1
table_da12,Vote choice | Specificity: Policy facts | 2020P,std.error,0.1,1
table_da12,Vote choice | Specificity: Policy facts | 2020P-2018,estimate,0.4,1
table_da12,Vote choice | Specificity: Policy facts | 2020P-2018,std.error,0.8,1
table_da12,Vote choice | Specificity: Policy facts | 2020P-2020D,estimate,0.2,1
table_da12,Vote choice | Specificity: Policy facts | 2020P-2020D,std.error,0.3,1
table_da12,Vote choice | Specificity: Policy facts | Combined,estimate,0.1,1
table_da12,Vote choice | Specificity: Policy facts | Combined,std.error,0.1,1
table_da12,Vote choice | tau | 2018,value,1.95,2
table_da12,Vote choice | tau | 2020D,value,0.27,2
table_da12,Vote choice | tau | 2020P,value,0.26,2
table_da13,Favorability | Intercept | 2018,estimate,1.8,1
table_da13,Favorability | Intercept | 2018,std.error,0.5,1
table_da13,Favorability | Intercept | 2020D,estimate,0.6,1
table_da13,Favorability | Intercept | 2020D,std.error,0.5,1
table_da13,Favorability | Intercept | 2020P,estimate,1.0,1
table_da13,Favorability | Intercept | 2020P,std.error,0.1,1
table_da13,Favorability | N treatments | 2018,value,131,0
table_da13,Favorability | N treatments | 2020D,value,131,0
table_da13,Favorability | N treatments | 2020P,value,170,0
table_da13,Favorability | Production value: High | 2018,estimate,0.6,1
table_da13,Favorability | Production value: High | 2018,std.error,0.6,1
table_da13,Favorability | Production value: High | 2020D,estimate,1.4,1
table_da13,Favorability | Production value: High | 2020D,std.error,0.5,1
table_da13,Favorability | Production value: High | 2020D-2018,estimate,0.8,1
table_da13,Favorability | Production value: High | 2020D-2018,std.error,0.8,1
table_da13,Favorability | Production value: High | 2020P,estimate,-0.1,1
table_da13,Favorability | Production value: High | 2020P,std.error,0.2,1
table_da13,Favorability | Production value: High | 2020P-2018,estimate,-0.7,1
table_da13,Favorability | Production value: High | 2020P-2018,std.error,0.6,1
table_da13,Favorability | Production value: High | 2020P-2020D,estimate,-1.5,1
table_da13,Favorability | Production value: High | 2020P-2020D,std.error,0.6,1
table_da13,Favorability | Production value: High | Combined,estimate,0.1,1
table_da13,Favorability | Production value: High | Combined,std.error,0.2,1
table_da13,Favorability | R2 all predictors | 2018,value,0.27,2
table_da13,Favorability | R2 all predictors | 2020D,value,0.13,2
table_da13,Favorability | R2 all predictors | 2020P,value,<0,0
table_da13,Favorability | R2 all vs control | 2018,value,<0,0
table_da13,Favorability | R2 all vs control | 2020D,value,0.10,2
table_da13,Favorability | R2 all vs control | 2020P,value,<0,0
table_da13,Favorability | R2 all vs control | 2020P-2020D,p_diff,0.027,3
table_da13,Favorability | Race: Gov | 2018,estimate,2.2,1
table_da13,Favorability | Race: Gov | 2018,std.error,0.7,1
table_da13,Favorability | Race: Other | 2020D,estimate,-1.0,1
table_da13,Favorability | Race: Other | 2020D,std.error,0.5,1
table_da13,Favorability | Race: StateLeg | 2018,estimate,0.3,1
table_da13,Favorability | Race: StateLeg | 2018,std.error,1.0,1
table_da13,Favorability | Race: StateLeg | 2020D,estimate,-0.7,1
table_da13,Favorability | Race: StateLeg | 2020D,std.error,0.4,1
table_da13,Favorability | tau | 2018,value,1.43,2
table_da13,Favorability | tau | 2020D,value,0.79,2
table_da13,Favorability | tau | 2020P,value,0.44,2
table_da13,Vote choice | Intercept | 2018,estimate,2.0,1
table_da13,Vote choice | Intercept | 2018,std.error,0.6,1
table_da13,Vote choice | Intercept | 2020D,estimate,1.0,1
table_da13,Vote choice | Intercept | 2020D,std.error,0.4,1
table_da13,Vote choice | Intercept | 2020P,estimate,0.9,1
table_da13,Vote choice | Intercept | 2020P,std.error,0.1,1
table_da13,Vote choice | N treatments | 2018,value,101,0
table_da13,Vote choice | N treatments | 2020D,value,181,0
table_da13,Vote choice | N treatments | 2020P,value,292,0
table_da13,Vote choice | Production value: High | 2018,estimate,0.4,1
table_da13,Vote choice | Production value: High | 2018,std.error,0.8,1
table_da13,Vote choice | Production value: High | 2020D,estimate,0.8,1
table_da13,Vote choice | Production value: High | 2020D,std.error,0.4,1
table_da13,Vote choice | Production value: High | 2020D-2018,estimate,0.4,1
table_da13,Vote choice | Production value: High | 2020D-2018,std.error,0.9,1
table_da13,Vote choice | Production value: High | 2020P,estimate,0.0,1
table_da13,Vote choice | Production value: High | 2020P,std.error,0.1,1
table_da13,Vote choice | Production value: High | 2020P-2018,estimate,-0.4,1
table_da13,Vote choice | Production value: High | 2020P-2018,std.error,0.8,1
table_da13,Vote choice | Production value: High | 2020P-2020D,estimate,-0.9,1
table_da13,Vote choice | Production value: High | 2020P-2020D,std.error,0.4,1
table_da13,Vote choice | Production value: High | Combined,estimate,0.1,1
table_da13,Vote choice | Production value: High | Combined,std.error,0.1,1
table_da13,Vote choice | R2 all predictors | 2018,value,<0,0
table_da13,Vote choice | R2 all predictors | 2020D,value,0.31,2
table_da13,Vote choice | R2 all predictors | 2020P,value,<0,0
table_da13,Vote choice | R2 all vs control | 2018,value,<0,0
table_da13,Vote choice | R2 all vs control | 2020D,value,0.14,2
table_da13,Vote choice | R2 all vs control | 2020P,value,<0,0
table_da13,Vote choice | R2 all vs control | 2020P-2020D,p_diff,0.132,3
table_da13,Vote choice | Race: GA Runoff | 2020D,estimate,-0.5,1
table_da13,Vote choice | Race: GA Runoff | 2020D,std.error,0.4,1
table_da13,Vote choice | Race: Gov | 2018,estimate,-0.3,1
table_da13,Vote choice | Race: Gov | 2018,std.error,1.2,1
table_da13,Vote choice | Race: Other | 2020D,estimate,-0.3,1
table_da13,Vote choice | Race: Other | 2020D,std.error,0.5,1
table_da13,Vote choice | Race: StateLeg | 2018,estimate,-0.3,1
table_da13,Vote choice | Race: StateLeg | 2018,std.error,2.2,1
table_da13,Vote choice | Race: StateLeg | 2020D,estimate,-1.6,1
table_da13,Vote choice | Race: StateLeg | 2020D,std.error,0.5,1
table_da13,Vote choice | tau | 2018,value,1.45,2
table_da13,Vote choice | tau | 2020D,value,0.39,2
table_da13,Vote choice | tau | 2020P,value,0.35,2
table_da14,Favorability | Intercept | 2018,estimate,2.1,1
table_da14,Favorability | Intercept | 2018,std.error,0.3,1
table_da14,Favorability | Intercept | 2020D,estimate,1.7,1
table_da14,Favorability | Intercept | 2020D,std.error,0.2,1
table_da14,Favorability | Intercept | 2020P,estimate,1.0,1
table_da14,Favorability | Intercept | 2020P,std.error,0.1,1
table_da14,Favorability | Messenger: Politician | 2018,estimate,2.1,1
table_da14,Favorability | Messenger: Politician | 2018,std.error,0.8,1
table_da14,Favorability | Messenger: Politician | 2020D,estimate,0.7,1
table_da14,Favorability | Messenger: Politician | 2020D,std.error,0.6,1
table_da14,Favorability | Messenger: Politician | 2020D-2018,estimate,-1.4,1
table_da14,Favorability | Messenger: Politician | 2020D-2018,std.error,1.0,1
table_da14,Favorability | Messenger: Politician | 2020P,estimate,-0.3,1
table_da14,Favorability | Messenger: Politician | 2020P,std.error,0.2,1
table_da14,Favorability | Messenger: Politician | 2020P-2018,estimate,-2.4,1
table_da14,Favorability | Messenger: Politician | 2020P-2018,std.error,0.8,1
table_da14,Favorability | Messenger: Politician | 2020P-2020D,estimate,-1.0,1
table_da14,Favorability | Messenger: Politician | 2020P-2020D,std.error,0.6,1
table_da14,Favorability | Messenger: Politician | Combined,estimate,-0.1,1
table_da14,Favorability | Messenger: Politician | Combined,std.error,0.2,1
table_da14,Favorability | N treatments | 2018,value,131,0
table_da14,Favorability | N treatments | 2020D,value,131,0
table_da14,Favorability | N treatments | 2020P,value,170,0
table_da14,Favorability | R2 all predictors | 2018,value,0.31,2
table_da14,Favorability | R2 all predictors | 2020D,value,0.07,2
table_da14,Favorability | R2 all predictors | 2020P,value,0.05,2
table_da14,Favorability | R2 all vs control | 2018,value,0.05,2
table_da14,Favorability | R2 all vs control | 2020D,value,0.03,2
table_da14,Favorability | R2 all vs control | 2020P,value,0.05,2
table_da14,Favorability | R2 all vs control | 2020P-2020D,p_diff,0.005,3
table_da14,Favorability | Race: Gov | 2018,estimate,1.8,1
table_da14,Favorability | Race: Gov | 2018,std.error,0.7,1
table_da14,Favorability | Race: Other | 2020D,estimate,-1.1,1
table_da14,Favorability | Race: Other | 2020D,std.error,0.6,1
table_da14,Favorability | Race: StateLeg | 2018,estimate,0.3,1
table_da14,Favorability | Race: StateLeg | 2018,std.error,1.0,1
table_da14,Favorability | Race: StateLeg | 2020D,estimate,-0.9,1
table_da14,Favorability | Race: StateLeg | 2020D,std.error,0.4,1
table_da14,Favorability | tau | 2018,value,1.39,2
table_da14,Favorability | tau | 2020D,value,0.82,2
table_da14,Favorability | tau | 2020P,value,0.43,2
table_da14,Vote choice | Intercept | 2018,estimate,2.3,1
table_da14,Vote choice | Intercept | 2018,std.error,0.4,1
table_da14,Vote choice | Intercept | 2020D,estimate,1.7,1
table_da14,Vote choice | Intercept | 2020D,std.error,0.3,1
table_da14,Vote choice | Intercept | 2020P,estimate,0.9,1
table_da14,Vote choice | Intercept | 2020P,std.error,0.1,1
table_da14,Vote choice | Messenger: Politician | 2018,estimate,-0.3,1
table_da14,Vote choice | Messenger: Politician | 2018,std.error,1.4,1
table_da14,Vote choice | Messenger: Politician | 2020D,estimate,0.7,1
table_da14,Vote choice | Messenger: Politician | 2020D,std.error,0.5,1
table_da14,Vote choice | Messenger: Politician | 2020D-2018,estimate,0.9,1
table_da14,Vote choice | Messenger: Politician | 2020D-2018,std.error,1.5,1
table_da14,Vote choice | Messenger: Politician | 2020P,estimate,-0.1,1
table_da14,Vote choice | Messenger: Politician | 2020P,std.error,0.2,1
table_da14,Vote choice | Messenger: Politician | 2020P-2018,estimate,0.2,1
table_da14,Vote choice | Messenger: Politician | 2020P-2018,std.error,1.4,1
table_da14,Vote choice | Messenger: Politician | 2020P-2020D,estimate,-0.7,1
table_da14,Vote choice | Messenger: Politician | 2020P-2020D,std.error,0.5,1
table_da14,Vote choice | Messenger: Politician | Combined,estimate,0.0,1
table_da14,Vote choice | Messenger: Politician | Combined,std.error,0.2,1
table_da14,Vote choice | N treatments | 2018,value,101,0
table_da14,Vote choice | N treatments | 2020D,value,181,0
table_da14,Vote choice | N treatments | 2020P,value,292,0
table_da14,Vote choice | R2 all predictors | 2018,value,<0,0
table_da14,Vote choice | R2 all predictors | 2020D,value,0.20,2
table_da14,Vote choice | R2 all predictors | 2020P,value,<0,0
table_da14,Vote choice | R2 all vs control | 2018,value,<0,0
table_da14,Vote choice | R2 all vs control | 2020D,value,0.00,2
table_da14,Vote choice | R2 all vs control | 2020P,value,<0,0
table_da14,Vote choice | R2 all vs control | 2020P-2020D,p_diff,0.362,3
table_da14,Vote choice | Race: GA Runoff | 2020D,estimate,-0.7,1
table_da14,Vote choice | Race: GA Runoff | 2020D,std.error,0.4,1
table_da14,Vote choice | Race: Gov | 2018,estimate,-0.4,1
table_da14,Vote choice | Race: Gov | 2018,std.error,1.2,1
table_da14,Vote choice | Race: Other | 2020D,estimate,-0.3,1
table_da14,Vote choice | Race: Other | 2020D,std.error,0.5,1
table_da14,Vote choice | Race: StateLeg | 2018,estimate,-0.2,1
table_da14,Vote choice | Race: StateLeg | 2018,std.error,2.2,1
table_da14,Vote choice | Race: StateLeg | 2020D,estimate,-1.7,1
table_da14,Vote choice | Race: StateLeg | 2020D,std.error,0.5,1
table_da14,Vote choice | tau | 2018,value,1.44,2
table_da14,Vote choice | tau | 2020D,value,0.42,2
table_da14,Vote choice | tau | 2020P,value,0.35,2
table_da15,Favorability | Intercept | 2018,estimate,2.2,1
table_da15,Favorability | Intercept | 2018,std.error,0.3,1
table_da15,Favorability | Intercept | 2020D,estimate,1.6,1
table_da15,Favorability | Intercept | 2020D,std.error,0.3,1
table_da15,Favorability | Intercept | 2020P,estimate,0.8,1
table_da15,Favorability | Intercept | 2020P,std.error,0.1,1
table_da15,Favorability | Messenger: Female | 2018,estimate,0.1,1
table_da15,Favorability | Messenger: Female | 2018,std.error,0.4,1
table_da15,Favorability | Messenger: Female | 2020D,estimate,0.2,1
table_da15,Favorability | Messenger: Female | 2020D,std.error,0.3,1
table_da15,Favorability | Messenger: Female | 2020D-2018,estimate,0.1,1
table_da15,Favorability | Messenger: Female | 2020D-2018,std.error,0.6,1
table_da15,Favorability | Messenger: Female | 2020P,estimate,0.3,1
table_da15,Favorability | Messenger: Female | 2020P,std.error,0.1,1
table_da15,Favorability | Messenger: Female | 2020P-2018,estimate,0.2,1
table_da15,Favorability | Messenger: Female | 2020P-2018,std.error,0.5,1
table_da15,Favorability | Messenger: Female | 2020P-2020D,estimate,0.1,1
table_da15,Favorability | Messenger: Female | 2020P-2020D,std.error,0.4,1
table_da15,Favorability | Messenger: Female | Combined,estimate,0.3,1
table_da15,Favorability | Messenger: Female | Combined,std.error,0.1,1
table_da15,Favorability | N treatments | 2018,value,131,0
table_da15,Favorability | N treatments | 2020D,value,131,0
table_da15,Favorability | N treatments | 2020P,value,170,0
table_da15,Favorability | R2 all predictors | 2018,value,0.26,2
table_da15,Favorability | R2 all predictors | 2020D,value,0.04,2
table_da15,Favorability | R2 all predictors | 2020P,value,0.10,2
table_da15,Favorability | R2 all vs control | 2018,value,<0,0
table_da15,Favorability | R2 all vs control | 2020D,value,<0,0
table_da15,Favorability | R2 all vs control | 2020P,value,0.10,2
table_da15,Favorability | R2 all vs control | 2020P-2020D,p_diff,0.876,3
table_da15,Favorability | Race: Gov | 2018,estimate,2.3,1
table_da15,Favorability | Race: Gov | 2018,std.error,0.7,1
table_da15,Favorability | Race: Other | 2020D,estimate,-1.1,1
table_da15,Favorability | Race: Other | 2020D,std.error,0.6,1
table_da15,Favorability | Race: StateLeg | 2018,estimate,0.2,1
table_da15,Favorability | Race: StateLeg | 2018,std.error,1.0,1
table_da15,Favorability | Race: StateLeg | 2020D,estimate,-0.9,1
table_da15,Favorability | Race: StateLeg | 2020D,std.error,0.4,1
table_da15,Favorability | tau | 2018,value,1.44,2
table_da15,Favorability | tau | 2020D,value,0.83,2
table_da15,Favorability | tau | 2020P,value,0.42,2
table_da15,Vote choice | Intercept | 2018,estimate,2.0,1
table_da15,Vote choice | Intercept | 2018,std.error,0.4,1
table_da15,Vote choice | Intercept | 2020D,estimate,2.0,1
table_da15,Vote choice | Intercept | 2020D,std.error,0.3,1
table_da15,Vote choice | Intercept | 2020P,estimate,0.8,1
table_da15,Vote choice | Intercept | 2020P,std.error,0.1,1
table_da15,Vote choice | Messenger: Female | 2018,estimate,1.1,1
table_da15,Vote choice | Messenger: Female | 2018,std.error,0.6,1
table_da15,Vote choice | Messenger: Female | 2020D,estimate,-0.3,1
table_da15,Vote choice | Messenger: Female | 2020D,std.error,0.3,1
table_da15,Vote choice | Messenger: Female | 2020D-2018,estimate,-1.4,1
table_da15,Vote choice | Messenger: Female | 2020D-2018,std.error,0.6,1
table_da15,Vote choice | Messenger: Female | 2020P,estimate,0.2,1
table_da15,Vote choice | Messenger: Female | 2020P,std.error,0.1,1
table_da15,Vote choice | Messenger: Female | 2020P-2018,estimate,-0.8,1
table_da15,Vote choice | Messenger: Female | 2020P-2018,std.error,0.6,1
table_da15,Vote choice | Messenger: Female | 2020P-2020D,estimate,0.6,1
table_da15,Vote choice | Messenger: Female | 2020P-2020D,std.error,0.3,1
table_da15,Vote choice | Messenger: Female | Combined,estimate,0.2,1
table_da15,Vote choice | Messenger: Female | Combined,std.error,0.1,1
table_da15,Vote choice | N treatments | 2018,value,101,0
table_da15,Vote choice | N treatments | 2020D,value,181,0
table_da15,Vote choice | N treatments | 2020P,value,292,0
table_da15,Vote choice | R2 all predictors | 2018,value,0.01,2
table_da15,Vote choice | R2 all predictors | 2020D,value,0.22,2
table_da15,Vote choice | R2 all predictors | 2020P,value,0.09,2
table_da15,Vote choice | R2 all vs control | 2018,value,0.03,2
table_da15,Vote choice | R2 all vs control | 2020D,value,0.03,2
table_da15,Vote choice | R2 all vs control | 2020P,value,0.09,2
table_da15,Vote choice | R2 all vs control | 2020P-2020D,p_diff,0.048,3
table_da15,Vote choice | Race: GA Runoff | 2020D,estimate,-0.8,1
table_da15,Vote choice | Race: GA Runoff | 2020D,std.error,0.4,1
table_da15,Vote choice | Race: Gov | 2018,estimate,-0.7,1
table_da15,Vote choice | Race: Gov | 2018,std.error,1.2,1
table_da15,Vote choice | Race: Other | 2020D,estimate,-0.5,1
table_da15,Vote choice | Race: Other | 2020D,std.error,0.5,1
table_da15,Vote choice | Race: StateLeg | 2018,estimate,-0.8,1
table_da15,Vote choice | Race: StateLeg | 2018,std.error,2.2,1
table_da15,Vote choice | Race: StateLeg | 2020D,estimate,-1.8,1
table_da15,Vote choice | Race: StateLeg | 2020D,std.error,0.5,1
table_da15,Vote choice | tau | 2018,value,1.41,2
table_da15,Vote choice | tau | 2020D,value,0.42,2
table_da15,Vote choice | tau | 2020P,value,0.33,2
table_da16,Favorability | Explicit vote for | 2018,estimate,1.1,1
table_da16,Favorability | Explicit vote for | 2018,std.error,0.6,1
table_da16,Favorability | Explicit vote for | 2020D,estimate,-1.1,1
table_da16,Favorability | Explicit vote for | 2020D,std.error,0.4,1
table_da16,Favorability | Explicit vote for | 2020D-2018,estimate,-2.2,1
table_da16,Favorability | Explicit vote for | 2020D-2018,std.error,0.7,1
table_da16,Favorability | Explicit vote for | 2020P,estimate,0.3,1
table_da16,Favorability | Explicit vote for | 2020P,std.error,0.2,1
table_da16,Favorability | Explicit vote for | 2020P-2018,estimate,-0.8,1
table_da16,Favorability | Explicit vote for | 2020P-2018,std.error,0.6,1
table_da16,Favorability | Explicit vote for | 2020P-2020D,estimate,1.4,1
table_da16,Favorability | Explicit vote for | 2020P-2020D,std.error,0.5,1
table_da16,Favorability | Explicit vote for | Combined,estimate,0.1,1
table_da16,Favorability | Explicit vote for | Combined,std.error,0.2,1
table_da16,Favorability | Intercept | 2018,estimate,1.9,1
table_da16,Favorability | Intercept | 2018,std.error,0.3,1
table_da16,Favorability | Intercept | 2020D,estimate,2.5,1
table_da16,Favorability | Intercept | 2020D,std.error,0.3,1
table_da16,Favorability | Intercept | 2020P,estimate,0.8,1
table_da16,Favorability | Intercept | 2020P,std.error,0.1,1
table_da16,Favorability | N treatments | 2018,value,131,0
table_da16,Favorability | N treatments | 2020D,value,131,0
table_da16,Favorability | N treatments | 2020P,value,170,0
table_da16,Favorability | R2 all predictors | 2018,value,0.33,2
table_da16,Favorability | R2 all predictors | 2020D,value,0.06,2
table_da16,Favorability | R2 all predictors | 2020P,value,0.01,2
table_da16,Favorability | R2 all vs control | 2018,value,0.07,2
table_da16,Favorability | R2 all vs control | 2020D,value,0.02,2
table_da16,Favorability | R2 all vs control | 2020P,value,0.01,2
table_da16,Favorability | R2 all vs control | 2020P-2020D,p_diff,0.001,3
table_da16,Favorability | Race: Gov | 2018,estimate,2.0,1
table_da16,Favorability | Race: Gov | 2018,std.error,0.7,1
table_da16,Favorability | Race: Other | 2020D,estimate,-1.6,1
table_da16,Favorability | Race: Other | 2020D,std.error,0.6,1
table_da16,Favorability | Race: StateLeg | 2018,estimate,-0.2,1
table_da16,Favorability | Race: StateLeg | 2018,std.error,1.0,1
table_da16,Favorability | Race: StateLeg | 2020D,estimate,-1.2,1
table_da16,Favorability | Race: StateLeg | 2020D,std.error,0.5,1
table_da16,Favorability | tau | 2018,value,1.37,2
table_da16,Favorability | tau | 2020D,value,0.82,2
table_da16,Favorability | tau | 2020P,value,0.44,2
table_da16,Vote choice | Explicit vote for | 2018,estimate,1.9,1
table_da16,Vote choice | Explicit vote for | 2018,std.error,0.7,1
table_da16,Vote choice | Explicit vote for | 2020D,estimate,0.2,1
table_da16,Vote choice | Explicit vote for | 2020D,std.error,0.4,1
table_da16,Vote choice | Explicit vote for | 2020D-2018,estimate,-1.8,1
table_da16,Vote choice | Explicit vote for | 2020D-2018,std.error,0.8,1
table_da16,Vote choice | Explicit vote for | 2020P,estimate,0.3,1
table_da16,Vote choice | Explicit vote for | 2020P,std.error,0.2,1
table_da16,Vote choice | Explicit vote for | 2020P-2018,estimate,-1.7,1
table_da16,Vote choice | Explicit vote for | 2020P-2018,std.error,0.7,1
table_da16,Vote choice | Explicit vote for | 2020P-2020D,estimate,0.1,1
table_da16,Vote choice | Explicit vote for | 2020P-2020D,std.error,0.4,1
table_da16,Vote choice | Explicit vote for | Combined,estimate,0.3,1
table_da16,Vote choice | Explicit vote for | Combined,std.error,0.1,1
table_da16,Vote choice | Intercept | 2018,estimate,1.8,1
table_da16,Vote choice | Intercept | 2018,std.error,0.4,1
table_da16,Vote choice | Intercept | 2020D,estimate,1.6,1
table_da16,Vote choice | Intercept | 2020D,std.error,0.4,1
table_da16,Vote choice | Intercept | 2020P,estimate,0.7,1
table_da16,Vote choice | Intercept | 2020P,std.error,0.1,1
table_da16,Vote choice | N treatments | 2018,value,101,0
table_da16,Vote choice | N treatments | 2020D,value,181,0
table_da16,Vote choice | N treatments | 2020P,value,292,0
table_da16,Vote choice | R2 all predictors | 2018,value,0.22,2
table_da16,Vote choice | R2 all predictors | 2020D,value,0.17,2
table_da16,Vote choice | R2 all predictors | 2020P,value,0.01,2
table_da16,Vote choice | R2 all vs control | 2018,value,0.24,2
table_da16,Vote choice | R2 all vs control | 2020D,value,<0,0
table_da16,Vote choice | R2 all vs control | 2020P,value,0.01,2
table_da16,Vote choice | R2 all vs control | 2020P-2020D,p_diff,0.056,3
table_da16,Vote choice | Race: GA Runoff | 2020D,estimate,-0.7,1
table_da16,Vote choice | Race: GA Runoff | 2020D,std.error,0.4,1
table_da16,Vote choice | Race: Gov | 2018,estimate,-0.8,1
table_da16,Vote choice | Race: Gov | 2018,std.error,1.2,1
table_da16,Vote choice | Race: Other | 2020D,estimate,-0.4,1
table_da16,Vote choice | Race: Other | 2020D,std.error,0.5,1
table_da16,Vote choice | Race: StateLeg | 2018,estimate,-0.6,1
table_da16,Vote choice | Race: StateLeg | 2018,std.error,2.2,1
table_da16,Vote choice | Race: StateLeg | 2020D,estimate,-1.7,1
table_da16,Vote choice | Race: StateLeg | 2020D,std.error,0.5,1
table_da16,Vote choice | tau | 2018,value,1.25,2
table_da16,Vote choice | tau | 2020D,value,0.43,2
table_da16,Vote choice | tau | 2020P,value,0.34,2
table_da17,Favorability | Emotion: Enthusiasm | 2018,estimate,0.9,1
table_da17,Favorability | Emotion: Enthusiasm | 2018,std.error,0.7,1
table_da17,Favorability | Emotion: Enthusiasm | 2020D,estimate,-0.7,1
table_da17,Favorability | Emotion: Enthusiasm | 2020D,std.error,0.4,1
table_da17,Favorability | Emotion: Enthusiasm | 2020D-2018,estimate,-1.6,1
table_da17,Favorability | Emotion: Enthusiasm | 2020D-2018,std.error,0.8,1
table_da17,Favorability | Emotion: Enthusiasm | 2020P,estimate,-0.1,1
table_da17,Favorability | Emotion: Enthusiasm | 2020P,std.error,0.1,1
table_da17,Favorability | Emotion: Enthusiasm | 2020P-2018,estimate,-1.0,1
table_da17,Favorability | Emotion: Enthusiasm | 2020P-2018,std.error,0.8,1
table_da17,Favorability | Emotion: Enthusiasm | 2020P-2020D,estimate,0.6,1
table_da17,Favorability | Emotion: Enthusiasm | 2020P-2020D,std.error,0.4,1
table_da17,Favorability | Emotion: Enthusiasm | Combined,estimate,-0.1,1
table_da17,Favorability | Emotion: Enthusiasm | Combined,std.error,0.1,1
table_da17,Favorability | Intercept | 2018,estimate,2.1,1
table_da17,Favorability | Intercept | 2018,std.error,0.3,1
table_da17,Favorability | Intercept | 2020D,estimate,1.9,1
table_da17,Favorability | Intercept | 2020D,std.error,0.2,1
table_da17,Favorability | Intercept | 2020P,estimate,1.0,1
table_da17,Favorability | Intercept | 2020P,std.error,0.1,1
table_da17,Favorability | N treatments | 2018,value,131,0
table_da17,Favorability | N treatments | 2020D,value,131,0
table_da17,Favorability | N treatments | 2020P,value,170,0
table_da17,Favorability | R2 all predictors | 2018,value,0.26,2
table_da17,Favorability | R2 all predictors | 2020D,value,0.04,2
table_da17,Favorability | R2 all predictors | 2020P,value,<0,0
table_da17,Favorability | R2 all vs control | 2018,value,<0,0
table_da17,Favorability | R2 all vs control | 2020D,value,<0,0
table_da17,Favorability | R2 all vs control | 2020P,value,<0,0
table_da17,Favorability | R2 all vs control | 2020P-2020D,p_diff,0.140,3
table_da17,Favorability | Race: Gov | 2018,estimate,2.0,1
table_da17,Favorability | Race: Gov | 2018,std.error,0.7,1
table_da17,Favorability | Race: Other | 2020D,estimate,-0.9,1
table_da17,Favorability | Race: Other | 2020D,std.error,0.6,1
table_da17,Favorability | Race: StateLeg | 2018,estimate,0.0,1
table_da17,Favorability | Race: StateLeg | 2018,std.error,1.0,1
table_da17,Favorability | Race: StateLeg | 2020D,estimate,-0.8,1
table_da17,Favorability | Race: StateLeg | 2020D,std.error,0.4,1
table_da17,Favorability | tau | 2018,value,1.44,2
table_da17,Favorability | tau | 2020D,value,0.83,2
table_da17,Favorability | tau | 2020P,value,0.44,2
table_da17,Vote choice | Emotion: Enthusiasm | 2018,estimate,-0.3,1
table_da17,Vote choice | Emotion: Enthusiasm | 2018,std.error,1.2,1
table_da17,Vote choice | Emotion: Enthusiasm | 2020D,estimate,0.0,1
table_da17,Vote choice | Emotion: Enthusiasm | 2020D,std.error,0.3,1
table_da17,Vote choice | Emotion: Enthusiasm | 2020D-2018,estimate,0.3,1
table_da17,Vote choice | Emotion: Enthusiasm | 2020D-2018,std.error,1.2,1
table_da17,Vote choice | Emotion: Enthusiasm | 2020P,estimate,0.1,1
table_da17,Vote choice | Emotion: Enthusiasm | 2020P,std.error,0.1,1
table_da17,Vote choice | Emotion: Enthusiasm | 2020P-2018,estimate,0.4,1
table_da17,Vote choice | Emotion: Enthusiasm | 2020P-2018,std.error,1.2,1
table_da17,Vote choice | Emotion: Enthusiasm | 2020P-2020D,estimate,0.1,1
table_da17,Vote choice | Emotion: Enthusiasm | 2020P-2020D,std.error,0.4,1
table_da17,Vote choice | Emotion: Enthusiasm | Combined,estimate,0.1,1
table_da17,Vote choice | Emotion: Enthusiasm | Combined,std.error,0.1,1
table_da17,Vote choice | Intercept | 2018,estimate,2.3,1
table_da17,Vote choice | Intercept | 2018,std.error,0.4,1
table_da17,Vote choice | Intercept | 2020D,estimate,1.7,1
table_da17,Vote choice | Intercept | 2020D,std.error,0.3,1
table_da17,Vote choice | Intercept | 2020P,estimate,0.8,1
table_da17,Vote choice | Intercept | 2020P,std.error,0.1,1
table_da17,Vote choice | N treatments | 2018,value,101,0
table_da17,Vote choice | N treatments | 2020D,value,181,0
table_da17,Vote choice | N treatments | 2020P,value,292,0
table_da17,Vote choice | R2 all predictors | 2018,value,<0,0
table_da17,Vote choice | R2 all predictors | 2020D,value,0.15,2
table_da17,Vote choice | R2 all predictors | 2020P,value,<0,0
table_da17,Vote choice | R2 all vs control | 2018,value,<0,0
table_da17,Vote choice | R2 all vs control | 2020D,value,<0,0
table_da17,Vote choice | R2 all vs control | 2020P,value,<0,0
table_da17,Vote choice | R2 all vs control | 2020P-2020D,p_diff,0.924,3
table_da17,Vote choice | Race: GA Runoff | 2020D,estimate,-0.7,1
table_da17,Vote choice | Race: GA Runoff | 2020D,std.error,0.4,1
table_da17,Vote choice | Race: Gov | 2018,estimate,-0.3,1
table_da17,Vote choice | Race: Gov | 2018,std.error,1.2,1
table_da17,Vote choice | Race: Other | 2020D,estimate,-0.4,1
table_da17,Vote choice | Race: Other | 2020D,std.error,0.5,1
table_da17,Vote choice | Race: StateLeg | 2018,estimate,-0.2,1
table_da17,Vote choice | Race: StateLeg | 2018,std.error,2.2,1
table_da17,Vote choice | Race: StateLeg | 2020D,estimate,-1.8,1
table_da17,Vote choice | Race: StateLeg | 2020D,std.error,0.5,1
table_da17,Vote choice | tau | 2018,value,1.44,2
table_da17,Vote choice | tau | 2020D,value,0.43,2
table_da17,Vote choice | tau | 2020P,value,0.35,2
table_da18,Favorability | Emotion: Anger | 2018,estimate,0.8,1
table_da18,Favorability | Emotion: Anger | 2018,std.error,0.8,1
table_da18,Favorability | Emotion: Anger | 2020D,estimate,1.0,1
table_da18,Favorability | Emotion: Anger | 2020D,std.error,0.5,1
table_da18,Favorability | Emotion: Anger | 2020D-2018,estimate,0.2,1
table_da18,Favorability | Emotion: Anger | 2020D-2018,std.error,1.0,1
table_da18,Favorability | Emotion: Anger | 2020P,estimate,-0.1,1
table_da18,Favorability | Emotion: Anger | 2020P,std.error,0.2,1
table_da18,Favorability | Emotion: Anger | 2020P-2018,estimate,-0.9,1
table_da18,Favorability | Emotion: Anger | 2020P-2018,std.error,0.9,1
table_da18,Favorability | Emotion: Anger | 2020P-2020D,estimate,-1.1,1
table_da18,Favorability | Emotion: Anger | 2020P-2020D,std.error,0.5,1
table_da18,Favorability | Emotion: Anger | Combined,estimate,0.1,1
table_da18,Favorability | Emotion: Anger | Combined,std.error,0.2,1
table_da18,Favorability | Intercept | 2018,estimate,2.0,1
table_da18,Favorability | Intercept | 2018,std.error,0.3,1
table_da18,Favorability | Intercept | 2020D,estimate,1.5,1
table_da18,Favorability | Intercept | 2020D,std.error,0.2,1
table_da18,Favorability | Intercept | 2020P,estimate,1.0,1
table_da18,Favorability | Intercept | 2020P,std.error,0.1,1
table_da18,Favorability | N treatments | 2018,value,131,0
table_da18,Favorability | N treatments | 2020D,value,131,0
table_da18,Favorability | N treatments | 2020P,value,170,0
table_da18,Favorability | R2 all predictors | 2018,value,0.27,2
table_da18,Favorability | R2 all predictors | 2020D,value,0.08,2
table_da18,Favorability | R2 all predictors | 2020P,value,<0,0
table_da18,Favorability | R2 all vs control | 2018,value,<0,0
table_da18,Favorability | R2 all vs control | 2020D,value,0.05,2
table_da18,Favorability | R2 all vs control | 2020P,value,<0,0
table_da18,Favorability | R2 all vs control | 2020P-2020D,p_diff,0.056,3
table_da18,Favorability | Race: Gov | 2018,estimate,2.4,1
table_da18,Favorability | Race: Gov | 2018,std.error,0.7,1
table_da18,Favorability | Race: Other | 2020D,estimate,-1.1,1
table_da18,Favorability | Race: Other | 2020D,std.error,0.6,1
table_da18,Favorability | Race: StateLeg | 2018,estimate,0.1,1
table_da18,Favorability | Race: StateLeg | 2018,std.error,1.0,1
table_da18,Favorability | Race: StateLeg | 2020D,estimate,-0.9,1
table_da18,Favorability | Race: StateLeg | 2020D,std.error,0.4,1
table_da18,Favorability | tau | 2018,value,1.43,2
table_da18,Favorability | tau | 2020D,value,0.81,2
table_da18,Favorability | tau | 2020P,value,0.44,2
table_da18,Vote choice | Emotion: Anger | 2018,estimate,3.0,1
table_da18,Vote choice | Emotion: Anger | 2018,std.error,1.0,1
table_da18,Vote choice | Emotion: Anger | 2020D,estimate,0.4,1
table_da18,Vote choice | Emotion: Anger | 2020D,std.error,0.4,1
table_da18,Vote choice | Emotion: Anger | 2020D-2018,estimate,-2.6,1
table_da18,Vote choice | Emotion: Anger | 2020D-2018,std.error,1.0,1
table_da18,Vote choice | Emotion: Anger | 2020P,estimate,0.2,1
table_da18,Vote choice | Emotion: Anger | 2020P,std.error,0.2,1
table_da18,Vote choice | Emotion: Anger | 2020P-2018,estimate,-2.8,1
table_da18,Vote choice | Emotion: Anger | 2020P-2018,std.error,1.0,1
table_da18,Vote choice | Emotion: Anger | 2020P-2020D,estimate,-0.2,1
table_da18,Vote choice | Emotion: Anger | 2020P-2020D,std.error,0.4,1
table_da18,Vote choice | Emotion: Anger | Combined,estimate,0.3,1
table_da18,Vote choice | Emotion: Anger | Combined,std.error,0.2,1
table_da18,Vote choice | Intercept | 2018,estimate,1.7,1
table_da18,Vote choice | Intercept | 2018,std.error,0.4,1
table_da18,Vote choice | Intercept | 2020D,estimate,1.6,1
table_da18,Vote choice | Intercept | 2020D,std.error,0.3,1
table_da18,Vote choice | Intercept | 2020P,estimate,0.8,1
table_da18,Vote choice | Intercept | 2020P,std.error,0.1,1
table_da18,Vote choice | N treatments | 2018,value,101,0
table_da18,Vote choice | N treatments | 2020D,value,181,0
table_da18,Vote choice | N treatments | 2020P,value,292,0
table_da18,Vote choice | R2 all predictors | 2018,value,0.17,2
table_da18,Vote choice | R2 all predictors | 2020D,value,0.22,2
table_da18,Vote choice | R2 all predictors | 2020P,value,<0,0
table_da18,Vote choice | R2 all vs control | 2018,value,0.18,2
table_da18,Vote choice | R2 all vs control | 2020D,value,0.03,2
table_da18,Vote choice | R2 all vs control | 2020P,value,<0,0
table_da18,Vote choice | R2 all vs control | 2020P-2020D,p_diff,0.018,3
table_da18,Vote choice | Race: GA Runoff | 2020D,estimate,-0.7,1
table_da18,Vote choice | Race: GA Runoff | 2020D,std.error,0.4,1
table_da18,Vote choice | Race: Gov | 2018,estimate,0.1,1
table_da18,Vote choice | Race: Gov | 2018,std.error,1.2,1
table_da18,Vote choice | Race: Other | 2020D,estimate,-0.4,1
table_da18,Vote choice | Race: Other | 2020D,std.error,0.5,1
table_da18,Vote choice | Race: StateLeg | 2018,estimate,-0.7,1
table_da18,Vote choice | Race: StateLeg | 2018,std.error,2.2,1
table_da18,Vote choice | Race: StateLeg | 2020D,estimate,-1.7,1
table_da18,Vote choice | Race: StateLeg | 2020D,std.error,0.5,1
table_da18,Vote choice | tau | 2018,value,1.29,2
table_da18,Vote choice | tau | 2020D,value,0.42,2
table_da18,Vote choice | tau | 2020P,value,0.34,2
table_da19,Favorability | Intercept | 2018,estimate,2.2,1
table_da19,Favorability | Intercept | 2018,std.error,0.3,1
table_da19,Favorability | Intercept | 2020D,estimate,2.0,1
table_da19,Favorability | Intercept | 2020D,std.error,0.2,1
table_da19,Favorability | Intercept | 2020P,estimate,0.9,1
table_da19,Favorability | Intercept | 2020P,std.error,0.1,1
table_da19,Favorability | N treatments | 2018,value,131,0
table_da19,Favorability | N treatments | 2020D,value,131,0
table_da19,Favorability | N treatments | 2020P,value,170,0
table_da19,Favorability | Primary tone: Contrast | 2018,estimate,0.4,1
table_da19,Favorability | Primary tone: Contrast | 2018,std.error,0.7,1
table_da19,Favorability | Primary tone: Contrast | 2020D,estimate,-0.2,1
table_da19,Favorability | Primary tone: Contrast | 2020D,std.error,0.4,1
table_da19,Favorability | Primary tone: Contrast | 2020D-2018,estimate,-0.6,1
table_da19,Favorability | Primary tone: Contrast | 2020D-2018,std.error,0.8,1
table_da19,Favorability | Primary tone: Contrast | 2020P,estimate,0.2,1
table_da19,Favorability | Primary tone: Contrast | 2020P,std.error,0.2,1
table_da19,Favorability | Primary tone: Contrast | 2020P-2018,estimate,-0.2,1
table_da19,Favorability | Primary tone: Contrast | 2020P-2018,std.error,0.8,1
table_da19,Favorability | Primary tone: Contrast | 2020P-2020D,estimate,0.4,1
table_da19,Favorability | Primary tone: Contrast | 2020P-2020D,std.error,0.5,1
table_da19,Favorability | Primary tone: Contrast | Combined,estimate,0.1,1
table_da19,Favorability | Primary tone: Contrast | Combined,std.error,0.2,1
table_da19,Favorability | Primary tone: Positive | 2018,estimate,0.1,1
table_da19,Favorability | Primary tone: Positive | 2018,std.error,0.7,1
table_da19,Favorability | Primary tone: Positive | 2020D,estimate,-1.2,1
table_da19,Favorability | Primary tone: Positive | 2020D,std.error,0.4,1
table_da19,Favorability | Primary tone: Positive | 2020D-2018,estimate,-1.3,1
table_da19,Favorability | Primary tone: Positive | 2020D-2018,std.error,0.8,1
table_da19,Favorability | Primary tone: Positive | 2020P,estimate,0.0,1
table_da19,Favorability | Primary tone: Positive | 2020P,std.error,0.2,1
table_da19,Favorability | Primary tone: Positive | 2020P-2018,estimate,-0.1,1
table_da19,Favorability | Primary tone: Positive | 2020P-2018,std.error,0.7,1
table_da19,Favorability | Primary tone: Positive | 2020P-2020D,estimate,1.2,1
table_da19,Favorability | Primary tone: Positive | 2020P-2020D,std.error,0.5,1
table_da19,Favorability | Primary tone: Positive | Combined,estimate,-0.1,1
table_da19,Favorability | Primary tone: Positive | Combined,std.error,0.2,1
table_da19,Favorability | R2 all predictors | 2018,value,0.24,2
table_da19,Favorability | R2 all predictors | 2020D,value,0.16,2
table_da19,Favorability | R2 all predictors | 2020P,value,<0,0
table_da19,Favorability | R2 all vs control | 2018,value,<0,0
table_da19,Favorability | R2 all vs control | 2020D,value,0.12,2
table_da19,Favorability | R2 all vs control | 2020P,value,<0,0
table_da19,Favorability | R2 all vs control | 2020P-2020D,p_diff,0.136,3
table_da19,Favorability | Race: Gov | 2018,estimate,2.3,1
table_da19,Favorability | Race: Gov | 2018,std.error,0.7,1
table_da19,Favorability | Race: Other | 2020D,estimate,-1.2,1
table_da19,Favorability | Race: Other | 2020D,std.error,0.6,1
table_da19,Favorability | Race: StateLeg | 2018,estimate,0.1,1
table_da19,Favorability | Race: StateLeg | 2018,std.error,1.0,1
table_da19,Favorability | Race: StateLeg | 2020D,estimate,-0.9,1
table_da19,Favorability | Race: StateLeg | 2020D,std.error,0.4,1
table_da19,Favorability | tau | 2018,value,1.45,2
table_da19,Favorability | tau | 2020D,value,0.78,2
table_da19,Favorability | tau | 2020P,value,0.44,2
table_da19,Vote choice | Intercept | 2018,estimate,2.4,1
table_da19,Vote choice | Intercept | 2018,std.error,0.4,1
table_da19,Vote choice | Intercept | 2020D,estimate,1.7,1
table_da19,Vote choice | Intercept | 2020D,std.error,0.3,1
table_da19,Vote choice | Intercept | 2020P,estimate,0.6,1
table_da19,Vote choice | Intercept | 2020P,std.error,0.1,1
table_da19,Vote choice | N treatments | 2018,value,101,0
table_da19,Vote choice | N treatments | 2020D,value,181,0
table_da19,Vote choice | N treatments | 2020P,value,292,0
table_da19,Vote choice | Primary tone: Contrast | 2018,estimate,0.6,1
table_da19,Vote choice | Primary tone: Contrast | 2018,std.error,1.0,1
table_da19,Vote choice | Primary tone: Contrast | 2020D,estimate,-0.5,1
table_da19,Vote choice | Primary tone: Contrast | 2020D,std.error,0.4,1
table_da19,Vote choice | Primary tone: Contrast | 2020D-2018,estimate,-1.1,1
table_da19,Vote choice | Primary tone: Contrast | 2020D-2018,std.error,1.1,1
table_da19,Vote choice | Primary tone: Contrast | 2020P,estimate,0.7,1
table_da19,Vote choice | Primary tone: Contrast | 2020P,std.error,0.2,1
table_da19,Vote choice | Primary tone: Contrast | 2020P-2018,estimate,0.1,1
table_da19,Vote choice | Primary tone: Contrast | 2020P-2018,std.error,1.0,1
table_da19,Vote choice | Primary tone: Contrast | 2020P-2020D,estimate,1.1,1
table_da19,Vote choice | Primary tone: Contrast | 2020P-2020D,std.error,0.4,1
table_da19,Vote choice | Primary tone: Contrast | Combined,estimate,0.5,1
table_da19,Vote choice | Primary tone: Contrast | Combined,std.error,0.2,1
table_da19,Vote choice | Primary tone: Positive | 2018,estimate,-1.4,1
table_da19,Vote choice | Primary tone: Positive | 2018,std.error,0.9,1
table_da19,Vote choice | Primary tone: Positive | 2020D,estimate,0.2,1
table_da19,Vote choice | Primary tone: Positive | 2020D,std.error,0.3,1
table_da19,Vote choice | Primary tone: Positive | 2020D-2018,estimate,1.6,1
table_da19,Vote choice | Primary tone: Positive | 2020D-2018,std.error,1.0,1
table_da19,Vote choice | Primary tone: Positive | 2020P,estimate,0.3,1
table_da19,Vote choice | Primary tone: Positive | 2020P,std.error,0.1,1
table_da19,Vote choice | Primary tone: Positive | 2020P-2018,estimate,1.7,1
table_da19,Vote choice | Primary tone: Positive | 2020P-2018,std.error,1.0,1
table_da19,Vote choice | Primary tone: Positive | 2020P-2020D,estimate,0.1,1
table_da19,Vote choice | Primary tone: Positive | 2020P-2020D,std.error,0.4,1
table_da19,Vote choice | Primary tone: Positive | Combined,estimate,0.2,1
table_da19,Vote choice | Primary tone: Positive | Combined,std.error,0.1,1
table_da19,Vote choice | R2 all predictors | 2018,value,0.04,2
table_da19,Vote choice | R2 all predictors | 2020D,value,0.21,2
table_da19,Vote choice | R2 all predictors | 2020P,value,0.12,2
table_da19,Vote choice | R2 all vs control | 2018,value,0.06,2
table_da19,Vote choice | R2 all vs control | 2020D,value,0.02,2
table_da19,Vote choice | R2 all vs control | 2020P,value,0.12,2
table_da19,Vote choice | R2 all vs control | 2020P-2020D,p_diff,0.033,3
table_da19,Vote choice | Race: GA Runoff | 2020D,estimate,-0.8,1
table_da19,Vote choice | Race: GA Runoff | 2020D,std.error,0.4,1
table_da19,Vote choice | Race: Gov | 2018,estimate,0.0,1
table_da19,Vote choice | Race: Gov | 2018,std.error,1.2,1
table_da19,Vote choice | Race: Other | 2020D,estimate,-0.4,1
table_da19,Vote choice | Race: Other | 2020D,std.error,0.5,1
table_da19,Vote choice | Race: StateLeg | 2018,estimate,-0.3,1
table_da19,Vote choice | Race: StateLeg | 2018,std.error,2.2,1
table_da19,Vote choice | Race: StateLeg | 2020D,estimate,-1.8,1
table_da19,Vote choice | Race: StateLeg | 2020D,std.error,0.5,1
table_da19,Vote choice | tau | 2018,value,1.39,2
table_da19,Vote choice | tau | 2020D,value,0.42,2
table_da19,Vote choice | tau | 2020P,value,0.32,2
table_da20,Favorability | Cited fact (where fact present) | 2018,estimate,-1.1,1
table_da20,Favorability | Cited fact (where fact present) | 2018,std.error,0.5,1
table_da20,Favorability | Cited fact (where fact present) | 2020D,estimate,0.5,1
table_da20,Favorability | Cited fact (where fact present) | 2020D,std.error,0.4,1
table_da20,Favorability | Cited fact (where fact present) | 2020D-2018,estimate,1.6,1
table_da20,Favorability | Cited fact (where fact present) | 2020D-2018,std.error,0.6,1
table_da20,Favorability | Cited fact (where fact present) | 2020P,estimate,-0.1,1
table_da20,Favorability | Cited fact (where fact present) | 2020P,std.error,0.1,1
table_da20,Favorability | Cited fact (where fact present) | 2020P-2018,estimate,1.0,1
table_da20,Favorability | Cited fact (where fact present) | 2020P-2018,std.error,0.5,1
table_da20,Favorability | Cited fact (where fact present) | 2020P-2020D,estimate,-0.5,1
table_da20,Favorability | Cited fact (where fact present) | 2020P-2020D,std.error,0.4,1
table_da20,Favorability | Cited fact (where fact present) | Combined,estimate,-0.1,1
table_da20,Favorability | Cited fact (where fact present) | Combined,std.error,0.1,1
table_da20,Favorability | Intercept | 2018,estimate,0.6,1
table_da20,Favorability | Intercept | 2018,std.error,0.8,1
table_da20,Favorability | Intercept | 2020D,estimate,2.8,1
table_da20,Favorability | Intercept | 2020D,std.error,0.7,1
table_da20,Favorability | Intercept | 2020P,estimate,0.8,1
table_da20,Favorability | Intercept | 2020P,std.error,0.2,1
table_da20,Favorability | N treatments | 2018,value,125,0
table_da20,Favorability | N treatments | 2020D,value,127,0
table_da20,Favorability | N treatments | 2020P,value,155,0
table_da20,Favorability | Primary focus: Candidate | 2018,estimate,1.8,1
table_da20,Favorability | Primary focus: Candidate | 2018,std.error,0.8,1
table_da20,Favorability | Primary focus: Candidate | 2020D,estimate,0.2,1
table_da20,Favorability | Primary focus: Candidate | 2020D,std.error,0.5,1
table_da20,Favorability | Primary focus: Candidate | 2020P,estimate,-0.2,1
table_da20,Favorability | Primary focus: Candidate | 2020P,std.error,0.2,1
table_da20,Favorability | Primary focus: Issues | 2018,estimate,2.2,1
table_da20,Favorability | Primary focus: Issues | 2018,std.error,0.8,1
table_da20,Favorability | Primary focus: Issues | 2020D,estimate,-1.6,1
table_da20,Favorability | Primary focus: Issues | 2020D,std.error,0.6,1
table_da20,Favorability | Primary focus: Issues | 2020P,estimate,0.4,1
table_da20,Favorability | Primary focus: Issues | 2020P,std.error,0.2,1
table_da20,Favorability | R2 all predictors | 2018,value,0.37,2
table_da20,Favorability | R2 all predictors | 2020D,value,0.11,2
table_da20,Favorability | R2 all predictors | 2020P,value,0.22,2
table_da20,Favorability | R2 all vs control | 2018,value,0.08,2
table_da20,Favorability | R2 all vs control | 2020D,value,<0,0
table_da20,Favorability | R2 all vs control | 2020P,value,<0,0
table_da20,Favorability | R2 all vs control | 2020P-2020D,p_diff,0.047,3
table_da20,Favorability | Race: Gov | 2018,estimate,1.5,1
table_da20,Favorability | Race: Gov | 2018,std.error,0.7,1
table_da20,Favorability | Race: Other | 2020D,estimate,-1.0,1
table_da20,Favorability | Race: Other | 2020D,std.error,0.6,1
table_da20,Favorability | Race: StateLeg | 2018,estimate,0.1,1
table_da20,Favorability | Race: StateLeg | 2018,std.error,1.0,1
table_da20,Favorability | Race: StateLeg | 2020D,estimate,-1.4,1
table_da20,Favorability | Race: StateLeg | 2020D,std.error,0.5,1
table_da20,Favorability | tau | 2018,value,1.34,2
table_da20,Favorability | tau | 2020D,value,0.80,2
table_da20,Favorability | tau | 2020P,value,0.37,2
table_da20,Vote choice | Cited fact (where fact present) | 2018,estimate,-0.5,1
table_da20,Vote choice | Cited fact (where fact present) | 2018,std.error,0.7,1
table_da20,Vote choice | Cited fact (where fact present) | 2020D,estimate,0.1,1
table_da20,Vote choice | Cited fact (where fact present) | 2020D,std.error,0.3,1
table_da20,Vote choice | Cited fact (where fact present) | 2020D-2018,estimate,0.6,1
table_da20,Vote choice | Cited fact (where fact present) | 2020D-2018,std.error,0.7,1
table_da20,Vote choice | Cited fact (where fact present) | 2020P,estimate,-0.2,1
table_da20,Vote choice | Cited fact (where fact present) | 2020P,std.error,0.1,1
table_da20,Vote choice | Cited fact (where fact present) | 2020P-2018,estimate,0.4,1
table_da20,Vote choice | Cited fact (where fact present) | 2020P-2018,std.error,0.7,1
table_da20,Vote choice | Cited fact (where fact present) | 2020P-2020D,estimate,-0.3,1
table_da20,Vote choice | Cited fact (where fact present) | 2020P-2020D,std.error,0.3,1
table_da20,Vote choice | Cited fact (where fact present) | Combined,estimate,-0.1,1
table_da20,Vote choice | Cited fact (where fact present) | Combined,std.error,0.1,1
table_da20,Vote choice | Intercept | 2018,estimate,1.8,1
table_da20,Vote choice | Intercept | 2018,std.error,1.0,1
table_da20,Vote choice | Intercept | 2020D,estimate,2.2,1
table_da20,Vote choice | Intercept | 2020D,std.error,0.6,1
table_da20,Vote choice | Intercept | 2020P,estimate,0.9,1
table_da20,Vote choice | Intercept | 2020P,std.error,0.2,1
table_da20,Vote choice | N treatments | 2018,value,94,0
table_da20,Vote choice | N treatments | 2020D,value,172,0
table_da20,Vote choice | N treatments | 2020P,value,261,0
table_da20,Vote choice | Primary focus: Candidate | 2018,estimate,-0.2,1
table_da20,Vote choice | Primary focus: Candidate | 2018,std.error,1.0,1
table_da20,Vote choice | Primary focus: Candidate | 2020D,estimate,0.0,1
table_da20,Vote choice | Primary focus: Candidate | 2020D,std.error,0.4,1
table_da20,Vote choice | Primary focus: Candidate | 2020P,estimate,-0.1,1
table_da20,Vote choice | Primary focus: Candidate | 2020P,std.error,0.2,1
table_da20,Vote choice | Primary focus: Issues | 2018,estimate,1.5,1
table_da20,Vote choice | Primary focus: Issues | 2018,std.error,1.0,1
table_da20,Vote choice | Primary focus: Issues | 2020D,estimate,-0.6,1
table_da20,Vote choice | Primary focus: Issues | 2020D,std.error,0.5,1
table_da20,Vote choice | Primary focus: Issues | 2020P,estimate,0.1,1
table_da20,Vote choice | Primary focus: Issues | 2020P,std.error,0.2,1
table_da20,Vote choice | R2 all predictors | 2018,value,0.05,2
table_da20,Vote choice | R2 all predictors | 2020D,value,0.06,2
table_da20,Vote choice | R2 all predictors | 2020P,value,0.00,2
table_da20,Vote choice | R2 all vs control | 2018,value,0.02,2
table_da20,Vote choice | R2 all vs control | 2020D,value,<0,0
table_da20,Vote choice | R2 all vs control | 2020P,value,0.00,2
table_da20,Vote choice | R2 all vs control | 2020P-2020D,p_diff,0.631,3
table_da20,Vote choice | Race: GA Runoff | 2020D,estimate,-1.0,1
table_da20,Vote choice | Race: GA Runoff | 2020D,std.error,0.4,1
table_da20,Vote choice | Race: Gov | 2018,estimate,-0.8,1
table_da20,Vote choice | Race: Gov | 2018,std.error,1.2,1
table_da20,Vote choice | Race: Other | 2020D,estimate,-0.6,1
table_da20,Vote choice | Race: Other | 2020D,std.error,0.6,1
table_da20,Vote choice | Race: StateLeg | 2018,estimate,0.0,1
table_da20,Vote choice | Race: StateLeg | 2018,std.error,2.2,1
table_da20,Vote choice | Race: StateLeg | 2020D,estimate,-1.9,1
table_da20,Vote choice | Race: StateLeg | 2020D,std.error,0.5,1
table_da20,Vote choice | tau | 2018,value,1.35,2
table_da20,Vote choice | tau | 2020D,value,0.52,2
table_da20,Vote choice | tau | 2020P,value,0.34,2
table_da21,Favorability | How pushy | 2020D,estimate,0.9,1
table_da21,Favorability | How pushy | 2020D,std.error,0.3,1
table_da21,Favorability | How pushy | 2020P,estimate,0.3,1
table_da21,Favorability | How pushy | 2020P,std.error,0.1,1
table_da21,Favorability | How pushy | 2020P-2020D,estimate,-0.6,1
table_da21,Favorability | How pushy | 2020P-2020D,std.error,0.3,1
table_da21,Favorability | How pushy | Combined,estimate,0.3,1
table_da21,Favorability | How pushy | Combined,std.error,0.1,1
table_da21,Favorability | Intercept | 2020D,estimate,1.2,1
table_da21,Favorability | Intercept | 2020D,std.error,0.3,1
table_da21,Favorability | Intercept | 2020P,estimate,0.8,1
table_da21,Favorability | Intercept | 2020P,std.error,0.1,1
table_da21,Favorability | N treatments | 2020D,value,131,0
table_da21,Favorability | N treatments | 2020P,value,170,0
table_da21,Favorability | R2 all predictors | 2020D,value,0.11,2
table_da21,Favorability | R2 all predictors | 2020P,value,0.06,2
table_da21,Favorability | R2 all vs control | 2020D,value,0.07,2
table_da21,Favorability | R2 all vs control | 2020P,value,0.06,2
table_da21,Favorability | R2 all vs control | 2020P-2020D,p_diff,0.079,3
table_da21,Favorability | Race: Other | 2020D,estimate,-0.8,1
table_da21,Favorability | Race: Other | 2020D,std.error,0.6,1
table_da21,Favorability | Race: StateLeg | 2020D,estimate,-0.9,1
table_da21,Favorability | Race: StateLeg | 2020D,std.error,0.4,1
table_da21,Favorability | tau | 2020D,value,0.80,2
table_da21,Favorability | tau | 2020P,value,0.43,2
table_da21,Vote choice | How pushy | 2020D,estimate,0.2,1
table_da21,Vote choice | How pushy | 2020D,std.error,0.2,1
table_da21,Vote choice | How pushy | 2020P,estimate,0.2,1
table_da21,Vote choice | How pushy | 2020P,std.error,0.1,1
table_da21,Vote choice | How pushy | 2020P-2020D,estimate,0.0,1
table_da21,Vote choice | How pushy | 2020P-2020D,std.error,0.3,1
table_da21,Vote choice | How pushy | Combined,estimate,0.2,1
table_da21,Vote choice | How pushy | Combined,std.error,0.1,1
table_da21,Vote choice | Intercept | 2020D,estimate,1.6,1
table_da21,Vote choice | Intercept | 2020D,std.error,0.3,1
table_da21,Vote choice | Intercept | 2020P,estimate,0.7,1
table_da21,Vote choice | Intercept | 2020P,std.error,0.1,1
table_da21,Vote choice | N treatments | 2020D,value,181,0
table_da21,Vote choice | N treatments | 2020P,value,292,0
table_da21,Vote choice | R2 all predictors | 2020D,value,0.12,2
table_da21,Vote choice | R2 all predictors | 2020P,value,0.11,2
table_da21,Vote choice | R2 all vs control | 2020D,value,<0,0
table_da21,Vote choice | R2 all vs control | 2020P,value,0.11,2
table_da21,Vote choice | R2 all vs control | 2020P-2020D,p_diff,0.902,3
table_da21,Vote choice | Race: GA Runoff | 2020D,estimate,-0.7,1
table_da21,Vote choice | Race: GA Runoff | 2020D,std.error,0.4,1
table_da21,Vote choice | Race: Other | 2020D,estimate,-0.4,1
table_da21,Vote choice | Race: Other | 2020D,std.error,0.5,1
table_da21,Vote choice | Race: StateLeg | 2020D,estimate,-1.7,1
table_da21,Vote choice | Race: StateLeg | 2020D,std.error,0.5,1
table_da21,Vote choice | tau | 2020D,value,0.44,2
table_da21,Vote choice | tau | 2020P,value,0.32,2
table_da22,Favorability | Intercept | 2020D,estimate,1.7,1
table_da22,Favorability | Intercept | 2020D,std.error,0.2,1
table_da22,Favorability | Intercept | 2020P,estimate,1.0,1
table_da22,Favorability | Intercept | 2020P,std.error,0.1,1
table_da22,Favorability | Messenger: Republican | 2020D,estimate,2.6,1
table_da22,Favorability | Messenger: Republican | 2020D,std.error,1.3,1
table_da22,Favorability | Messenger: Republican | 2020P,estimate,-0.1,1
table_da22,Favorability | Messenger: Republican | 2020P,std.error,0.2,1
table_da22,Favorability | Messenger: Republican | 2020P-2020D,estimate,-2.7,1
table_da22,Favorability | Messenger: Republican | 2020P-2020D,std.error,1.4,1
table_da22,Favorability | Messenger: Republican | Combined,estimate,0.0,1
table_da22,Favorability | Messenger: Republican | Combined,std.error,0.2,1
table_da22,Favorability | N treatments | 2020D,value,131,0
table_da22,Favorability | N treatments | 2020P,value,170,0
table_da22,Favorability | R2 all predictors | 2020D,value,0.08,2
table_da22,Favorability | R2 all predictors | 2020P,value,<0,0
table_da22,Favorability | R2 all vs control | 2020D,value,0.05,2
table_da22,Favorability | R2 all vs control | 2020P,value,<0,0
table_da22,Favorability | R2 all vs control | 2020P-2020D,p_diff,0.051,3
table_da22,Favorability | Race: Other | 2020D,estimate,-1.1,1
table_da22,Favorability | Race: Other | 2020D,std.error,0.5,1
table_da22,Favorability | Race: StateLeg | 2020D,estimate,-0.9,1
table_da22,Favorability | Race: StateLeg | 2020D,std.error,0.4,1
table_da22,Favorability | tau | 2020D,value,0.81,2
table_da22,Favorability | tau | 2020P,value,0.44,2
table_da22,Vote choice | Intercept | 2020D,estimate,1.7,1
table_da22,Vote choice | Intercept | 2020D,std.error,0.3,1
table_da22,Vote choice | Intercept | 2020P,estimate,0.8,1
table_da22,Vote choice | Intercept | 2020P,std.error,0.1,1
table_da22,Vote choice | Messenger: Republican | 2020D,estimate,1.7,1
table_da22,Vote choice | Messenger: Republican | 2020D,std.error,0.6,1
table_da22,Vote choice | Messenger: Republican | 2020P,estimate,0.2,1
table_da22,Vote choice | Messenger: Republican | 2020P,std.error,0.2,1
table_da22,Vote choice | Messenger: Republican | 2020P-2020D,estimate,-1.4,1
table_da22,Vote choice | Messenger: Republican | 2020P-2020D,std.error,0.7,1
table_da22,Vote choice | Messenger: Republican | Combined,estimate,0.3,1
table_da22,Vote choice | Messenger: Republican | Combined,std.error,0.2,1
table_da22,Vote choice | N treatments | 2020D,value,181,0
table_da22,Vote choice | N treatments | 2020P,value,292,0
table_da22,Vote choice | R2 all predictors | 2020D,value,0.36,2
table_da22,Vote choice | R2 all predictors | 2020P,value,<0,0
table_da22,Vote choice | R2 all vs control | 2020D,value,0.20,2
table_da22,Vote choice | R2 all vs control | 2020P,value,<0,0
table_da22,Vote choice | R2 all vs control | 2020P-2020D,p_diff,0.031,3
table_da22,Vote choice | Race: GA Runoff | 2020D,estimate,-0.9,1
table_da22,Vote choice | Race: GA Runoff | 2020D,std.error,0.4,1
table_da22,Vote choice | Race: Other | 2020D,estimate,-0.4,1
table_da22,Vote choice | Race: Other | 2020D,std.error,0.5,1
table_da22,Vote choice | Race: StateLeg | 2020D,estimate,-1.7,1
table_da22,Vote choice | Race: StateLeg | 2020D,std.error,0.5,1
table_da22,Vote choice | tau | 2020D,value,0.38,2
table_da22,Vote choice | tau | 2020P,value,0.35,2
table_da23,Favorability | Intercept | 2020D,estimate,1.8,1
table_da23,Favorability | Intercept | 2020D,std.error,0.2,1
table_da23,Favorability | Intercept | 2020P,estimate,1.0,1
table_da23,Favorability | Intercept | 2020P,std.error,0.1,1
table_da23,Favorability | Messenger: Healthcare worker | 2020D,estimate,-1.0,1
table_da23,Favorability | Messenger: Healthcare worker | 2020D,std.error,0.7,1
table_da23,Favorability | Messenger: Healthcare worker | 2020P,estimate,0.2,1
table_da23,Favorability | Messenger: Healthcare worker | 2020P,std.error,0.4,1
table_da23,Favorability | Messenger: Healthcare worker | 2020P-2020D,estimate,1.2,1
table_da23,Favorability | Messenger: Healthcare worker | 2020P-2020D,std.error,0.8,1
table_da23,Favorability | Messenger: Healthcare worker | Combined,estimate,-0.1,1
table_da23,Favorability | Messenger: Healthcare worker | Combined,std.error,0.3,1
table_da23,Favorability | N treatments | 2020D,value,131,0
table_da23,Favorability | N treatments | 2020P,value,170,0
table_da23,Favorability | R2 all predictors | 2020D,value,0.02,2
table_da23,Favorability | R2 all predictors | 2020P,value,<0,0
table_da23,Favorability | R2 all vs control | 2020D,value,<0,0
table_da23,Favorability | R2 all vs control | 2020P,value,<0,0
table_da23,Favorability | R2 all vs control | 2020P-2020D,p_diff,0.129,3
table_da23,Favorability | Race: Other | 2020D,estimate,-1.0,1
table_da23,Favorability | Race: Other | 2020D,std.error,0.6,1
table_da23,Favorability | Race: StateLeg | 2020D,estimate,-1.0,1
table_da23,Favorability | Race: StateLeg | 2020D,std.error,0.4,1
table_da23,Favorability | tau | 2020D,value,0.84,2
table_da23,Favorability | tau | 2020P,value,0.44,2
table_da23,Vote choice | Intercept | 2020D,estimate,1.7,1
table_da23,Vote choice | Intercept | 2020D,std.error,0.3,1
table_da23,Vote choice | Intercept | 2020P,estimate,0.8,1
table_da23,Vote choice | Intercept | 2020P,std.error,0.1,1
table_da23,Vote choice | Messenger: Healthcare worker | 2020D,estimate,0.0,1
table_da23,Vote choice | Messenger: Healthcare worker | 2020D,std.error,0.5,1
table_da23,Vote choice | Messenger: Healthcare worker | 2020P,estimate,0.5,1
table_da23,Vote choice | Messenger: Healthcare worker | 2020P,std.error,0.4,1
table_da23,Vote choice | Messenger: Healthcare worker | 2020P-2020D,estimate,0.5,1
table_da23,Vote choice | Messenger: Healthcare worker | 2020P-2020D,std.error,0.6,1
table_da23,Vote choice | Messenger: Healthcare worker | Combined,estimate,0.3,1
table_da23,Vote choice | Messenger: Healthcare worker | Combined,std.error,0.3,1
table_da23,Vote choice | N treatments | 2020D,value,181,0
table_da23,Vote choice | N treatments | 2020P,value,292,0
table_da23,Vote choice | R2 all predictors | 2020D,value,0.16,2
table_da23,Vote choice | R2 all predictors | 2020P,value,0.01,2
table_da23,Vote choice | R2 all vs control | 2020D,value,<0,0
table_da23,Vote choice | R2 all vs control | 2020P,value,0.01,2
table_da23,Vote choice | R2 all vs control | 2020P-2020D,p_diff,0.442,3
table_da23,Vote choice | Race: GA Runoff | 2020D,estimate,-0.7,1
table_da23,Vote choice | Race: GA Runoff | 2020D,std.error,0.4,1
table_da23,Vote choice | Race: Other | 2020D,estimate,-0.4,1
table_da23,Vote choice | Race: Other | 2020D,std.error,0.5,1
table_da23,Vote choice | Race: StateLeg | 2020D,estimate,-1.8,1
table_da23,Vote choice | Race: StateLeg | 2020D,std.error,0.5,1
table_da23,Vote choice | tau | 2020D,value,0.43,2
table_da23,Vote choice | tau | 2020P,value,0.34,2
table_da24,Favorability | Intercept | 2020D,estimate,1.6,1
table_da24,Favorability | Intercept | 2020D,std.error,0.3,1
table_da24,Favorability | Intercept | 2020P,estimate,0.9,1
table_da24,Favorability | Intercept | 2020P,std.error,0.1,1
table_da24,Favorability | Messenger: Everyday people | 2020D,estimate,0.4,1
table_da24,Favorability | Messenger: Everyday people | 2020D,std.error,0.4,1
table_da24,Favorability | Messenger: Everyday people | 2020P,estimate,0.2,1
table_da24,Favorability | Messenger: Everyday people | 2020P,std.error,0.1,1
table_da24,Favorability | Messenger: Everyday people | 2020P-2020D,estimate,-0.1,1
table_da24,Favorability | Messenger: Everyday people | 2020P-2020D,std.error,0.4,1
table_da24,Favorability | Messenger: Everyday people | Combined,estimate,0.2,1
table_da24,Favorability | Messenger: Everyday people | Combined,std.error,0.1,1
table_da24,Favorability | N treatments | 2020D,value,131,0
table_da24,Favorability | N treatments | 2020P,value,170,0
table_da24,Favorability | R2 all predictors | 2020D,value,0.03,2
table_da24,Favorability | R2 all predictors | 2020P,value,0.04,2
table_da24,Favorability | R2 all vs control | 2020D,value,<0,0
table_da24,Favorability | R2 all vs control | 2020P,value,0.04,2
table_da24,Favorability | R2 all vs control | 2020P-2020D,p_diff,0.732,3
table_da24,Favorability | Race: Other | 2020D,estimate,-1.2,1
table_da24,Favorability | Race: Other | 2020D,std.error,0.6,1
table_da24,Favorability | Race: StateLeg | 2020D,estimate,-0.9,1
table_da24,Favorability | Race: StateLeg | 2020D,std.error,0.4,1
table_da24,Favorability | tau | 2020D,value,0.84,2
table_da24,Favorability | tau | 2020P,value,0.43,2
table_da24,Vote choice | Intercept | 2020D,estimate,1.8,1
table_da24,Vote choice | Intercept | 2020D,std.error,0.3,1
table_da24,Vote choice | Intercept | 2020P,estimate,0.8,1
table_da24,Vote choice | Intercept | 2020P,std.error,0.1,1
table_da24,Vote choice | Messenger: Everyday people | 2020D,estimate,-0.1,1
table_da24,Vote choice | Messenger: Everyday people | 2020D,std.error,0.3,1
table_da24,Vote choice | Messenger: Everyday people | 2020P,estimate,0.1,1
table_da24,Vote choice | Messenger: Everyday people | 2020P,std.error,0.1,1
table_da24,Vote choice | Messenger: Everyday people | 2020P-2020D,estimate,0.2,1
table_da24,Vote choice | Messenger: Everyday people | 2020P-2020D,std.error,0.3,1
table_da24,Vote choice | Messenger: Everyday people | Combined,estimate,0.1,1
table_da24,Vote choice | Messenger: Everyday people | Combined,std.error,0.1,1
table_da24,Vote choice | N treatments | 2020D,value,181,0
table_da24,Vote choice | N treatments | 2020P,value,292,0
table_da24,Vote choice | R2 all predictors | 2020D,value,0.18,2
table_da24,Vote choice | R2 all predictors | 2020P,value,<0,0
table_da24,Vote choice | R2 all vs control | 2020D,value,<0,0
table_da24,Vote choice | R2 all vs control | 2020P,value,<0,0
table_da24,Vote choice | R2 all vs control | 2020P-2020D,p_diff,0.505,3
table_da24,Vote choice | Race: GA Runoff | 2020D,estimate,-0.7,1
table_da24,Vote choice | Race: GA Runoff | 2020D,std.error,0.4,1
table_da24,Vote choice | Race: Other | 2020D,estimate,-0.3,1
table_da24,Vote choice | Race: Other | 2020D,std.error,0.5,1
table_da24,Vote choice | Race: StateLeg | 2020D,estimate,-1.7,1
table_da24,Vote choice | Race: StateLeg | 2020D,std.error,0.5,1
table_da24,Vote choice | tau | 2020D,value,0.43,2
table_da24,Vote choice | tau | 2020P,value,0.34,2
table_da25,Favorability | Intercept | 2020D,estimate,1.6,1
table_da25,Favorability | Intercept | 2020D,std.error,0.2,1
table_da25,Favorability | Intercept | 2020P,estimate,1.1,1
table_da25,Favorability | Intercept | 2020P,std.error,0.1,1
table_da25,Favorability | Issue: Decency | 2020D,estimate,1.9,1
table_da25,Favorability | Issue: Decency | 2020D,std.error,0.5,1
table_da25,Favorability | Issue: Decency | 2020P,estimate,-0.3,1
table_da25,Favorability | Issue: Decency | 2020P,std.error,0.1,1
table_da25,Favorability | Issue: Decency | 2020P-2020D,estimate,-2.2,1
table_da25,Favorability | Issue: Decency | 2020P-2020D,std.error,0.5,1
table_da25,Favorability | Issue: Decency | Combined,estimate,-0.2,1
table_da25,Favorability | Issue: Decency | Combined,std.error,0.1,1
table_da25,Favorability | N treatments | 2020D,value,131,0
table_da25,Favorability | N treatments | 2020P,value,170,0
table_da25,Favorability | R2 all predictors | 2020D,value,0.28,2
table_da25,Favorability | R2 all predictors | 2020P,value,0.06,2
table_da25,Favorability | R2 all vs control | 2020D,value,0.25,2
table_da25,Favorability | R2 all vs control | 2020P,value,0.06,2
table_da25,Favorability | R2 all vs control | 2020P-2020D,p_diff,0.000,3
table_da25,Favorability | Race: Other | 2020D,estimate,-1.4,1
table_da25,Favorability | Race: Other | 2020D,std.error,0.5,1
table_da25,Favorability | Race: StateLeg | 2020D,estimate,-1.3,1
table_da25,Favorability | Race: StateLeg | 2020D,std.error,0.4,1
table_da25,Favorability | tau | 2020D,value,0.72,2
table_da25,Favorability | tau | 2020P,value,0.43,2
table_da25,Vote choice | Intercept | 2020D,estimate,1.7,1
table_da25,Vote choice | Intercept | 2020D,std.error,0.3,1
table_da25,Vote choice | Intercept | 2020P,estimate,0.8,1
table_da25,Vote choice | Intercept | 2020P,std.error,0.1,1
table_da25,Vote choice | Issue: Decency | 2020D,estimate,0.6,1
table_da25,Vote choice | Issue: Decency | 2020D,std.error,0.4,1
table_da25,Vote choice | Issue: Decency | 2020P,estimate,0.1,1
table_da25,Vote choice | Issue: Decency | 2020P,std.error,0.1,1
table_da25,Vote choice | Issue: Decency | 2020P-2020D,estimate,-0.5,1
table_da25,Vote choice | Issue: Decency | 2020P-2020D,std.error,0.5,1
table_da25,Vote choice | Issue: Decency | Combined,estimate,0.1,1
table_da25,Vote choice | Issue: Decency | Combined,std.error,0.1,1
table_da25,Vote choice | N treatments | 2020D,value,181,0
table_da25,Vote choice | N treatments | 2020P,value,292,0
table_da25,Vote choice | R2 all predictors | 2020D,value,0.26,2
table_da25,Vote choice | R2 all predictors | 2020P,value,<0,0
table_da25,Vote choice | R2 all vs control | 2020D,value,0.07,2
table_da25,Vote choice | R2 all vs control | 2020P,value,<0,0
table_da25,Vote choice | R2 all vs control | 2020P-2020D,p_diff,0.240,3
table_da25,Vote choice | Race: GA Runoff | 2020D,estimate,-0.7,1
table_da25,Vote choice | Race: GA Runoff | 2020D,std.error,0.4,1
table_da25,Vote choice | Race: Other | 2020D,estimate,-0.5,1
table_da25,Vote choice | Race: Other | 2020D,std.error,0.5,1
table_da25,Vote choice | Race: StateLeg | 2020D,estimate,-1.9,1
table_da25,Vote choice | Race: StateLeg | 2020D,std.error,0.5,1
table_da25,Vote choice | tau | 2020D,value,0.41,2
table_da25,Vote choice | tau | 2020P,value,0.35,2
table_da26,Favorability | Intercept | 2020D,estimate,2.0,1
table_da26,Favorability | Intercept | 2020D,std.error,0.2,1
table_da26,Favorability | Intercept | 2020P,estimate,0.9,1
table_da26,Favorability | Intercept | 2020P,std.error,0.1,1
table_da26,Favorability | Issue: COVID-19 | 2020D,estimate,-0.8,1
table_da26,Favorability | Issue: COVID-19 | 2020D,std.error,0.4,1
table_da26,Favorability | Issue: COVID-19 | 2020P,estimate,0.2,1
table_da26,Favorability | Issue: COVID-19 | 2020P,std.error,0.1,1
table_da26,Favorability | Issue: COVID-19 | 2020P-2020D,estimate,1.0,1
table_da26,Favorability | Issue: COVID-19 | 2020P-2020D,std.error,0.4,1
table_da26,Favorability | Issue: COVID-19 | Combined,estimate,0.0,1
table_da26,Favorability | Issue: COVID-19 | Combined,std.error,0.1,1
table_da26,Favorability | N treatments | 2020D,value,131,0
table_da26,Favorability | N treatments | 2020P,value,170,0
table_da26,Favorability | R2 all predictors | 2020D,value,0.06,2
table_da26,Favorability | R2 all predictors | 2020P,value,0.03,2
table_da26,Favorability | R2 all vs control | 2020D,value,0.02,2
table_da26,Favorability | R2 all vs control | 2020P,value,0.03,2
table_da26,Favorability | R2 all vs control | 2020P-2020D,p_diff,0.009,3
table_da26,Favorability | Race: Other | 2020D,estimate,-1.2,1
table_da26,Favorability | Race: Other | 2020D,std.error,0.6,1
table_da26,Favorability | Race: StateLeg | 2020D,estimate,-0.9,1
table_da26,Favorability | Race: StateLeg | 2020D,std.error,0.4,1
table_da26,Favorability | tau | 2020D,value,0.82,2
table_da26,Favorability | tau | 2020P,value,0.43,2
table_da26,Vote choice | Intercept | 2020D,estimate,1.7,1
table_da26,Vote choice | Intercept | 2020D,std.error,0.3,1
table_da26,Vote choice | Intercept | 2020P,estimate,0.9,1
table_da26,Vote choice | Intercept | 2020P,std.error,0.1,1
table_da26,Vote choice | Issue: COVID-19 | 2020D,estimate,-0.1,1
table_da26,Vote choice | Issue: COVID-19 | 2020D,std.error,0.3,1
table_da26,Vote choice | Issue: COVID-19 | 2020P,estimate,-0.1,1
table_da26,Vote choice | Issue: COVID-19 | 2020P,std.error,0.1,1
table_da26,Vote choice | Issue: COVID-19 | 2020P-2020D,estimate,0.0,1
table_da26,Vote choice | Issue: COVID-19 | 2020P-2020D,std.error,0.3,1
table_da26,Vote choice | Issue: COVID-19 | Combined,estimate,-0.1,1
table_da26,Vote choice | Issue: COVID-19 | Combined,std.error,0.1,1
table_da26,Vote choice | N treatments | 2020D,value,181,0
table_da26,Vote choice | N treatments | 2020P,value,292,0
table_da26,Vote choice | R2 all predictors | 2020D,value,0.15,2
table_da26,Vote choice | R2 all predictors | 2020P,value,<0,0
table_da26,Vote choice | R2 all vs control | 2020D,value,<0,0
table_da26,Vote choice | R2 all vs control | 2020P,value,<0,0
table_da26,Vote choice | R2 all vs control | 2020P-2020D,p_diff,0.998,3
table_da26,Vote choice | Race: GA Runoff | 2020D,estimate,-0.7,1
table_da26,Vote choice | Race: GA Runoff | 2020D,std.error,0.4,1
table_da26,Vote choice | Race: Other | 2020D,estimate,-0.4,1
table_da26,Vote choice | Race: Other | 2020D,std.error,0.5,1
table_da26,Vote choice | Race: StateLeg | 2020D,estimate,-1.7,1
table_da26,Vote choice | Race: StateLeg | 2020D,std.error,0.5,1
table_da26,Vote choice | tau | 2020D,value,0.43,2
table_da26,Vote choice | tau | 2020P,value,0.35,2
table_da27,Favorability | Intercept | 2020D,estimate,1.8,1
table_da27,Favorability | Intercept | 2020D,std.error,0.2,1
table_da27,Favorability | Intercept | 2020P,estimate,1.0,1
table_da27,Favorability | Intercept | 2020P,std.error,0.1,1
table_da27,Favorability | Issue: BLM/Race | 2020D,estimate,0.0,1
table_da27,Favorability | Issue: BLM/Race | 2020D,std.error,1.3,1
table_da27,Favorability | Issue: BLM/Race | 2020P,estimate,-0.3,1
table_da27,Favorability | Issue: BLM/Race | 2020P,std.error,0.2,1
table_da27,Favorability | Issue: BLM/Race | 2020P-2020D,estimate,-0.3,1
table_da27,Favorability | Issue: BLM/Race | 2020P-2020D,std.error,1.3,1
table_da27,Favorability | Issue: BLM/Race | Combined,estimate,-0.3,1
table_da27,Favorability | Issue: BLM/Race | Combined,std.error,0.2,1
table_da27,Favorability | N treatments | 2020D,value,131,0
table_da27,Favorability | N treatments | 2020P,value,170,0
table_da27,Favorability | R2 all predictors | 2020D,value,0.01,2
table_da27,Favorability | R2 all predictors | 2020P,value,0.07,2
table_da27,Favorability | R2 all vs control | 2020D,value,<0,0
table_da27,Favorability | R2 all vs control | 2020P,value,0.07,2
table_da27,Favorability | R2 all vs control | 2020P-2020D,p_diff,0.791,3
table_da27,Favorability | Race: Other | 2020D,estimate,-1.2,1
table_da27,Favorability | Race: Other | 2020D,std.error,0.6,1
table_da27,Favorability | Race: StateLeg | 2020D,estimate,-0.9,1
table_da27,Favorability | Race: StateLeg | 2020D,std.error,0.4,1
table_da27,Favorability | tau | 2020D,value,0.85,2
table_da27,Favorability | tau | 2020P,value,0.42,2
table_da27,Vote choice | Intercept | 2020D,estimate,1.7,1
table_da27,Vote choice | Intercept | 2020D,std.error,0.3,1
table_da27,Vote choice | Intercept | 2020P,estimate,0.9,1
table_da27,Vote choice | Intercept | 2020P,std.error,0.1,1
table_da27,Vote choice | Issue: BLM/Race | 2020D,estimate,0.1,1
table_da27,Vote choice | Issue: BLM/Race | 2020D,std.error,0.6,1
table_da27,Vote choice | Issue: BLM/Race | 2020P,estimate,-0.1,1
table_da27,Vote choice | Issue: BLM/Race | 2020P,std.error,0.1,1
table_da27,Vote choice | Issue: BLM/Race | 2020P-2020D,estimate,-0.2,1
table_da27,Vote choice | Issue: BLM/Race | 2020P-2020D,std.error,0.6,1
table_da27,Vote choice | Issue: BLM/Race | Combined,estimate,-0.1,1
table_da27,Vote choice | Issue: BLM/Race | Combined,std.error,0.1,1
table_da27,Vote choice | N treatments | 2020D,value,181,0
table_da27,Vote choice | N treatments | 2020P,value,292,0
table_da27,Vote choice | R2 all predictors | 2020D,value,0.14,2
table_da27,Vote choice | R2 all predictors | 2020P,value,<0,0
table_da27,Vote choice | R2 all vs control | 2020D,value,<0,0
table_da27,Vote choice | R2 all vs control | 2020P,value,<0,0
table_da27,Vote choice | R2 all vs control | 2020P-2020D,p_diff,0.746,3
table_da27,Vote choice | Race: GA Runoff | 2020D,estimate,-0.7,1
table_da27,Vote choice | Race: GA Runoff | 2020D,std.error,0.4,1
table_da27,Vote choice | Race: Other | 2020D,estimate,-0.4,1
table_da27,Vote choice | Race: Other | 2020D,std.error,0.5,1
table_da27,Vote choice | Race: StateLeg | 2020D,estimate,-1.8,1
table_da27,Vote choice | Race: StateLeg | 2020D,std.error,0.5,1
table_da27,Vote choice | tau | 2020D,value,0.44,2
table_da27,Vote choice | tau | 2020P,value,0.34,2
table_da28,Favorability | Candidate facts | 2018,estimate,2.0,1
table_da28,Favorability | Candidate facts | 2018,std.error,0.8,1
table_da28,Favorability | Candidate facts | 2020D,estimate,1.2,1
table_da28,Favorability | Candidate facts | 2020D,std.error,0.6,1
table_da28,Favorability | Candidate facts | 2020D-2018,estimate,-0.8,1
table_da28,Favorability | Candidate facts | 2020D-2018,std.error,0.9,1
table_da28,Favorability | Candidate facts | 2020P,estimate,-0.2,1
table_da28,Favorability | Candidate facts | 2020P,std.error,0.2,1
table_da28,Favorability | Candidate facts | 2020P-2018,estimate,-2.1,1
table_da28,Favorability | Candidate facts | 2020P-2018,std.error,0.8,1
table_da28,Favorability | Candidate facts | 2020P-2020D,estimate,-1.4,1
table_da28,Favorability | Candidate facts | 2020P-2020D,std.error,0.6,1
table_da28,Favorability | Candidate facts | Combined,estimate,0.2,1
table_da28,Favorability | Candidate facts | Combined,std.error,0.2,1
table_da28,Favorability | Emotion: Anger | 2018,estimate,-0.8,1
table_da28,Favorability | Emotion: Anger | 2018,std.error,0.9,1
table_da28,Favorability | Emotion: Anger | 2020D,estimate,0.6,1
table_da28,Favorability | Emotion: Anger | 2020D,std.error,0.5,1
table_da28,Favorability | Emotion: Anger | 2020D-2018,estimate,1.4,1
table_da28,Favorability | Emotion: Anger | 2020D-2018,std.error,1.0,1
table_da28,Favorability | Emotion: Anger | 2020P,estimate,-0.1,1
table_da28,Favorability | Emotion: Anger | 2020P,std.error,0.2,1
table_da28,Favorability | Emotion: Anger | 2020P-2018,estimate,0.7,1
table_da28,Favorability | Emotion: Anger | 2020P-2018,std.error,0.9,1
table_da28,Favorability | Emotion: Anger | 2020P-2020D,estimate,-0.7,1
table_da28,Favorability | Emotion: Anger | 2020P-2020D,std.error,0.5,1
table_da28,Favorability | Emotion: Anger | Combined,estimate,0.0,1
table_da28,Favorability | Emotion: Anger | Combined,std.error,0.2,1
table_da28,Favorability | Explicit vote for | 2018,estimate,1.2,1
table_da28,Favorability | Explicit vote for | 2018,std.error,0.6,1
table_da28,Favorability | Explicit vote for | 2020D,estimate,-1.3,1
table_da28,Favorability | Explicit vote for | 2020D,std.error,0.4,1
table_da28,Favorability | Explicit vote for | 2020D-2018,estimate,-2.5,1
table_da28,Favorability | Explicit vote for | 2020D-2018,std.error,0.8,1
table_da28,Favorability | Explicit vote for | 2020P,estimate,0.2,1
table_da28,Favorability | Explicit vote for | 2020P,std.error,0.2,1
table_da28,Favorability | Explicit vote for | 2020P-2018,estimate,-1.1,1
table_da28,Favorability | Explicit vote for | 2020P-2018,std.error,0.7,1
table_da28,Favorability | Explicit vote for | 2020P-2020D,estimate,1.4,1
table_da28,Favorability | Explicit vote for | 2020P-2020D,std.error,0.5,1
table_da28,Favorability | Explicit vote for | Combined,estimate,0.0,1
table_da28,Favorability | Explicit vote for | Combined,std.error,0.2,1
table_da28,Favorability | Intercept | 2018,estimate,-1.3,1
table_da28,Favorability | Intercept | 2018,std.error,1.0,1
table_da28,Favorability | Intercept | 2020D,estimate,2.1,1
table_da28,Favorability | Intercept | 2020D,std.error,0.8,1
table_da28,Favorability | Intercept | 2020P,estimate,0.6,1
table_da28,Favorability | Intercept | 2020P,std.error,0.2,1
table_da28,Favorability | Messenger: Politician | 2018,estimate,2.9,1
table_da28,Favorability | Messenger: Politician | 2018,std.error,0.9,1
table_da28,Favorability | Messenger: Politician | 2020D,estimate,0.0,1
table_da28,Favorability | Messenger: Politician | 2020D,std.error,0.6,1
table_da28,Favorability | Messenger: Politician | 2020D-2018,estimate,-2.9,1
table_da28,Favorability | Messenger: Politician | 2020D-2018,std.error,1.1,1
table_da28,Favorability | Messenger: Politician | 2020P,estimate,-0.1,1
table_da28,Favorability | Messenger: Politician | 2020P,std.error,0.2,1
table_da28,Favorability | Messenger: Politician | 2020P-2018,estimate,-3.0,1
table_da28,Favorability | Messenger: Politician | 2020P-2018,std.error,0.9,1
table_da28,Favorability | Messenger: Politician | 2020P-2020D,estimate,-0.1,1
table_da28,Favorability | Messenger: Politician | 2020P-2020D,std.error,0.7,1
table_da28,Favorability | Messenger: Politician | Combined,estimate,0.0,1
table_da28,Favorability | Messenger: Politician | Combined,std.error,0.2,1
table_da28,Favorability | N treatments | 2018,value,131,0
table_da28,Favorability | N treatments | 2020D,value,131,0
table_da28,Favorability | N treatments | 2020P,value,170,0
table_da28,Favorability | Neg. name-calling | 2018,estimate,0.7,1
table_da28,Favorability | Neg. name-calling | 2018,std.error,0.8,1
table_da28,Favorability | Neg. name-calling | 2020D,estimate,-0.4,1
table_da28,Favorability | Neg. name-calling | 2020D,std.error,0.5,1
table_da28,Favorability | Neg. name-calling | 2020D-2018,estimate,-1.1,1
table_da28,Favorability | Neg. name-calling | 2020D-2018,std.error,0.9,1
table_da28,Favorability | Neg. name-calling | 2020P,estimate,0.1,1
table_da28,Favorability | Neg. name-calling | 2020P,std.error,0.3,1
table_da28,Favorability | Neg. name-calling | 2020P-2018,estimate,-0.6,1
table_da28,Favorability | Neg. name-calling | 2020P-2018,std.error,0.8,1
table_da28,Favorability | Neg. name-calling | 2020P-2020D,estimate,0.5,1
table_da28,Favorability | Neg. name-calling | 2020P-2020D,std.error,0.6,1
table_da28,Favorability | Neg. name-calling | Combined,estimate,0.1,1
table_da28,Favorability | Neg. name-calling | Combined,std.error,0.2,1
table_da28,Favorability | Neg. testimonial | 2018,estimate,1.3,1
table_da28,Favorability | Neg. testimonial | 2018,std.error,0.7,1
table_da28,Favorability | Neg. testimonial | 2020D,estimate,0.4,1
table_da28,Favorability | Neg. testimonial | 2020D,std.error,0.4,1
table_da28,Favorability | Neg. testimonial | 2020D-2018,estimate,-0.9,1
table_da28,Favorability | Neg. testimonial | 2020D-2018,std.error,0.8,1
table_da28,Favorability | Neg. testimonial | 2020P,estimate,0.1,1
table_da28,Favorability | Neg. testimonial | 2020P,std.error,0.2,1
table_da28,Favorability | Neg. testimonial | 2020P-2018,estimate,-1.2,1
table_da28,Favorability | Neg. testimonial | 2020P-2018,std.error,0.7,1
table_da28,Favorability | Neg. testimonial | 2020P-2020D,estimate,-0.3,1
table_da28,Favorability | Neg. testimonial | 2020P-2020D,std.error,0.5,1
table_da28,Favorability | Neg. testimonial | Combined,estimate,0.2,1
table_da28,Favorability | Neg. testimonial | Combined,std.error,0.2,1
table_da28,Favorability | Neg. transfer of association | 2018,estimate,0.5,1
table_da28,Favorability | Neg. transfer of association | 2018,std.error,0.7,1
table_da28,Favorability | Neg. transfer of association | 2020D,estimate,0.3,1
table_da28,Favorability | Neg. transfer of association | 2020D,std.error,0.4,1
table_da28,Favorability | Neg. transfer of association | 2020D-2018,estimate,-0.2,1
table_da28,Favorability | Neg. transfer of association | 2020D-2018,std.error,0.8,1
table_da28,Favorability | Neg. transfer of association | 2020P,estimate,-0.1,1
table_da28,Favorability | Neg. transfer of association | 2020P,std.error,0.2,1
table_da28,Favorability | Neg. transfer of association | 2020P-2018,estimate,-0.6,1
table_da28,Favorability | Neg. transfer of association | 2020P-2018,std.error,0.7,1
table_da28,Favorability | Neg. transfer of association | 2020P-2020D,estimate,-0.4,1
table_da28,Favorability | Neg. transfer of association | 2020P-2020D,std.error,0.5,1
table_da28,Favorability | Neg. transfer of association | Combined,estimate,0.0,1
table_da28,Favorability | Neg. transfer of association | Combined,std.error,0.2,1
table_da28,Favorability | New fact | 2018,estimate,-0.6,1
table_da28,Favorability | New fact | 2018,std.error,0.6,1
table_da28,Favorability | New fact | 2020D,estimate,1.1,1
table_da28,Favorability | New fact | 2020D,std.error,0.5,1
table_da28,Favorability | New fact | 2020D-2018,estimate,1.7,1
table_da28,Favorability | New fact | 2020D-2018,std.error,0.8,1
table_da28,Favorability | New fact | 2020P,estimate,0.2,1
table_da28,Favorability | New fact | 2020P,std.error,0.2,1
table_da28,Favorability | New fact | 2020P-2018,estimate,0.7,1
table_da28,Favorability | New fact | 2020P-2018,std.error,0.7,1
table_da28,Favorability | New fact | 2020P-2020D,estimate,-0.9,1
table_da28,Favorability | New fact | 2020P-2020D,std.error,0.5,1
table_da28,Favorability | New fact | Combined,estimate,0.2,1
table_da28,Favorability | New fact | Combined,std.error,0.2,1
table_da28,Favorability | Plain folks | 2018,estimate,0.5,1
table_da28,Favorability | Plain folks | 2018,std.error,0.7,1
table_da28,Favorability | Plain folks | 2020D,estimate,0.3,1
table_da28,Favorability | Plain folks | 2020D,std.error,0.6,1
table_da28,Favorability | Plain folks | 2020D-2018,estimate,-0.2,1
table_da28,Favorability | Plain folks | 2020D-2018,std.error,0.9,1
table_da28,Favorability | Plain folks | 2020P,estimate,0.2,1
table_da28,Favorability | Plain folks | 2020P,std.error,0.2,1
table_da28,Favorability | Plain folks | 2020P-2018,estimate,-0.3,1
table_da28,Favorability | Plain folks | 2020P-2018,std.error,0.8,1
table_da28,Favorability | Plain folks | 2020P-2020D,estimate,-0.1,1
table_da28,Favorability | Plain folks | 2020P-2020D,std.error,0.6,1
table_da28,Favorability | Plain folks | Combined,estimate,0.2,1
table_da28,Favorability | Plain folks | Combined,std.error,0.2,1
table_da28,Favorability | Policy facts | 2018,estimate,-0.1,1
table_da28,Favorability | Policy facts | 2018,std.error,0.7,1
table_da28,Favorability | Policy facts | 2020D,estimate,0.0,1
table_da28,Favorability | Policy facts | 2020D,std.error,0.6,1
table_da28,Favorability | Policy facts | 2020D-2018,estimate,0.1,1
table_da28,Favorability | Policy facts | 2020D-2018,std.error,0.9,1
table_da28,Favorability | Policy facts | 2020P,estimate,0.2,1
table_da28,Favorability | Policy facts | 2020P,std.error,0.2,1
table_da28,Favorability | Policy facts | 2020P-2018,estimate,0.3,1
table_da28,Favorability | Policy facts | 2020P-2018,std.error,0.8,1
table_da28,Favorability | Policy facts | 2020P-2020D,estimate,0.2,1
table_da28,Favorability | Policy facts | 2020P-2020D,std.error,0.6,1
table_da28,Favorability | Policy facts | Combined,estimate,0.1,1
table_da28,Favorability | Policy facts | Combined,std.error,0.2,1
table_da28,Favorability | Pos. name-calling | 2018,estimate,1.6,1
table_da28,Favorability | Pos. name-calling | 2018,std.error,1.7,1
table_da28,Favorability | Pos. name-calling | 2020D,estimate,-0.7,1
table_da28,Favorability | Pos. name-calling | 2020D,std.error,0.7,1
table_da28,Favorability | Pos. name-calling | 2020D-2018,estimate,-2.3,1
table_da28,Favorability | Pos. name-calling | 2020D-2018,std.error,1.9,1
table_da28,Favorability | Pos. name-calling | 2020P,estimate,-0.1,1
table_da28,Favorability | Pos. name-calling | 2020P,std.error,0.3,1
table_da28,Favorability | Pos. name-calling | 2020P-2018,estimate,-1.7,1
table_da28,Favorability | Pos. name-calling | 2020P-2018,std.error,1.7,1
table_da28,Favorability | Pos. name-calling | 2020P-2020D,estimate,0.6,1
table_da28,Favorability | Pos. name-calling | 2020P-2020D,std.error,0.8,1
table_da28,Favorability | Pos. name-calling | Combined,estimate,-0.1,1
table_da28,Favorability | Pos. name-calling | Combined,std.error,0.3,1
table_da28,Favorability | Pos. testimonial | 2018,estimate,1.0,1
table_da28,Favorability | Pos. testimonial | 2018,std.error,0.9,1
table_da28,Favorability | Pos. testimonial | 2020D,estimate,0.0,1
table_da28,Favorability | Pos. testimonial | 2020D,std.error,0.6,1
table_da28,Favorability | Pos. testimonial | 2020D-2018,estimate,-1.0,1
table_da28,Favorability | Pos. testimonial | 2020D-2018,std.error,1.1,1
table_da28,Favorability | Pos. testimonial | 2020P,estimate,0.2,1
table_da28,Favorability | Pos. testimonial | 2020P,std.error,0.2,1
table_da28,Favorability | Pos. testimonial | 2020P-2018,estimate,-0.8,1
table_da28,Favorability | Pos. testimonial | 2020P-2018,std.error,0.9,1
table_da28,Favorability | Pos. testimonial | 2020P-2020D,estimate,0.2,1
table_da28,Favorability | Pos. testimonial | 2020P-2020D,std.error,0.7,1
table_da28,Favorability | Pos. testimonial | Combined,estimate,0.2,1
table_da28,Favorability | Pos. testimonial | Combined,std.error,0.2,1
table_da28,Favorability | Pos. transfer of association | 2018,estimate,-0.8,1
table_da28,Favorability | Pos. transfer of association | 2018,std.error,0.7,1
table_da28,Favorability | Pos. transfer of association | 2020D,estimate,-0.7,1
table_da28,Favorability | Pos. transfer of association | 2020D,std.error,0.6,1
table_da28,Favorability | Pos. transfer of association | 2020D-2018,estimate,0.1,1
table_da28,Favorability | Pos. transfer of association | 2020D-2018,std.error,1.0,1
table_da28,Favorability | Pos. transfer of association | 2020P,estimate,0.1,1
table_da28,Favorability | Pos. transfer of association | 2020P,std.error,0.2,1
table_da28,Favorability | Pos. transfer of association | 2020P-2018,estimate,0.9,1
table_da28,Favorability | Pos. transfer of association | 2020P-2018,std.error,0.8,1
table_da28,Favorability | Pos. transfer of association | 2020P-2020D,estimate,0.8,1
table_da28,Favorability | Pos. transfer of association | 2020P-2020D,std.error,0.7,1
table_da28,Favorability | Pos. transfer of association | Combined,estimate,0.0,1
table_da28,Favorability | Pos. transfer of association | Combined,std.error,0.2,1
table_da28,Favorability | Primary focus: Candidate | 2018,estimate,0.8,1
table_da28,Favorability | Primary focus: Candidate | 2018,std.error,0.9,1
table_da28,Favorability | Primary focus: Candidate | 2020D,estimate,0.1,1
table_da28,Favorability | Primary focus: Candidate | 2020D,std.error,0.6,1
table_da28,Favorability | Primary focus: Candidate | 2020D-2018,estimate,-0.7,1
table_da28,Favorability | Primary focus: Candidate | 2020D-2018,std.error,1.1,1
table_da28,Favorability | Primary focus: Candidate | 2020P,estimate,0.0,1
table_da28,Favorability | Primary focus: Candidate | 2020P,std.error,0.2,1
table_da28,Favorability | Primary focus: Candidate | 2020P-2018,estimate,-0.8,1
table_da28,Favorability | Primary focus: Candidate | 2020P-2018,std.error,0.9,1
table_da28,Favorability | Primary focus: Candidate | 2020P-2020D,estimate,-0.1,1
table_da28,Favorability | Primary focus: Candidate | 2020P-2020D,std.error,0.7,1
table_da28,Favorability | Primary focus: Candidate | Combined,estimate,0.0,1
table_da28,Favorability | Primary focus: Candidate | Combined,std.error,0.2,1
table_da28,Favorability | Primary focus: Issues | 2018,estimate,3.1,1
table_da28,Favorability | Primary focus: Issues | 2018,std.error,0.9,1
table_da28,Favorability | Primary focus: Issues | 2020D,estimate,-1.0,1
table_da28,Favorability | Primary focus: Issues | 2020D,std.error,0.8,1
table_da28,Favorability | Primary focus: Issues | 2020D-2018,estimate,-4.1,1
table_da28,Favorability | Primary focus: Issues | 2020D-2018,std.error,1.2,1
table_da28,Favorability | Primary focus: Issues | 2020P,estimate,0.2,1
table_da28,Favorability | Primary focus: Issues | 2020P,std.error,0.2,1
table_da28,Favorability | Primary focus: Issues | 2020P-2018,estimate,-2.9,1
table_da28,Favorability | Primary focus: Issues | 2020P-2018,std.error,0.9,1
table_da28,Favorability | Primary focus: Issues | 2020P-2020D,estimate,1.3,1
table_da28,Favorability | Primary focus: Issues | 2020P-2020D,std.error,0.8,1
table_da28,Favorability | Primary focus: Issues | Combined,estimate,0.3,1
table_da28,Favorability | Primary focus: Issues | Combined,std.error,0.2,1
table_da28,Favorability | R2 all predictors | 2018,value,0.52,2
table_da28,Favorability | R2 all predictors | 2020D,value,0.19,2
table_da28,Favorability | R2 all predictors | 2020P,value,0.12,2
table_da28,Favorability | R2 all vs control | 2018,value,0.34,2
table_da28,Favorability | R2 all vs control | 2020D,value,0.16,2
table_da28,Favorability | R2 all vs control | 2020P,value,0.12,2
table_da28,Favorability | R2 all vs control | 2020P-2020D,p_diff,0.000,3
table_da28,Favorability | Race: Gov | 2018,estimate,0.6,1
table_da28,Favorability | Race: Gov | 2018,std.error,0.8,1
table_da28,Favorability | Race: Other | 2020D,estimate,-0.9,1
table_da28,Favorability | Race: Other | 2020D,std.error,0.7,1
table_da28,Favorability | Race: StateLeg | 2018,estimate,0.2,1
table_da28,Favorability | Race: StateLeg | 2018,std.error,1.0,1
table_da28,Favorability | Race: StateLeg | 2020D,estimate,-1.6,1
table_da28,Favorability | Race: StateLeg | 2020D,std.error,0.5,1
table_da28,Favorability | tau | 2018,value,1.15,2
table_da28,Favorability | tau | 2020D,value,0.76,2
table_da28,Favorability | tau | 2020P,value,0.41,2
table_da28,Vote choice | Candidate facts | 2018,estimate,0.8,1
table_da28,Vote choice | Candidate facts | 2018,std.error,1.0,1
table_da28,Vote choice | Candidate facts | 2020D,estimate,0.8,1
table_da28,Vote choice | Candidate facts | 2020D,std.error,0.4,1
table_da28,Vote choice | Candidate facts | 2020D-2018,estimate,0.1,1
table_da28,Vote choice | Candidate facts | 2020D-2018,std.error,1.1,1
table_da28,Vote choice | Candidate facts | 2020P,estimate,-0.1,1
table_da28,Vote choice | Candidate facts | 2020P,std.error,0.2,1
table_da28,Vote choice | Candidate facts | 2020P-2018,estimate,-0.9,1
table_da28,Vote choice | Candidate facts | 2020P-2018,std.error,1.0,1
table_da28,Vote choice | Candidate facts | 2020P-2020D,estimate,-1.0,1
table_da28,Vote choice | Candidate facts | 2020P-2020D,std.error,0.5,1
table_da28,Vote choice | Candidate facts | Combined,estimate,0.0,1
table_da28,Vote choice | Candidate facts | Combined,std.error,0.2,1
table_da28,Vote choice | Emotion: Anger | 2018,estimate,1.0,1
table_da28,Vote choice | Emotion: Anger | 2018,std.error,1.2,1
table_da28,Vote choice | Emotion: Anger | 2020D,estimate,0.3,1
table_da28,Vote choice | Emotion: Anger | 2020D,std.error,0.4,1
table_da28,Vote choice | Emotion: Anger | 2020D-2018,estimate,-0.7,1
table_da28,Vote choice | Emotion: Anger | 2020D-2018,std.error,1.3,1
table_da28,Vote choice | Emotion: Anger | 2020P,estimate,0.3,1
table_da28,Vote choice | Emotion: Anger | 2020P,std.error,0.2,1
table_da28,Vote choice | Emotion: Anger | 2020P-2018,estimate,-0.7,1
table_da28,Vote choice | Emotion: Anger | 2020P-2018,std.error,1.2,1
table_da28,Vote choice | Emotion: Anger | 2020P-2020D,estimate,0.0,1
table_da28,Vote choice | Emotion: Anger | 2020P-2020D,std.error,0.5,1
table_da28,Vote choice | Emotion: Anger | Combined,estimate,0.3,1
table_da28,Vote choice | Emotion: Anger | Combined,std.error,0.2,1
table_da28,Vote choice | Explicit vote for | 2018,estimate,2.0,1
table_da28,Vote choice | Explicit vote for | 2018,std.error,0.8,1
table_da28,Vote choice | Explicit vote for | 2020D,estimate,-0.1,1
table_da28,Vote choice | Explicit vote for | 2020D,std.error,0.4,1
table_da28,Vote choice | Explicit vote for | 2020D-2018,estimate,-2.1,1
table_da28,Vote choice | Explicit vote for | 2020D-2018,std.error,0.9,1
table_da28,Vote choice | Explicit vote for | 2020P,estimate,0.3,1
table_da28,Vote choice | Explicit vote for | 2020P,std.error,0.2,1
table_da28,Vote choice | Explicit vote for | 2020P-2018,estimate,-1.7,1
table_da28,Vote choice | Explicit vote for | 2020P-2018,std.error,0.8,1
table_da28,Vote choice | Explicit vote for | 2020P-2020D,estimate,0.4,1
table_da28,Vote choice | Explicit vote for | 2020P-2020D,std.error,0.4,1
table_da28,Vote choice | Explicit vote for | Combined,estimate,0.3,1
table_da28,Vote choice | Explicit vote for | Combined,std.error,0.1,1
table_da28,Vote choice | Intercept | 2018,estimate,-0.9,1
table_da28,Vote choice | Intercept | 2018,std.error,1.2,1
table_da28,Vote choice | Intercept | 2020D,estimate,1.4,1
table_da28,Vote choice | Intercept | 2020D,std.error,0.6,1
table_da28,Vote choice | Intercept | 2020P,estimate,0.7,1
table_da28,Vote choice | Intercept | 2020P,std.error,0.2,1
table_da28,Vote choice | Messenger: Politician | 2018,estimate,1.6,1
table_da28,Vote choice | Messenger: Politician | 2018,std.error,1.5,1
table_da28,Vote choice | Messenger: Politician | 2020D,estimate,0.8,1
table_da28,Vote choice | Messenger: Politician | 2020D,std.error,0.5,1
table_da28,Vote choice | Messenger: Politician | 2020D-2018,estimate,-0.8,1
table_da28,Vote choice | Messenger: Politician | 2020D-2018,std.error,1.6,1
table_da28,Vote choice | Messenger: Politician | 2020P,estimate,0.0,1
table_da28,Vote choice | Messenger: Politician | 2020P,std.error,0.2,1
table_da28,Vote choice | Messenger: Politician | 2020P-2018,estimate,-1.6,1
table_da28,Vote choice | Messenger: Politician | 2020P-2018,std.error,1.5,1
table_da28,Vote choice | Messenger: Politician | 2020P-2020D,estimate,-0.8,1
table_da28,Vote choice | Messenger: Politician | 2020P-2020D,std.error,0.6,1
table_da28,Vote choice | Messenger: Politician | Combined,estimate,0.1,1
table_da28,Vote choice | Messenger: Politician | Combined,std.error,0.2,1
table_da28,Vote choice | N treatments | 2018,value,101,0
table_da28,Vote choice | N treatments | 2020D,value,181,0
table_da28,Vote choice | N treatments | 2020P,value,292,0
table_da28,Vote choice | Neg. name-calling | 2018,estimate,0.9,1
table_da28,Vote choice | Neg. name-calling | 2018,std.error,1.1,1
table_da28,Vote choice | Neg. name-calling | 2020D,estimate,-0.3,1
table_da28,Vote choice | Neg. name-calling | 2020D,std.error,0.4,1
table_da28,Vote choice | Neg. name-calling | 2020D-2018,estimate,-1.2,1
table_da28,Vote choice | Neg. name-calling | 2020D-2018,std.error,1.1,1
table_da28,Vote choice | Neg. name-calling | 2020P,estimate,0.1,1
table_da28,Vote choice | Neg. name-calling | 2020P,std.error,0.2,1
table_da28,Vote choice | Neg. name-calling | 2020P-2018,estimate,-0.8,1
table_da28,Vote choice | Neg. name-calling | 2020P-2018,std.error,1.1,1
table_da28,Vote choice | Neg. name-calling | 2020P-2020D,estimate,0.4,1
table_da28,Vote choice | Neg. name-calling | 2020P-2020D,std.error,0.5,1
table_da28,Vote choice | Neg. name-calling | Combined,estimate,0.1,1
table_da28,Vote choice | Neg. name-calling | Combined,std.error,0.2,1
table_da28,Vote choice | Neg. testimonial | 2018,estimate,0.9,1
table_da28,Vote choice | Neg. testimonial | 2018,std.error,0.8,1
table_da28,Vote choice | Neg. testimonial | 2020D,estimate,0.5,1
table_da28,Vote choice | Neg. testimonial | 2020D,std.error,0.4,1
table_da28,Vote choice | Neg. testimonial | 2020D-2018,estimate,-0.3,1
table_da28,Vote choice | Neg. testimonial | 2020D-2018,std.error,0.9,1
table_da28,Vote choice | Neg. testimonial | 2020P,estimate,0.0,1
table_da28,Vote choice | Neg. testimonial | 2020P,std.error,0.2,1
table_da28,Vote choice | Neg. testimonial | 2020P-2018,estimate,-0.9,1
table_da28,Vote choice | Neg. testimonial | 2020P-2018,std.error,0.9,1
table_da28,Vote choice | Neg. testimonial | 2020P-2020D,estimate,-0.6,1
table_da28,Vote choice | Neg. testimonial | 2020P-2020D,std.error,0.4,1
table_da28,Vote choice | Neg. testimonial | Combined,estimate,0.1,1
table_da28,Vote choice | Neg. testimonial | Combined,std.error,0.1,1
table_da28,Vote choice | Neg. transfer of association | 2018,estimate,0.4,1
table_da28,Vote choice | Neg. transfer of association | 2018,std.error,0.8,1
table_da28,Vote choice | Neg. transfer of association | 2020D,estimate,0.0,1
table_da28,Vote choice | Neg. transfer of association | 2020D,std.error,0.4,1
table_da28,Vote choice | Neg. transfer of association | 2020D-2018,estimate,-0.5,1
table_da28,Vote choice | Neg. transfer of association | 2020D-2018,std.error,0.9,1
table_da28,Vote choice | Neg. transfer of association | 2020P,estimate,0.1,1
table_da28,Vote choice | Neg. transfer of association | 2020P,std.error,0.2,1
table_da28,Vote choice | Neg. transfer of association | 2020P-2018,estimate,-0.3,1
table_da28,Vote choice | Neg. transfer of association | 2020P-2018,std.error,0.9,1
table_da28,Vote choice | Neg. transfer of association | 2020P-2020D,estimate,0.1,1
table_da28,Vote choice | Neg. transfer of association | 2020P-2020D,std.error,0.4,1
table_da28,Vote choice | Neg. transfer of association | Combined,estimate,0.1,1
table_da28,Vote choice | Neg. transfer of association | Combined,std.error,0.2,1
table_da28,Vote choice | New fact | 2018,estimate,0.4,1
table_da28,Vote choice | New fact | 2018,std.error,0.8,1
table_da28,Vote choice | New fact | 2020D,estimate,0.2,1
table_da28,Vote choice | New fact | 2020D,std.error,0.4,1
table_da28,Vote choice | New fact | 2020D-2018,estimate,-0.3,1
table_da28,Vote choice | New fact | 2020D-2018,std.error,0.8,1
table_da28,Vote choice | New fact | 2020P,estimate,0.0,1
table_da28,Vote choice | New fact | 2020P,std.error,0.2,1
table_da28,Vote choice | New fact | 2020P-2018,estimate,-0.5,1
table_da28,Vote choice | New fact | 2020P-2018,std.error,0.8,1
table_da28,Vote choice | New fact | 2020P-2020D,estimate,-0.2,1
table_da28,Vote choice | New fact | 2020P-2020D,std.error,0.4,1
table_da28,Vote choice | New fact | Combined,estimate,0.0,1
table_da28,Vote choice | New fact | Combined,std.error,0.1,1
table_da28,Vote choice | Plain folks | 2018,estimate,0.9,1
table_da28,Vote choice | Plain folks | 2018,std.error,0.9,1
table_da28,Vote choice | Plain folks | 2020D,estimate,0.9,1
table_da28,Vote choice | Plain folks | 2020D,std.error,0.4,1
table_da28,Vote choice | Plain folks | 2020D-2018,estimate,0.0,1
table_da28,Vote choice | Plain folks | 2020D-2018,std.error,1.0,1
table_da28,Vote choice | Plain folks | 2020P,estimate,0.3,1
table_da28,Vote choice | Plain folks | 2020P,std.error,0.2,1
table_da28,Vote choice | Plain folks | 2020P-2018,estimate,-0.6,1
table_da28,Vote choice | Plain folks | 2020P-2018,std.error,0.9,1
table_da28,Vote choice | Plain folks | 2020P-2020D,estimate,-0.6,1
table_da28,Vote choice | Plain folks | 2020P-2020D,std.error,0.5,1
table_da28,Vote choice | Plain folks | Combined,estimate,0.4,1
table_da28,Vote choice | Plain folks | Combined,std.error,0.2,1
table_da28,Vote choice | Policy facts | 2018,estimate,-0.5,1
table_da28,Vote choice | Policy facts | 2018,std.error,0.9,1
table_da28,Vote choice | Policy facts | 2020D,estimate,-0.2,1
table_da28,Vote choice | Policy facts | 2020D,std.error,0.5,1
table_da28,Vote choice | Policy facts | 2020D-2018,estimate,0.3,1
table_da28,Vote choice | Policy facts | 2020D-2018,std.error,1.0,1
table_da28,Vote choice | Policy facts | 2020P,estimate,0.5,1
table_da28,Vote choice | Policy facts | 2020P,std.error,0.2,1
table_da28,Vote choice | Policy facts | 2020P-2018,estimate,1.0,1
table_da28,Vote choice | Policy facts | 2020P-2018,std.error,1.0,1
table_da28,Vote choice | Policy facts | 2020P-2020D,estimate,0.7,1
table_da28,Vote choice | Policy facts | 2020P-2020D,std.error,0.5,1
table_da28,Vote choice | Policy facts | Combined,estimate,0.3,1
table_da28,Vote choice | Policy facts | Combined,std.error,0.2,1
table_da28,Vote choice | Pos. name-calling | 2018,estimate,-1.0,1
table_da28,Vote choice | Pos. name-calling | 2018,std.error,2.7,1
table_da28,Vote choice | Pos. name-calling | 2020D,estimate,-0.4,1
table_da28,Vote choice | Pos. name-calling | 2020D,std.error,0.7,1
table_da28,Vote choice | Pos. name-calling | 2020D-2018,estimate,0.6,1
table_da28,Vote choice | Pos. name-calling | 2020D-2018,std.error,2.8,1
table_da28,Vote choice | Pos. name-calling | 2020P,estimate,0.1,1
table_da28,Vote choice | Pos. name-calling | 2020P,std.error,0.2,1
table_da28,Vote choice | Pos. name-calling | 2020P-2018,estimate,1.1,1
table_da28,Vote choice | Pos. name-calling | 2020P-2018,std.error,2.7,1
table_da28,Vote choice | Pos. name-calling | 2020P-2020D,estimate,0.5,1
table_da28,Vote choice | Pos. name-calling | 2020P-2020D,std.error,0.7,1
table_da28,Vote choice | Pos. name-calling | Combined,estimate,0.1,1
table_da28,Vote choice | Pos. name-calling | Combined,std.error,0.2,1
table_da28,Vote choice | Pos. testimonial | 2018,estimate,-1.2,1
table_da28,Vote choice | Pos. testimonial | 2018,std.error,1.3,1
table_da28,Vote choice | Pos. testimonial | 2020D,estimate,0.0,1
table_da28,Vote choice | Pos. testimonial | 2020D,std.error,0.5,1
table_da28,Vote choice | Pos. testimonial | 2020D-2018,estimate,1.2,1
table_da28,Vote choice | Pos. testimonial | 2020D-2018,std.error,1.4,1
table_da28,Vote choice | Pos. testimonial | 2020P,estimate,0.2,1
table_da28,Vote choice | Pos. testimonial | 2020P,std.error,0.2,1
table_da28,Vote choice | Pos. testimonial | 2020P-2018,estimate,1.4,1
table_da28,Vote choice | Pos. testimonial | 2020P-2018,std.error,1.3,1
table_da28,Vote choice | Pos. testimonial | 2020P-2020D,estimate,0.2,1
table_da28,Vote choice | Pos. testimonial | 2020P-2020D,std.error,0.5,1
table_da28,Vote choice | Pos. testimonial | Combined,estimate,0.1,1
table_da28,Vote choice | Pos. testimonial | Combined,std.error,0.1,1
table_da28,Vote choice | Pos. transfer of association | 2018,estimate,0.4,1
table_da28,Vote choice | Pos. transfer of association | 2018,std.error,1.0,1
table_da28,Vote choice | Pos. transfer of association | 2020D,estimate,0.8,1
table_da28,Vote choice | Pos. transfer of association | 2020D,std.error,0.5,1
table_da28,Vote choice | Pos. transfer of association | 2020D-2018,estimate,0.4,1
table_da28,Vote choice | Pos. transfer of association | 2020D-2018,std.error,1.1,1
table_da28,Vote choice | Pos. transfer of association | 2020P,estimate,0.0,1
table_da28,Vote choice | Pos. transfer of association | 2020P,std.error,0.2,1
table_da28,Vote choice | Pos. transfer of association | 2020P-2018,estimate,-0.3,1
table_da28,Vote choice | Pos. transfer of association | 2020P-2018,std.error,1.1,1
table_da28,Vote choice | Pos. transfer of association | 2020P-2020D,estimate,-0.8,1
table_da28,Vote choice | Pos. transfer of association | 2020P-2020D,std.error,0.5,1
table_da28,Vote choice | Pos. transfer of association | Combined,estimate,0.1,1
table_da28,Vote choice | Pos. transfer of association | Combined,std.error,0.2,1
table_da28,Vote choice | Primary focus: Candidate | 2018,estimate,-0.5,1
table_da28,Vote choice | Primary focus: Candidate | 2018,std.error,1.1,1
table_da28,Vote choice | Primary focus: Candidate | 2020D,estimate,-0.4,1
table_da28,Vote choice | Primary focus: Candidate | 2020D,std.error,0.5,1
table_da28,Vote choice | Primary focus: Candidate | 2020D-2018,estimate,0.1,1
table_da28,Vote choice | Primary focus: Candidate | 2020D-2018,std.error,1.2,1
table_da28,Vote choice | Primary focus: Candidate | 2020P,estimate,-0.2,1
table_da28,Vote choice | Primary focus: Candidate | 2020P,std.error,0.2,1
table_da28,Vote choice | Primary focus: Candidate | 2020P-2018,estimate,0.4,1
table_da28,Vote choice | Primary focus: Candidate | 2020P-2018,std.error,1.1,1
table_da28,Vote choice | Primary focus: Candidate | 2020P-2020D,estimate,0.2,1
table_da28,Vote choice | Primary focus: Candidate | 2020P-2020D,std.error,0.5,1
table_da28,Vote choice | Primary focus: Candidate | Combined,estimate,-0.2,1
table_da28,Vote choice | Primary focus: Candidate | Combined,std.error,0.2,1
table_da28,Vote choice | Primary focus: Issues | 2018,estimate,2.3,1
table_da28,Vote choice | Primary focus: Issues | 2018,std.error,1.1,1
table_da28,Vote choice | Primary focus: Issues | 2020D,estimate,-0.2,1
table_da28,Vote choice | Primary focus: Issues | 2020D,std.error,0.6,1
table_da28,Vote choice | Primary focus: Issues | 2020D-2018,estimate,-2.5,1
table_da28,Vote choice | Primary focus: Issues | 2020D-2018,std.error,1.3,1
table_da28,Vote choice | Primary focus: Issues | 2020P,estimate,-0.5,1
table_da28,Vote choice | Primary focus: Issues | 2020P,std.error,0.2,1
table_da28,Vote choice | Primary focus: Issues | 2020P-2018,estimate,-2.8,1
table_da28,Vote choice | Primary focus: Issues | 2020P-2018,std.error,1.2,1
table_da28,Vote choice | Primary focus: Issues | 2020P-2020D,estimate,-0.3,1
table_da28,Vote choice | Primary focus: Issues | 2020P-2020D,std.error,0.6,1
table_da28,Vote choice | Primary focus: Issues | Combined,estimate,-0.3,1
table_da28,Vote choice | Primary focus: Issues | Combined,std.error,0.2,1
table_da28,Vote choice | R2 all predictors | 2018,value,0.30,2
table_da28,Vote choice | R2 all predictors | 2020D,value,0.51,2
table_da28,Vote choice | R2 all predictors | 2020P,value,<0,0
table_da28,Vote choice | R2 all vs control | 2018,value,0.32,2
table_da28,Vote choice | R2 all vs control | 2020D,value,0.39,2
table_da28,Vote choice | R2 all vs control | 2020P,value,<0,0
table_da28,Vote choice | R2 all vs control | 2020P-2020D,p_diff,0.023,3
table_da28,Vote choice | Race: GA Runoff | 2020D,estimate,-1.1,1
table_da28,Vote choice | Race: GA Runoff | 2020D,std.error,0.4,1
table_da28,Vote choice | Race: Gov | 2018,estimate,-0.7,1
table_da28,Vote choice | Race: Gov | 2018,std.error,1.2,1
table_da28,Vote choice | Race: Other | 2020D,estimate,-1.0,1
table_da28,Vote choice | Race: Other | 2020D,std.error,0.6,1
table_da28,Vote choice | Race: StateLeg | 2018,estimate,-0.9,1
table_da28,Vote choice | Race: StateLeg | 2018,std.error,2.3,1
table_da28,Vote choice | Race: StateLeg | 2020D,estimate,-1.8,1
table_da28,Vote choice | Race: StateLeg | 2020D,std.error,0.6,1
table_da28,Vote choice | tau | 2018,value,1.18,2
table_da28,Vote choice | tau | 2020D,value,0.33,2
table_da28,Vote choice | tau | 2020P,value,0.36,2
table_da29,Favorability | Candidate facts | 2018,estimate,1.1,1
table_da29,Favorability | Candidate facts | 2018,std.error,1.2,1
table_da29,Favorability | Candidate facts | 2020D,estimate,1.0,1
table_da29,Favorability | Candidate facts | 2020D,std.error,0.7,1
table_da29,Favorability | Candidate facts | 2020D-2018,estimate,-0.1,1
table_da29,Favorability | Candidate facts | 2020D-2018,std.error,1.4,1
table_da29,Favorability | Candidate facts | 2020P,estimate,0.0,1
table_da29,Favorability | Candidate facts | 2020P,std.error,0.3,1
table_da29,Favorability | Candidate facts | 2020P-2018,estimate,-1.1,1
table_da29,Favorability | Candidate facts | 2020P-2018,std.error,1.2,1
table_da29,Favorability | Candidate facts | 2020P-2020D,estimate,-1.0,1
table_da29,Favorability | Candidate facts | 2020P-2020D,std.error,0.8,1
table_da29,Favorability | Candidate facts | Combined,estimate,0.2,1
table_da29,Favorability | Candidate facts | Combined,std.error,0.3,1
table_da29,Favorability | Cited fact | 2018,estimate,-0.3,1
table_da29,Favorability | Cited fact | 2018,std.error,0.6,1
table_da29,Favorability | Cited fact | 2020D,estimate,0.2,1
table_da29,Favorability | Cited fact | 2020D,std.error,0.4,1
table_da29,Favorability | Cited fact | 2020D-2018,estimate,0.5,1
table_da29,Favorability | Cited fact | 2020D-2018,std.error,0.7,1
table_da29,Favorability | Cited fact | 2020P,estimate,-0.1,1
table_da29,Favorability | Cited fact | 2020P,std.error,0.2,1
table_da29,Favorability | Cited fact | 2020P-2018,estimate,0.2,1
table_da29,Favorability | Cited fact | 2020P-2018,std.error,0.6,1
table_da29,Favorability | Cited fact | 2020P-2020D,estimate,-0.3,1
table_da29,Favorability | Cited fact | 2020P-2020D,std.error,0.5,1
table_da29,Favorability | Cited fact | Combined,estimate,-0.1,1
table_da29,Favorability | Cited fact | Combined,std.error,0.2,1
table_da29,Favorability | Emotion: Anger | 2018,estimate,-1.1,1
table_da29,Favorability | Emotion: Anger | 2018,std.error,1.0,1
table_da29,Favorability | Emotion: Anger | 2020D,estimate,0.6,1
table_da29,Favorability | Emotion: Anger | 2020D,std.error,0.5,1
table_da29,Favorability | Emotion: Anger | 2020D-2018,estimate,1.6,1
table_da29,Favorability | Emotion: Anger | 2020D-2018,std.error,1.1,1
table_da29,Favorability | Emotion: Anger | 2020P,estimate,-0.1,1
table_da29,Favorability | Emotion: Anger | 2020P,std.error,0.2,1
table_da29,Favorability | Emotion: Anger | 2020P-2018,estimate,1.0,1
table_da29,Favorability | Emotion: Anger | 2020P-2018,std.error,1.0,1
table_da29,Favorability | Emotion: Anger | 2020P-2020D,estimate,-0.6,1
table_da29,Favorability | Emotion: Anger | 2020P-2020D,std.error,0.6,1
table_da29,Favorability | Emotion: Anger | Combined,estimate,0.0,1
table_da29,Favorability | Emotion: Anger | Combined,std.error,0.2,1
table_da29,Favorability | Explicit vote for | 2018,estimate,1.3,1
table_da29,Favorability | Explicit vote for | 2018,std.error,0.7,1
table_da29,Favorability | Explicit vote for | 2020D,estimate,-1.2,1
table_da29,Favorability | Explicit vote for | 2020D,std.error,0.5,1
table_da29,Favorability | Explicit vote for | 2020D-2018,estimate,-2.4,1
table_da29,Favorability | Explicit vote for | 2020D-2018,std.error,0.8,1
table_da29,Favorability | Explicit vote for | 2020P,estimate,0.2,1
table_da29,Favorability | Explicit vote for | 2020P,std.error,0.2,1
table_da29,Favorability | Explicit vote for | 2020P-2018,estimate,-1.1,1
table_da29,Favorability | Explicit vote for | 2020P-2018,std.error,0.7,1
table_da29,Favorability | Explicit vote for | 2020P-2020D,estimate,1.3,1
table_da29,Favorability | Explicit vote for | 2020P-2020D,std.error,0.5,1
table_da29,Favorability | Explicit vote for | Combined,estimate,0.1,1
table_da29,Favorability | Explicit vote for | Combined,std.error,0.2,1
table_da29,Favorability | Intercept | 2018,estimate,-1.8,1
table_da29,Favorability | Intercept | 2018,std.error,1.1,1
table_da29,Favorability | Intercept | 2020D,estimate,1.1,1
table_da29,Favorability | Intercept | 2020D,std.error,1.0,1
table_da29,Favorability | Intercept | 2020P,estimate,0.5,1
table_da29,Favorability | Intercept | 2020P,std.error,0.3,1
table_da29,Favorability | Messenger: Politician | 2018,estimate,2.5,1
table_da29,Favorability | Messenger: Politician | 2018,std.error,1.0,1
table_da29,Favorability | Messenger: Politician | 2020D,estimate,0.0,1
table_da29,Favorability | Messenger: Politician | 2020D,std.error,0.6,1
table_da29,Favorability | Messenger: Politician | 2020D-2018,estimate,-2.5,1
table_da29,Favorability | Messenger: Politician | 2020D-2018,std.error,1.1,1
table_da29,Favorability | Messenger: Politician | 2020P,estimate,-0.1,1
table_da29,Favorability | Messenger: Politician | 2020P,std.error,0.2,1
table_da29,Favorability | Messenger: Politician | 2020P-2018,estimate,-2.6,1
table_da29,Favorability | Messenger: Politician | 2020P-2018,std.error,1.0,1
table_da29,Favorability | Messenger: Politician | 2020P-2020D,estimate,-0.1,1
table_da29,Favorability | Messenger: Politician | 2020P-2020D,std.error,0.7,1
table_da29,Favorability | Messenger: Politician | Combined,estimate,0.0,1
table_da29,Favorability | Messenger: Politician | Combined,std.error,0.2,1
table_da29,Favorability | N treatments | 2018,value,131,0
table_da29,Favorability | N treatments | 2020D,value,131,0
table_da29,Favorability | N treatments | 2020P,value,170,0
table_da29,Favorability | Neg. name-calling | 2018,estimate,0.9,1
table_da29,Favorability | Neg. name-calling | 2018,std.error,0.8,1
table_da29,Favorability | Neg. name-calling | 2020D,estimate,-0.5,1
table_da29,Favorability | Neg. name-calling | 2020D,std.error,0.5,1
table_da29,Favorability | Neg. name-calling | 2020D-2018,estimate,-1.4,1
table_da29,Favorability | Neg. name-calling | 2020D-2018,std.error,1.0,1
table_da29,Favorability | Neg. name-calling | 2020P,estimate,0.1,1
table_da29,Favorability | Neg. name-calling | 2020P,std.error,0.3,1
table_da29,Favorability | Neg. name-calling | 2020P-2018,estimate,-0.8,1
table_da29,Favorability | Neg. name-calling | 2020P-2018,std.error,0.9,1
table_da29,Favorability | Neg. name-calling | 2020P-2020D,estimate,0.6,1
table_da29,Favorability | Neg. name-calling | 2020P-2020D,std.error,0.6,1
table_da29,Favorability | Neg. name-calling | Combined,estimate,0.1,1
table_da29,Favorability | Neg. name-calling | Combined,std.error,0.2,1
table_da29,Favorability | Neg. testimonial | 2018,estimate,1.4,1
table_da29,Favorability | Neg. testimonial | 2018,std.error,0.7,1
table_da29,Favorability | Neg. testimonial | 2020D,estimate,0.6,1
table_da29,Favorability | Neg. testimonial | 2020D,std.error,0.4,1
table_da29,Favorability | Neg. testimonial | 2020D-2018,estimate,-0.8,1
table_da29,Favorability | Neg. testimonial | 2020D-2018,std.error,0.8,1
table_da29,Favorability | Neg. testimonial | 2020P,estimate,0.1,1
table_da29,Favorability | Neg. testimonial | 2020P,std.error,0.2,1
table_da29,Favorability | Neg. testimonial | 2020P-2018,estimate,-1.3,1
table_da29,Favorability | Neg. testimonial | 2020P-2018,std.error,0.7,1
table_da29,Favorability | Neg. testimonial | 2020P-2020D,estimate,-0.5,1
table_da29,Favorability | Neg. testimonial | 2020P-2020D,std.error,0.5,1
table_da29,Favorability | Neg. testimonial | Combined,estimate,0.2,1
table_da29,Favorability | Neg. testimonial | Combined,std.error,0.2,1
table_da29,Favorability | Neg. transfer of association | 2018,estimate,0.2,1
table_da29,Favorability | Neg. transfer of association | 2018,std.error,0.7,1
table_da29,Favorability | Neg. transfer of association | 2020D,estimate,0.1,1
table_da29,Favorability | Neg. transfer of association | 2020D,std.error,0.4,1
table_da29,Favorability | Neg. transfer of association | 2020D-2018,estimate,-0.1,1
table_da29,Favorability | Neg. transfer of association | 2020D-2018,std.error,0.8,1
table_da29,Favorability | Neg. transfer of association | 2020P,estimate,-0.1,1
table_da29,Favorability | Neg. transfer of association | 2020P,std.error,0.2,1
table_da29,Favorability | Neg. transfer of association | 2020P-2018,estimate,-0.3,1
table_da29,Favorability | Neg. transfer of association | 2020P-2018,std.error,0.7,1
table_da29,Favorability | Neg. transfer of association | 2020P-2020D,estimate,-0.2,1
table_da29,Favorability | Neg. transfer of association | 2020P-2020D,std.error,0.5,1
table_da29,Favorability | Neg. transfer of association | Combined,estimate,0.0,1
table_da29,Favorability | Neg. transfer of association | Combined,std.error,0.2,1
table_da29,Favorability | New fact | 2018,estimate,-0.8,1
table_da29,Favorability | New fact | 2018,std.error,0.8,1
table_da29,Favorability | New fact | 2020D,estimate,0.7,1
table_da29,Favorability | New fact | 2020D,std.error,0.5,1
table_da29,Favorability | New fact | 2020D-2018,estimate,1.6,1
table_da29,Favorability | New fact | 2020D-2018,std.error,0.9,1
table_da29,Favorability | New fact | 2020P,estimate,0.2,1
table_da29,Favorability | New fact | 2020P,std.error,0.2,1
table_da29,Favorability | New fact | 2020P-2018,estimate,1.0,1
table_da29,Favorability | New fact | 2020P-2018,std.error,0.8,1
table_da29,Favorability | New fact | 2020P-2020D,estimate,-0.5,1
table_da29,Favorability | New fact | 2020P-2020D,std.error,0.6,1
table_da29,Favorability | New fact | Combined,estimate,0.2,1
table_da29,Favorability | New fact | Combined,std.error,0.2,1
table_da29,Favorability | Plain folks | 2018,estimate,0.4,1
table_da29,Favorability | Plain folks | 2018,std.error,0.8,1
table_da29,Favorability | Plain folks | 2020D,estimate,0.5,1
table_da29,Favorability | Plain folks | 2020D,std.error,0.6,1
table_da29,Favorability | Plain folks | 2020D-2018,estimate,0.1,1
table_da29,Favorability | Plain folks | 2020D-2018,std.error,1.0,1
table_da29,Favorability | Plain folks | 2020P,estimate,0.2,1
table_da29,Favorability | Plain folks | 2020P,std.error,0.2,1
table_da29,Favorability | Plain folks | 2020P-2018,estimate,-0.2,1
table_da29,Favorability | Plain folks | 2020P-2018,std.error,0.8,1
table_da29,Favorability | Plain folks | 2020P-2020D,estimate,-0.3,1
table_da29,Favorability | Plain folks | 2020P-2020D,std.error,0.6,1
table_da29,Favorability | Plain folks | Combined,estimate,0.2,1
table_da29,Favorability | Plain folks | Combined,std.error,0.2,1
table_da29,Favorability | Policy facts | 2018,estimate,0.1,1
table_da29,Favorability | Policy facts | 2018,std.error,0.9,1
table_da29,Favorability | Policy facts | 2020D,estimate,-0.5,1
table_da29,Favorability | Policy facts | 2020D,std.error,0.7,1
table_da29,Favorability | Policy facts | 2020D-2018,estimate,-0.6,1
table_da29,Favorability | Policy facts | 2020D-2018,std.error,1.2,1
table_da29,Favorability | Policy facts | 2020P,estimate,-0.1,1
table_da29,Favorability | Policy facts | 2020P,std.error,0.3,1
table_da29,Favorability | Policy facts | 2020P-2018,estimate,-0.3,1
table_da29,Favorability | Policy facts | 2020P-2018,std.error,1.0,1
table_da29,Favorability | Policy facts | 2020P-2020D,estimate,0.4,1
table_da29,Favorability | Policy facts | 2020P-2020D,std.error,0.8,1
table_da29,Favorability | Policy facts | Combined,estimate,-0.2,1
table_da29,Favorability | Policy facts | Combined,std.error,0.3,1
table_da29,Favorability | Pos. name-calling | 2018,estimate,1.2,1
table_da29,Favorability | Pos. name-calling | 2018,std.error,1.8,1
table_da29,Favorability | Pos. name-calling | 2020D,estimate,-0.7,1
table_da29,Favorability | Pos. name-calling | 2020D,std.error,0.7,1
table_da29,Favorability | Pos. name-calling | 2020D-2018,estimate,-1.9,1
table_da29,Favorability | Pos. name-calling | 2020D-2018,std.error,2.0,1
table_da29,Favorability | Pos. name-calling | 2020P,estimate,-0.1,1
table_da29,Favorability | Pos. name-calling | 2020P,std.error,0.3,1
table_da29,Favorability | Pos. name-calling | 2020P-2018,estimate,-1.4,1
table_da29,Favorability | Pos. name-calling | 2020P-2018,std.error,1.8,1
table_da29,Favorability | Pos. name-calling | 2020P-2020D,estimate,0.6,1
table_da29,Favorability | Pos. name-calling | 2020P-2020D,std.error,0.8,1
table_da29,Favorability | Pos. name-calling | Combined,estimate,-0.2,1
table_da29,Favorability | Pos. name-calling | Combined,std.error,0.3,1
table_da29,Favorability | Pos. testimonial | 2018,estimate,1.2,1
table_da29,Favorability | Pos. testimonial | 2018,std.error,0.9,1
table_da29,Favorability | Pos. testimonial | 2020D,estimate,0.0,1
table_da29,Favorability | Pos. testimonial | 2020D,std.error,0.7,1
table_da29,Favorability | Pos. testimonial | 2020D-2018,estimate,-1.2,1
table_da29,Favorability | Pos. testimonial | 2020D-2018,std.error,1.2,1
table_da29,Favorability | Pos. testimonial | 2020P,estimate,0.2,1
table_da29,Favorability | Pos. testimonial | 2020P,std.error,0.2,1
table_da29,Favorability | Pos. testimonial | 2020P-2018,estimate,-1.0,1
table_da29,Favorability | Pos. testimonial | 2020P-2018,std.error,1.0,1
table_da29,Favorability | Pos. testimonial | 2020P-2020D,estimate,0.2,1
table_da29,Favorability | Pos. testimonial | 2020P-2020D,std.error,0.7,1
table_da29,Favorability | Pos. testimonial | Combined,estimate,0.2,1
table_da29,Favorability | Pos. testimonial | Combined,std.error,0.2,1
table_da29,Favorability | Pos. transfer of association | 2018,estimate,-0.7,1
table_da29,Favorability | Pos. transfer of association | 2018,std.error,0.8,1
table_da29,Favorability | Pos. transfer of association | 2020D,estimate,-0.6,1
table_da29,Favorability | Pos. transfer of association | 2020D,std.error,0.6,1
table_da29,Favorability | Pos. transfer of association | 2020D-2018,estimate,0.0,1
table_da29,Favorability | Pos. transfer of association | 2020D-2018,std.error,1.0,1
table_da29,Favorability | Pos. transfer of association | 2020P,estimate,0.1,1
table_da29,Favorability | Pos. transfer of association | 2020P,std.error,0.2,1
table_da29,Favorability | Pos. transfer of association | 2020P-2018,estimate,0.7,1
table_da29,Favorability | Pos. transfer of association | 2020P-2018,std.error,0.8,1
table_da29,Favorability | Pos. transfer of association | 2020P-2020D,estimate,0.7,1
table_da29,Favorability | Pos. transfer of association | 2020P-2020D,std.error,0.7,1
table_da29,Favorability | Pos. transfer of association | Combined,estimate,0.0,1
table_da29,Favorability | Pos. transfer of association | Combined,std.error,0.2,1
table_da29,Favorability | Primary focus: Candidate | 2018,estimate,0.9,1
table_da29,Favorability | Primary focus: Candidate | 2018,std.error,0.9,1
table_da29,Favorability | Primary focus: Candidate | 2020D,estimate,0.1,1
table_da29,Favorability | Primary focus: Candidate | 2020D,std.error,0.6,1
table_da29,Favorability | Primary focus: Candidate | 2020D-2018,estimate,-0.7,1
table_da29,Favorability | Primary focus: Candidate | 2020D-2018,std.error,1.1,1
table_da29,Favorability | Primary focus: Candidate | 2020P,estimate,0.0,1
table_da29,Favorability | Primary focus: Candidate | 2020P,std.error,0.3,1
table_da29,Favorability | Primary focus: Candidate | 2020P-2018,estimate,-0.8,1
table_da29,Favorability | Primary focus: Candidate | 2020P-2018,std.error,0.9,1
table_da29,Favorability | Primary focus: Candidate | 2020P-2020D,estimate,-0.1,1
table_da29,Favorability | Primary focus: Candidate | 2020P-2020D,std.error,0.7,1
table_da29,Favorability | Primary focus: Candidate | Combined,estimate,0.1,1
table_da29,Favorability | Primary focus: Candidate | Combined,std.error,0.2,1
table_da29,Favorability | Primary focus: Issues | 2018,estimate,3.2,1
table_da29,Favorability | Primary focus: Issues | 2018,std.error,0.9,1
table_da29,Favorability | Primary focus: Issues | 2020D,estimate,-0.8,1
table_da29,Favorability | Primary focus: Issues | 2020D,std.error,0.8,1
table_da29,Favorability | Primary focus: Issues | 2020D-2018,estimate,-4.0,1
table_da29,Favorability | Primary focus: Issues | 2020D-2018,std.error,1.2,1
table_da29,Favorability | Primary focus: Issues | 2020P,estimate,0.2,1
table_da29,Favorability | Primary focus: Issues | 2020P,std.error,0.3,1
table_da29,Favorability | Primary focus: Issues | 2020P-2018,estimate,-3.0,1
table_da29,Favorability | Primary focus: Issues | 2020P-2018,std.error,0.9,1
table_da29,Favorability | Primary focus: Issues | 2020P-2020D,estimate,1.0,1
table_da29,Favorability | Primary focus: Issues | 2020P-2020D,std.error,0.9,1
table_da29,Favorability | Primary focus: Issues | Combined,estimate,0.3,1
table_da29,Favorability | Primary focus: Issues | Combined,std.error,0.2,1
table_da29,Favorability | Production value: High | 2018,estimate,0.9,1
table_da29,Favorability | Production value: High | 2018,std.error,0.7,1
table_da29,Favorability | Production value: High | 2020D,estimate,0.8,1
table_da29,Favorability | Production value: High | 2020D,std.error,0.6,1
table_da29,Favorability | Production value: High | 2020D-2018,estimate,-0.1,1
table_da29,Favorability | Production value: High | 2020D-2018,std.error,0.9,1
table_da29,Favorability | Production value: High | 2020P,estimate,0.1,1
table_da29,Favorability | Production value: High | 2020P,std.error,0.2,1
table_da29,Favorability | Production value: High | 2020P-2018,estimate,-0.9,1
table_da29,Favorability | Production value: High | 2020P-2018,std.error,0.7,1
table_da29,Favorability | Production value: High | 2020P-2020D,estimate,-0.7,1
table_da29,Favorability | Production value: High | 2020P-2020D,std.error,0.6,1
table_da29,Favorability | Production value: High | Combined,estimate,0.2,1
table_da29,Favorability | Production value: High | Combined,std.error,0.2,1
table_da29,Favorability | R2 all predictors | 2018,value,0.48,2
table_da29,Favorability | R2 all predictors | 2020D,value,0.19,2
table_da29,Favorability | R2 all predictors | 2020P,value,0.11,2
table_da29,Favorability | R2 all vs control | 2018,value,0.28,2
table_da29,Favorability | R2 all vs control | 2020D,value,0.15,2
table_da29,Favorability | R2 all vs control | 2020P,value,0.11,2
table_da29,Favorability | R2 all vs control | 2020P-2020D,p_diff,0.000,3
table_da29,Favorability | Race: Gov | 2018,estimate,0.2,1
table_da29,Favorability | Race: Gov | 2018,std.error,0.8,1
table_da29,Favorability | Race: Other | 2020D,estimate,-0.9,1
table_da29,Favorability | Race: Other | 2020D,std.error,0.7,1
table_da29,Favorability | Race: StateLeg | 2018,estimate,0.2,1
table_da29,Favorability | Race: StateLeg | 2018,std.error,1.0,1
table_da29,Favorability | Race: StateLeg | 2020D,estimate,-1.4,1
table_da29,Favorability | Race: StateLeg | 2020D,std.error,0.5,1
table_da29,Favorability | Specificity: Candidate facts | 2018,estimate,0.5,1
table_da29,Favorability | Specificity: Candidate facts | 2018,std.error,0.6,1
table_da29,Favorability | Specificity: Candidate facts | 2020D,estimate,0.2,1
table_da29,Favorability | Specificity: Candidate facts | 2020D,std.error,0.5,1
table_da29,Favorability | Specificity: Candidate facts | 2020D-2018,estimate,-0.3,1
table_da29,Favorability | Specificity: Candidate facts | 2020D-2018,std.error,0.8,1
table_da29,Favorability | Specificity: Candidate facts | 2020P,estimate,-0.1,1
table_da29,Favorability | Specificity: Candidate facts | 2020P,std.error,0.2,1
table_da29,Favorability | Specificity: Candidate facts | 2020P-2018,estimate,-0.7,1
table_da29,Favorability | Specificity: Candidate facts | 2020P-2018,std.error,0.6,1
table_da29,Favorability | Specificity: Candidate facts | 2020P-2020D,estimate,-0.3,1
table_da29,Favorability | Specificity: Candidate facts | 2020P-2020D,std.error,0.6,1
table_da29,Favorability | Specificity: Candidate facts | Combined,estimate,0.0,1
table_da29,Favorability | Specificity: Candidate facts | Combined,std.error,0.2,1
table_da29,Favorability | Specificity: Policy facts | 2018,estimate,-0.1,1
table_da29,Favorability | Specificity: Policy facts | 2018,std.error,0.6,1
table_da29,Favorability | Specificity: Policy facts | 2020D,estimate,0.6,1
table_da29,Favorability | Specificity: Policy facts | 2020D,std.error,0.5,1
table_da29,Favorability | Specificity: Policy facts | 2020D-2018,estimate,0.7,1
table_da29,Favorability | Specificity: Policy facts | 2020D-2018,std.error,0.8,1
table_da29,Favorability | Specificity: Policy facts | 2020P,estimate,0.4,1
table_da29,Favorability | Specificity: Policy facts | 2020P,std.error,0.2,1
table_da29,Favorability | Specificity: Policy facts | 2020P-2018,estimate,0.5,1
table_da29,Favorability | Specificity: Policy facts | 2020P-2018,std.error,0.7,1
table_da29,Favorability | Specificity: Policy facts | 2020P-2020D,estimate,-0.2,1
table_da29,Favorability | Specificity: Policy facts | 2020P-2020D,std.error,0.5,1
table_da29,Favorability | Specificity: Policy facts | Combined,estimate,0.4,1
table_da29,Favorability | Specificity: Policy facts | Combined,std.error,0.2,1
table_da29,Favorability | tau | 2018,value,1.20,2
table_da29,Favorability | tau | 2020D,value,0.76,2
table_da29,Favorability | tau | 2020P,value,0.41,2
table_da29,Vote choice | Candidate facts | 2018,estimate,0.2,1
table_da29,Vote choice | Candidate facts | 2018,std.error,1.5,1
table_da29,Vote choice | Candidate facts | 2020D,estimate,1.2,1
table_da29,Vote choice | Candidate facts | 2020D,std.error,0.6,1
table_da29,Vote choice | Candidate facts | 2020D-2018,estimate,1.0,1
table_da29,Vote choice | Candidate facts | 2020D-2018,std.error,1.6,1
table_da29,Vote choice | Candidate facts | 2020P,estimate,-0.1,1
table_da29,Vote choice | Candidate facts | 2020P,std.error,0.2,1
table_da29,Vote choice | Candidate facts | 2020P-2018,estimate,-0.3,1
table_da29,Vote choice | Candidate facts | 2020P-2018,std.error,1.5,1
table_da29,Vote choice | Candidate facts | 2020P-2020D,estimate,-1.3,1
table_da29,Vote choice | Candidate facts | 2020P-2020D,std.error,0.6,1
table_da29,Vote choice | Candidate facts | Combined,estimate,0.1,1
table_da29,Vote choice | Candidate facts | Combined,std.error,0.2,1
table_da29,Vote choice | Cited fact | 2018,estimate,0.5,1
table_da29,Vote choice | Cited fact | 2018,std.error,0.8,1
table_da29,Vote choice | Cited fact | 2020D,estimate,0.1,1
table_da29,Vote choice | Cited fact | 2020D,std.error,0.4,1
table_da29,Vote choice | Cited fact | 2020D-2018,estimate,-0.4,1
table_da29,Vote choice | Cited fact | 2020D-2018,std.error,0.9,1
table_da29,Vote choice | Cited fact | 2020P,estimate,-0.2,1
table_da29,Vote choice | Cited fact | 2020P,std.error,0.2,1
table_da29,Vote choice | Cited fact | 2020P-2018,estimate,-0.7,1
table_da29,Vote choice | Cited fact | 2020P-2018,std.error,0.8,1
table_da29,Vote choice | Cited fact | 2020P-2020D,estimate,-0.3,1
table_da29,Vote choice | Cited fact | 2020P-2020D,std.error,0.4,1
table_da29,Vote choice | Cited fact | Combined,estimate,-0.2,1
table_da29,Vote choice | Cited fact | Combined,std.error,0.2,1
table_da29,Vote choice | Emotion: Anger | 2018,estimate,0.9,1
table_da29,Vote choice | Emotion: Anger | 2018,std.error,1.3,1
table_da29,Vote choice | Emotion: Anger | 2020D,estimate,0.2,1
table_da29,Vote choice | Emotion: Anger | 2020D,std.error,0.4,1
table_da29,Vote choice | Emotion: Anger | 2020D-2018,estimate,-0.7,1
table_da29,Vote choice | Emotion: Anger | 2020D-2018,std.error,1.3,1
table_da29,Vote choice | Emotion: Anger | 2020P,estimate,0.3,1
table_da29,Vote choice | Emotion: Anger | 2020P,std.error,0.2,1
table_da29,Vote choice | Emotion: Anger | 2020P-2018,estimate,-0.7,1
table_da29,Vote choice | Emotion: Anger | 2020P-2018,std.error,1.3,1
table_da29,Vote choice | Emotion: Anger | 2020P-2020D,estimate,0.0,1
table_da29,Vote choice | Emotion: Anger | 2020P-2020D,std.error,0.5,1
table_da29,Vote choice | Emotion: Anger | Combined,estimate,0.3,1
table_da29,Vote choice | Emotion: Anger | Combined,std.error,0.2,1
table_da29,Vote choice | Explicit vote for | 2018,estimate,2.1,1
table_da29,Vote choice | Explicit vote for | 2018,std.error,0.9,1
table_da29,Vote choice | Explicit vote for | 2020D,estimate,-0.3,1
table_da29,Vote choice | Explicit vote for | 2020D,std.error,0.4,1
table_da29,Vote choice | Explicit vote for | 2020D-2018,estimate,-2.4,1
table_da29,Vote choice | Explicit vote for | 2020D-2018,std.error,0.9,1
table_da29,Vote choice | Explicit vote for | 2020P,estimate,0.3,1
table_da29,Vote choice | Explicit vote for | 2020P,std.error,0.2,1
table_da29,Vote choice | Explicit vote for | 2020P-2018,estimate,-1.8,1
table_da29,Vote choice | Explicit vote for | 2020P-2018,std.error,0.9,1
table_da29,Vote choice | Explicit vote for | 2020P-2020D,estimate,0.6,1
table_da29,Vote choice | Explicit vote for | 2020P-2020D,std.error,0.4,1
table_da29,Vote choice | Explicit vote for | Combined,estimate,0.3,1
table_da29,Vote choice | Explicit vote for | Combined,std.error,0.2,1
table_da29,Vote choice | Intercept | 2018,estimate,-1.4,1
table_da29,Vote choice | Intercept | 2018,std.error,1.4,1
table_da29,Vote choice | Intercept | 2020D,estimate,0.7,1
table_da29,Vote choice | Intercept | 2020D,std.error,0.7,1
table_da29,Vote choice | Intercept | 2020P,estimate,0.7,1
table_da29,Vote choice | Intercept | 2020P,std.error,0.2,1
table_da29,Vote choice | Messenger: Politician | 2018,estimate,1.6,1
table_da29,Vote choice | Messenger: Politician | 2018,std.error,1.6,1
table_da29,Vote choice | Messenger: Politician | 2020D,estimate,0.6,1
table_da29,Vote choice | Messenger: Politician | 2020D,std.error,0.5,1
table_da29,Vote choice | Messenger: Politician | 2020D-2018,estimate,-1.0,1
table_da29,Vote choice | Messenger: Politician | 2020D-2018,std.error,1.7,1
table_da29,Vote choice | Messenger: Politician | 2020P,estimate,0.0,1
table_da29,Vote choice | Messenger: Politician | 2020P,std.error,0.2,1
table_da29,Vote choice | Messenger: Politician | 2020P-2018,estimate,-1.6,1
table_da29,Vote choice | Messenger: Politician | 2020P-2018,std.error,1.6,1
table_da29,Vote choice | Messenger: Politician | 2020P-2020D,estimate,-0.6,1
table_da29,Vote choice | Messenger: Politician | 2020P-2020D,std.error,0.6,1
table_da29,Vote choice | Messenger: Politician | Combined,estimate,0.1,1
table_da29,Vote choice | Messenger: Politician | Combined,std.error,0.2,1
table_da29,Vote choice | N treatments | 2018,value,101,0
table_da29,Vote choice | N treatments | 2020D,value,181,0
table_da29,Vote choice | N treatments | 2020P,value,292,0
table_da29,Vote choice | Neg. name-calling | 2018,estimate,1.1,1
table_da29,Vote choice | Neg. name-calling | 2018,std.error,1.1,1
table_da29,Vote choice | Neg. name-calling | 2020D,estimate,-0.2,1
table_da29,Vote choice | Neg. name-calling | 2020D,std.error,0.4,1
table_da29,Vote choice | Neg. name-calling | 2020D-2018,estimate,-1.3,1
table_da29,Vote choice | Neg. name-calling | 2020D-2018,std.error,1.2,1
table_da29,Vote choice | Neg. name-calling | 2020P,estimate,0.1,1
table_da29,Vote choice | Neg. name-calling | 2020P,std.error,0.2,1
table_da29,Vote choice | Neg. name-calling | 2020P-2018,estimate,-1.0,1
table_da29,Vote choice | Neg. name-calling | 2020P-2018,std.error,1.2,1
table_da29,Vote choice | Neg. name-calling | 2020P-2020D,estimate,0.3,1
table_da29,Vote choice | Neg. name-calling | 2020P-2020D,std.error,0.5,1
table_da29,Vote choice | Neg. name-calling | Combined,estimate,0.1,1
table_da29,Vote choice | Neg. name-calling | Combined,std.error,0.2,1
table_da29,Vote choice | Neg. testimonial | 2018,estimate,1.0,1
table_da29,Vote choice | Neg. testimonial | 2018,std.error,0.9,1
table_da29,Vote choice | Neg. testimonial | 2020D,estimate,0.6,1
table_da29,Vote choice | Neg. testimonial | 2020D,std.error,0.4,1
table_da29,Vote choice | Neg. testimonial | 2020D-2018,estimate,-0.4,1
table_da29,Vote choice | Neg. testimonial | 2020D-2018,std.error,1.0,1
table_da29,Vote choice | Neg. testimonial | 2020P,estimate,0.0,1
table_da29,Vote choice | Neg. testimonial | 2020P,std.error,0.2,1
table_da29,Vote choice | Neg. testimonial | 2020P-2018,estimate,-1.1,1
table_da29,Vote choice | Neg. testimonial | 2020P-2018,std.error,0.9,1
table_da29,Vote choice | Neg. testimonial | 2020P-2020D,estimate,-0.7,1
table_da29,Vote choice | Neg. testimonial | 2020P-2020D,std.error,0.4,1
table_da29,Vote choice | Neg. testimonial | Combined,estimate,0.1,1
table_da29,Vote choice | Neg. testimonial | Combined,std.error,0.2,1
table_da29,Vote choice | Neg. transfer of association | 2018,estimate,0.4,1
table_da29,Vote choice | Neg. transfer of association | 2018,std.error,0.9,1
table_da29,Vote choice | Neg. transfer of association | 2020D,estimate,-0.1,1
table_da29,Vote choice | Neg. transfer of association | 2020D,std.error,0.4,1
table_da29,Vote choice | Neg. transfer of association | 2020D-2018,estimate,-0.5,1
table_da29,Vote choice | Neg. transfer of association | 2020D-2018,std.error,1.0,1
table_da29,Vote choice | Neg. transfer of association | 2020P,estimate,0.2,1
table_da29,Vote choice | Neg. transfer of association | 2020P,std.error,0.2,1
table_da29,Vote choice | Neg. transfer of association | 2020P-2018,estimate,-0.3,1
table_da29,Vote choice | Neg. transfer of association | 2020P-2018,std.error,0.9,1
table_da29,Vote choice | Neg. transfer of association | 2020P-2020D,estimate,0.2,1
table_da29,Vote choice | Neg. transfer of association | 2020P-2020D,std.error,0.5,1
table_da29,Vote choice | Neg. transfer of association | Combined,estimate,0.1,1
table_da29,Vote choice | Neg. transfer of association | Combined,std.error,0.2,1
table_da29,Vote choice | New fact | 2018,estimate,-0.2,1
table_da29,Vote choice | New fact | 2018,std.error,1.0,1
table_da29,Vote choice | New fact | 2020D,estimate,0.3,1
table_da29,Vote choice | New fact | 2020D,std.error,0.5,1
table_da29,Vote choice | New fact | 2020D-2018,estimate,0.5,1
table_da29,Vote choice | New fact | 2020D-2018,std.error,1.1,1
table_da29,Vote choice | New fact | 2020P,estimate,0.1,1
table_da29,Vote choice | New fact | 2020P,std.error,0.2,1
table_da29,Vote choice | New fact | 2020P-2018,estimate,0.2,1
table_da29,Vote choice | New fact | 2020P-2018,std.error,1.0,1
table_da29,Vote choice | New fact | 2020P-2020D,estimate,-0.3,1
table_da29,Vote choice | New fact | 2020P-2020D,std.error,0.5,1
table_da29,Vote choice | New fact | Combined,estimate,0.1,1
table_da29,Vote choice | New fact | Combined,std.error,0.2,1
table_da29,Vote choice | Plain folks | 2018,estimate,1.0,1
table_da29,Vote choice | Plain folks | 2018,std.error,0.9,1
table_da29,Vote choice | Plain folks | 2020D,estimate,0.9,1
table_da29,Vote choice | Plain folks | 2020D,std.error,0.5,1
table_da29,Vote choice | Plain folks | 2020D-2018,estimate,0.0,1
table_da29,Vote choice | Plain folks | 2020D-2018,std.error,1.0,1
table_da29,Vote choice | Plain folks | 2020P,estimate,0.3,1
table_da29,Vote choice | Plain folks | 2020P,std.error,0.2,1
table_da29,Vote choice | Plain folks | 2020P-2018,estimate,-0.6,1
table_da29,Vote choice | Plain folks | 2020P-2018,std.error,0.9,1
table_da29,Vote choice | Plain folks | 2020P-2020D,estimate,-0.6,1
table_da29,Vote choice | Plain folks | 2020P-2020D,std.error,0.5,1
table_da29,Vote choice | Plain folks | Combined,estimate,0.4,1
table_da29,Vote choice | Plain folks | Combined,std.error,0.2,1
table_da29,Vote choice | Policy facts | 2018,estimate,-1.0,1
table_da29,Vote choice | Policy facts | 2018,std.error,1.2,1
table_da29,Vote choice | Policy facts | 2020D,estimate,-0.1,1
table_da29,Vote choice | Policy facts | 2020D,std.error,0.6,1
table_da29,Vote choice | Policy facts | 2020D-2018,estimate,0.9,1
table_da29,Vote choice | Policy facts | 2020D-2018,std.error,1.4,1
table_da29,Vote choice | Policy facts | 2020P,estimate,0.4,1
table_da29,Vote choice | Policy facts | 2020P,std.error,0.3,1
table_da29,Vote choice | Policy facts | 2020P-2018,estimate,1.4,1
table_da29,Vote choice | Policy facts | 2020P-2018,std.error,1.3,1
table_da29,Vote choice | Policy facts | 2020P-2020D,estimate,0.4,1
table_da29,Vote choice | Policy facts | 2020P-2020D,std.error,0.6,1
table_da29,Vote choice | Policy facts | Combined,estimate,0.2,1
table_da29,Vote choice | Policy facts | Combined,std.error,0.2,1
table_da29,Vote choice | Pos. name-calling | 2018,estimate,-0.5,1
table_da29,Vote choice | Pos. name-calling | 2018,std.error,2.9,1
table_da29,Vote choice | Pos. name-calling | 2020D,estimate,-0.6,1
table_da29,Vote choice | Pos. name-calling | 2020D,std.error,0.7,1
table_da29,Vote choice | Pos. name-calling | 2020D-2018,estimate,0.0,1
table_da29,Vote choice | Pos. name-calling | 2020D-2018,std.error,3.0,1
table_da29,Vote choice | Pos. name-calling | 2020P,estimate,0.1,1
table_da29,Vote choice | Pos. name-calling | 2020P,std.error,0.2,1
table_da29,Vote choice | Pos. name-calling | 2020P-2018,estimate,0.6,1
table_da29,Vote choice | Pos. name-calling | 2020P-2018,std.error,2.9,1
table_da29,Vote choice | Pos. name-calling | 2020P-2020D,estimate,0.7,1
table_da29,Vote choice | Pos. name-calling | 2020P-2020D,std.error,0.7,1
table_da29,Vote choice | Pos. name-calling | Combined,estimate,0.0,1
table_da29,Vote choice | Pos. name-calling | Combined,std.error,0.2,1
table_da29,Vote choice | Pos. testimonial | 2018,estimate,-1.0,1
table_da29,Vote choice | Pos. testimonial | 2018,std.error,1.5,1
table_da29,Vote choice | Pos. testimonial | 2020D,estimate,0.4,1
table_da29,Vote choice | Pos. testimonial | 2020D,std.error,0.5,1
table_da29,Vote choice | Pos. testimonial | 2020D-2018,estimate,1.4,1
table_da29,Vote choice | Pos. testimonial | 2020D-2018,std.error,1.5,1
table_da29,Vote choice | Pos. testimonial | 2020P,estimate,0.1,1
table_da29,Vote choice | Pos. testimonial | 2020P,std.error,0.2,1
table_da29,Vote choice | Pos. testimonial | 2020P-2018,estimate,1.1,1
table_da29,Vote choice | Pos. testimonial | 2020P-2018,std.error,1.5,1
table_da29,Vote choice | Pos. testimonial | 2020P-2020D,estimate,-0.3,1
table_da29,Vote choice | Pos. testimonial | 2020P-2020D,std.error,0.5,1
table_da29,Vote choice | Pos. testimonial | Combined,estimate,0.1,1
table_da29,Vote choice | Pos. testimonial | Combined,std.error,0.2,1
table_da29,Vote choice | Pos. transfer of association | 2018,estimate,0.4,1
table_da29,Vote choice | Pos. transfer of association | 2018,std.error,1.1,1
table_da29,Vote choice | Pos. transfer of association | 2020D,estimate,0.8,1
table_da29,Vote choice | Pos. transfer of association | 2020D,std.error,0.5,1
table_da29,Vote choice | Pos. transfer of association | 2020D-2018,estimate,0.4,1
table_da29,Vote choice | Pos. transfer of association | 2020D-2018,std.error,1.2,1
table_da29,Vote choice | Pos. transfer of association | 2020P,estimate,0.0,1
table_da29,Vote choice | Pos. transfer of association | 2020P,std.error,0.2,1
table_da29,Vote choice | Pos. transfer of association | 2020P-2018,estimate,-0.4,1
table_da29,Vote choice | Pos. transfer of association | 2020P-2018,std.error,1.1,1
table_da29,Vote choice | Pos. transfer of association | 2020P-2020D,estimate,-0.8,1
table_da29,Vote choice | Pos. transfer of association | 2020P-2020D,std.error,0.5,1
table_da29,Vote choice | Pos. transfer of association | Combined,estimate,0.1,1
table_da29,Vote choice | Pos. transfer of association | Combined,std.error,0.2,1
table_da29,Vote choice | Primary focus: Candidate | 2018,estimate,-0.5,1
table_da29,Vote choice | Primary focus: Candidate | 2018,std.error,1.1,1
table_da29,Vote choice | Primary focus: Candidate | 2020D,estimate,-0.4,1
table_da29,Vote choice | Primary focus: Candidate | 2020D,std.error,0.5,1
table_da29,Vote choice | Primary focus: Candidate | 2020D-2018,estimate,0.1,1
table_da29,Vote choice | Primary focus: Candidate | 2020D-2018,std.error,1.2,1
table_da29,Vote choice | Primary focus: Candidate | 2020P,estimate,-0.1,1
table_da29,Vote choice | Primary focus: Candidate | 2020P,std.error,0.2,1
table_da29,Vote choice | Primary focus: Candidate | 2020P-2018,estimate,0.4,1
table_da29,Vote choice | Primary focus: Candidate | 2020P-2018,std.error,1.2,1
table_da29,Vote choice | Primary focus: Candidate | 2020P-2020D,estimate,0.3,1
table_da29,Vote choice | Primary focus: Candidate | 2020P-2020D,std.error,0.5,1
table_da29,Vote choice | Primary focus: Candidate | Combined,estimate,-0.2,1
table_da29,Vote choice | Primary focus: Candidate | Combined,std.error,0.2,1
table_da29,Vote choice | Primary focus: Issues | 2018,estimate,2.6,1
table_da29,Vote choice | Primary focus: Issues | 2018,std.error,1.2,1
table_da29,Vote choice | Primary focus: Issues | 2020D,estimate,-0.2,1
table_da29,Vote choice | Primary focus: Issues | 2020D,std.error,0.6,1
table_da29,Vote choice | Primary focus: Issues | 2020D-2018,estimate,-2.8,1
table_da29,Vote choice | Primary focus: Issues | 2020D-2018,std.error,1.3,1
table_da29,Vote choice | Primary focus: Issues | 2020P,estimate,-0.4,1
table_da29,Vote choice | Primary focus: Issues | 2020P,std.error,0.2,1
table_da29,Vote choice | Primary focus: Issues | 2020P-2018,estimate,-3.0,1
table_da29,Vote choice | Primary focus: Issues | 2020P-2018,std.error,1.2,1
table_da29,Vote choice | Primary focus: Issues | 2020P-2020D,estimate,-0.2,1
table_da29,Vote choice | Primary focus: Issues | 2020P-2020D,std.error,0.6,1
table_da29,Vote choice | Primary focus: Issues | Combined,estimate,-0.3,1
table_da29,Vote choice | Primary focus: Issues | Combined,std.error,0.2,1
table_da29,Vote choice | Production value: High | 2018,estimate,0.5,1
table_da29,Vote choice | Production value: High | 2018,std.error,1.0,1
table_da29,Vote choice | Production value: High | 2020D,estimate,1.0,1
table_da29,Vote choice | Production value: High | 2020D,std.error,0.5,1
table_da29,Vote choice | Production value: High | 2020D-2018,estimate,0.5,1
table_da29,Vote choice | Production value: High | 2020D-2018,std.error,1.1,1
table_da29,Vote choice | Production value: High | 2020P,estimate,0.1,1
table_da29,Vote choice | Production value: High | 2020P,std.error,0.2,1
table_da29,Vote choice | Production value: High | 2020P-2018,estimate,-0.4,1
table_da29,Vote choice | Production value: High | 2020P-2018,std.error,1.0,1
table_da29,Vote choice | Production value: High | 2020P-2020D,estimate,-0.9,1
table_da29,Vote choice | Production value: High | 2020P-2020D,std.error,0.5,1
table_da29,Vote choice | Production value: High | Combined,estimate,0.2,1
table_da29,Vote choice | Production value: High | Combined,std.error,0.2,1
table_da29,Vote choice | R2 all predictors | 2018,value,0.15,2
table_da29,Vote choice | R2 all predictors | 2020D,value,0.38,2
table_da29,Vote choice | R2 all predictors | 2020P,value,<0,0
table_da29,Vote choice | R2 all vs control | 2018,value,0.17,2
table_da29,Vote choice | R2 all vs control | 2020D,value,0.22,2
table_da29,Vote choice | R2 all vs control | 2020P,value,<0,0
table_da29,Vote choice | R2 all vs control | 2020P-2020D,p_diff,0.081,3
table_da29,Vote choice | Race: GA Runoff | 2020D,estimate,-0.9,1
table_da29,Vote choice | Race: GA Runoff | 2020D,std.error,0.4,1
table_da29,Vote choice | Race: Gov | 2018,estimate,-0.8,1
table_da29,Vote choice | Race: Gov | 2018,std.error,1.3,1
table_da29,Vote choice | Race: Other | 2020D,estimate,-1.0,1
table_da29,Vote choice | Race: Other | 2020D,std.error,0.6,1
table_da29,Vote choice | Race: StateLeg | 2018,estimate,-1.2,1
table_da29,Vote choice | Race: StateLeg | 2018,std.error,2.4,1
table_da29,Vote choice | Race: StateLeg | 2020D,estimate,-1.8,1
table_da29,Vote choice | Race: StateLeg | 2020D,std.error,0.6,1
table_da29,Vote choice | Specificity: Candidate facts | 2018,estimate,0.3,1
table_da29,Vote choice | Specificity: Candidate facts | 2018,std.error,0.8,1
table_da29,Vote choice | Specificity: Candidate facts | 2020D,estimate,-0.4,1
table_da29,Vote choice | Specificity: Candidate facts | 2020D,std.error,0.4,1
table_da29,Vote choice | Specificity: Candidate facts | 2020D-2018,estimate,-0.7,1
table_da29,Vote choice | Specificity: Candidate facts | 2020D-2018,std.error,0.9,1
table_da29,Vote choice | Specificity: Candidate facts | 2020P,estimate,-0.1,1
table_da29,Vote choice | Specificity: Candidate facts | 2020P,std.error,0.2,1
table_da29,Vote choice | Specificity: Candidate facts | 2020P-2018,estimate,-0.4,1
table_da29,Vote choice | Specificity: Candidate facts | 2020P-2018,std.error,0.8,1
table_da29,Vote choice | Specificity: Candidate facts | 2020P-2020D,estimate,0.3,1
table_da29,Vote choice | Specificity: Candidate facts | 2020P-2020D,std.error,0.5,1
table_da29,Vote choice | Specificity: Candidate facts | Combined,estimate,-0.1,1
table_da29,Vote choice | Specificity: Candidate facts | Combined,std.error,0.2,1
table_da29,Vote choice | Specificity: Policy facts | 2018,estimate,0.5,1
table_da29,Vote choice | Specificity: Policy facts | 2018,std.error,0.8,1
table_da29,Vote choice | Specificity: Policy facts | 2020D,estimate,-0.2,1
table_da29,Vote choice | Specificity: Policy facts | 2020D,std.error,0.4,1
table_da29,Vote choice | Specificity: Policy facts | 2020D-2018,estimate,-0.7,1
table_da29,Vote choice | Specificity: Policy facts | 2020D-2018,std.error,0.9,1
table_da29,Vote choice | Specificity: Policy facts | 2020P,estimate,0.1,1
table_da29,Vote choice | Specificity: Policy facts | 2020P,std.error,0.2,1
table_da29,Vote choice | Specificity: Policy facts | 2020P-2018,estimate,-0.5,1
table_da29,Vote choice | Specificity: Policy facts | 2020P-2018,std.error,0.9,1
table_da29,Vote choice | Specificity: Policy facts | 2020P-2020D,estimate,0.3,1
table_da29,Vote choice | Specificity: Policy facts | 2020P-2020D,std.error,0.5,1
table_da29,Vote choice | Specificity: Policy facts | Combined,estimate,0.1,1
table_da29,Vote choice | Specificity: Policy facts | Combined,std.error,0.2,1
table_da29,Vote choice | tau | 2018,value,1.31,2
table_da29,Vote choice | tau | 2020D,value,0.37,2
table_da29,Vote choice | tau | 2020P,value,0.36,2
table_da30,Favorability | Candidate facts | 2020D,estimate,0.8,1
table_da30,Favorability | Candidate facts | 2020D,std.error,0.7,1
table_da30,Favorability | Candidate facts | 2020P,estimate,-0.1,1
table_da30,Favorability | Candidate facts | 2020P,std.error,0.3,1
table_da30,Favorability | Candidate facts | 2020P-2020D,estimate,-0.9,1
table_da30,Favorability | Candidate facts | 2020P-2020D,std.error,0.8,1
table_da30,Favorability | Candidate facts | Combined,estimate,0.1,1
table_da30,Favorability | Candidate facts | Combined,std.error,0.3,1
table_da30,Favorability | Cited fact | 2020D,estimate,0.3,1
table_da30,Favorability | Cited fact | 2020D,std.error,0.4,1
table_da30,Favorability | Cited fact | 2020P,estimate,-0.2,1
table_da30,Favorability | Cited fact | 2020P,std.error,0.2,1
table_da30,Favorability | Cited fact | 2020P-2020D,estimate,-0.5,1
table_da30,Favorability | Cited fact | 2020P-2020D,std.error,0.5,1
table_da30,Favorability | Cited fact | Combined,estimate,-0.1,1
table_da30,Favorability | Cited fact | Combined,std.error,0.2,1
table_da30,Favorability | Emotion: Anger | 2020D,estimate,0.6,1
table_da30,Favorability | Emotion: Anger | 2020D,std.error,0.5,1
table_da30,Favorability | Emotion: Anger | 2020P,estimate,-0.1,1
table_da30,Favorability | Emotion: Anger | 2020P,std.error,0.2,1
table_da30,Favorability | Emotion: Anger | 2020P-2020D,estimate,-0.7,1
table_da30,Favorability | Emotion: Anger | 2020P-2020D,std.error,0.6,1
table_da30,Favorability | Emotion: Anger | Combined,estimate,0.0,1
table_da30,Favorability | Emotion: Anger | Combined,std.error,0.2,1
table_da30,Favorability | Explicit vote for | 2020D,estimate,-1.2,1
table_da30,Favorability | Explicit vote for | 2020D,std.error,0.5,1
table_da30,Favorability | Explicit vote for | 2020P,estimate,0.0,1
table_da30,Favorability | Explicit vote for | 2020P,std.error,0.2,1
table_da30,Favorability | Explicit vote for | 2020P-2020D,estimate,1.2,1
table_da30,Favorability | Explicit vote for | 2020P-2020D,std.error,0.5,1
table_da30,Favorability | Explicit vote for | Combined,estimate,-0.2,1
table_da30,Favorability | Explicit vote for | Combined,std.error,0.2,1
table_da30,Favorability | How pushy | 2020D,estimate,0.1,1
table_da30,Favorability | How pushy | 2020D,std.error,0.4,1
table_da30,Favorability | How pushy | 2020P,estimate,0.3,1
table_da30,Favorability | How pushy | 2020P,std.error,0.1,1
table_da30,Favorability | How pushy | 2020P-2020D,estimate,0.3,1
table_da30,Favorability | How pushy | 2020P-2020D,std.error,0.4,1
table_da30,Favorability | How pushy | Combined,estimate,0.3,1
table_da30,Favorability | How pushy | Combined,std.error,0.1,1
table_da30,Favorability | Intercept | 2020D,estimate,0.4,1
table_da30,Favorability | Intercept | 2020D,std.error,1.1,1
table_da30,Favorability | Intercept | 2020P,estimate,0.4,1
table_da30,Favorability | Intercept | 2020P,std.error,0.3,1
table_da30,Favorability | Issue: BLM/Race | 2020D,estimate,0.4,1
table_da30,Favorability | Issue: BLM/Race | 2020D,std.error,1.4,1
table_da30,Favorability | Issue: BLM/Race | 2020P,estimate,-0.3,1
table_da30,Favorability | Issue: BLM/Race | 2020P,std.error,0.2,1
table_da30,Favorability | Issue: BLM/Race | 2020P-2020D,estimate,-0.7,1
table_da30,Favorability | Issue: BLM/Race | 2020P-2020D,std.error,1.4,1
table_da30,Favorability | Issue: BLM/Race | Combined,estimate,-0.3,1
table_da30,Favorability | Issue: BLM/Race | Combined,std.error,0.2,1
table_da30,Favorability | Issue: COVID-19 | 2020D,estimate,-0.1,1
table_da30,Favorability | Issue: COVID-19 | 2020D,std.error,0.4,1
table_da30,Favorability | Issue: COVID-19 | 2020P,estimate,0.0,1
table_da30,Favorability | Issue: COVID-19 | 2020P,std.error,0.2,1
table_da30,Favorability | Issue: COVID-19 | 2020P-2020D,estimate,0.1,1
table_da30,Favorability | Issue: COVID-19 | 2020P-2020D,std.error,0.5,1
table_da30,Favorability | Issue: COVID-19 | Combined,estimate,0.0,1
table_da30,Favorability | Issue: COVID-19 | Combined,std.error,0.2,1
table_da30,Favorability | Issue: Decency | 2020D,estimate,1.2,1
table_da30,Favorability | Issue: Decency | 2020D,std.error,0.8,1
table_da30,Favorability | Issue: Decency | 2020P,estimate,0.0,1
table_da30,Favorability | Issue: Decency | 2020P,std.error,0.2,1
table_da30,Favorability | Issue: Decency | 2020P-2020D,estimate,-1.3,1
table_da30,Favorability | Issue: Decency | 2020P-2020D,std.error,0.8,1
table_da30,Favorability | Issue: Decency | Combined,estimate,0.0,1
table_da30,Favorability | Issue: Decency | Combined,std.error,0.2,1
table_da30,Favorability | Messenger: Everyday people | 2020D,estimate,0.8,1
table_da30,Favorability | Messenger: Everyday people | 2020D,std.error,0.5,1
table_da30,Favorability | Messenger: Everyday people | 2020P,estimate,0.3,1
table_da30,Favorability | Messenger: Everyday people | 2020P,std.error,0.2,1
table_da30,Favorability | Messenger: Everyday people | 2020P-2020D,estimate,-0.5,1
table_da30,Favorability | Messenger: Everyday people | 2020P-2020D,std.error,0.6,1
table_da30,Favorability | Messenger: Everyday people | Combined,estimate,0.4,1
table_da30,Favorability | Messenger: Everyday people | Combined,std.error,0.2,1
table_da30,Favorability | Messenger: Healthcare worker | 2020D,estimate,-0.3,1
table_da30,Favorability | Messenger: Healthcare worker | 2020D,std.error,0.9,1
table_da30,Favorability | Messenger: Healthcare worker | 2020P,estimate,0.1,1
table_da30,Favorability | Messenger: Healthcare worker | 2020P,std.error,0.4,1
table_da30,Favorability | Messenger: Healthcare worker | 2020P-2020D,estimate,0.4,1
table_da30,Favorability | Messenger: Healthcare worker | 2020P-2020D,std.error,1.0,1
table_da30,Favorability | Messenger: Healthcare worker | Combined,estimate,0.0,1
table_da30,Favorability | Messenger: Healthcare worker | Combined,std.error,0.4,1
table_da30,Favorability | Messenger: Politician | 2020D,estimate,0.4,1
table_da30,Favorability | Messenger: Politician | 2020D,std.error,0.7,1
table_da30,Favorability | Messenger: Politician | 2020P,estimate,0.1,1
table_da30,Favorability | Messenger: Politician | 2020P,std.error,0.2,1
table_da30,Favorability | Messenger: Politician | 2020P-2020D,estimate,-0.3,1
table_da30,Favorability | Messenger: Politician | 2020P-2020D,std.error,0.7,1
table_da30,Favorability | Messenger: Politician | Combined,estimate,0.1,1
table_da30,Favorability | Messenger: Politician | Combined,std.error,0.2,1
table_da30,Favorability | Messenger: Republican | 2020D,estimate,0.7,1
table_da30,Favorability | Messenger: Republican | 2020D,std.error,1.4,1
table_da30,Favorability | Messenger: Republican | 2020P,estimate,-0.2,1
table_da30,Favorability | Messenger: Republican | 2020P,std.error,0.3,1
table_da30,Favorability | Messenger: Republican | 2020P-2020D,estimate,-0.9,1
table_da30,Favorability | Messenger: Republican | 2020P-2020D,std.error,1.5,1
table_da30,Favorability | Messenger: Republican | Combined,estimate,-0.2,1
table_da30,Favorability | Messenger: Republican | Combined,std.error,0.3,1
table_da30,Favorability | N treatments | 2020D,value,131,0
table_da30,Favorability | N treatments | 2020P,value,170,0
table_da30,Favorability | Neg. name-calling | 2020D,estimate,-0.3,1
table_da30,Favorability | Neg. name-calling | 2020D,std.error,0.6,1
table_da30,Favorability | Neg. name-calling | 2020P,estimate,0.1,1
table_da30,Favorability | Neg. name-calling | 2020P,std.error,0.3,1
table_da30,Favorability | Neg. name-calling | 2020P-2020D,estimate,0.4,1
table_da30,Favorability | Neg. name-calling | 2020P-2020D,std.error,0.6,1
table_da30,Favorability | Neg. name-calling | Combined,estimate,0.0,1
table_da30,Favorability | Neg. name-calling | Combined,std.error,0.2,1
table_da30,Favorability | Neg. testimonial | 2020D,estimate,0.5,1
table_da30,Favorability | Neg. testimonial | 2020D,std.error,0.5,1
table_da30,Favorability | Neg. testimonial | 2020P,estimate,0.0,1
table_da30,Favorability | Neg. testimonial | 2020P,std.error,0.2,1
table_da30,Favorability | Neg. testimonial | 2020P-2020D,estimate,-0.5,1
table_da30,Favorability | Neg. testimonial | 2020P-2020D,std.error,0.5,1
table_da30,Favorability | Neg. testimonial | Combined,estimate,0.1,1
table_da30,Favorability | Neg. testimonial | Combined,std.error,0.2,1
table_da30,Favorability | Neg. transfer of association | 2020D,estimate,0.1,1
table_da30,Favorability | Neg. transfer of association | 2020D,std.error,0.5,1
table_da30,Favorability | Neg. transfer of association | 2020P,estimate,-0.2,1
table_da30,Favorability | Neg. transfer of association | 2020P,std.error,0.2,1
table_da30,Favorability | Neg. transfer of association | 2020P-2020D,estimate,-0.3,1
table_da30,Favorability | Neg. transfer of association | 2020P-2020D,std.error,0.5,1
table_da30,Favorability | Neg. transfer of association | Combined,estimate,-0.1,1
table_da30,Favorability | Neg. transfer of association | Combined,std.error,0.2,1
table_da30,Favorability | New fact | 2020D,estimate,0.6,1
table_da30,Favorability | New fact | 2020D,std.error,0.5,1
table_da30,Favorability | New fact | 2020P,estimate,0.2,1
table_da30,Favorability | New fact | 2020P,std.error,0.2,1
table_da30,Favorability | New fact | 2020P-2020D,estimate,-0.4,1
table_da30,Favorability | New fact | 2020P-2020D,std.error,0.6,1
table_da30,Favorability | New fact | Combined,estimate,0.3,1
table_da30,Favorability | New fact | Combined,std.error,0.2,1
table_da30,Favorability | Plain folks | 2020D,estimate,0.0,1
table_da30,Favorability | Plain folks | 2020D,std.error,0.6,1
table_da30,Favorability | Plain folks | 2020P,estimate,0.2,1
table_da30,Favorability | Plain folks | 2020P,std.error,0.2,1
table_da30,Favorability | Plain folks | 2020P-2020D,estimate,0.3,1
table_da30,Favorability | Plain folks | 2020P-2020D,std.error,0.7,1
table_da30,Favorability | Plain folks | Combined,estimate,0.2,1
table_da30,Favorability | Plain folks | Combined,std.error,0.2,1
table_da30,Favorability | Policy facts | 2020D,estimate,-0.7,1
table_da30,Favorability | Policy facts | 2020D,std.error,0.8,1
table_da30,Favorability | Policy facts | 2020P,estimate,0.0,1
table_da30,Favorability | Policy facts | 2020P,std.error,0.3,1
table_da30,Favorability | Policy facts | 2020P-2020D,estimate,0.7,1
table_da30,Favorability | Policy facts | 2020P-2020D,std.error,0.8,1
table_da30,Favorability | Policy facts | Combined,estimate,-0.1,1
table_da30,Favorability | Policy facts | Combined,std.error,0.3,1
table_da30,Favorability | Pos. name-calling | 2020D,estimate,-0.8,1
table_da30,Favorability | Pos. name-calling | 2020D,std.error,0.8,1
table_da30,Favorability | Pos. name-calling | 2020P,estimate,-0.2,1
table_da30,Favorability | Pos. name-calling | 2020P,std.error,0.3,1
table_da30,Favorability | Pos. name-calling | 2020P-2020D,estimate,0.6,1
table_da30,Favorability | Pos. name-calling | 2020P-2020D,std.error,0.8,1
table_da30,Favorability | Pos. name-calling | Combined,estimate,-0.2,1
table_da30,Favorability | Pos. name-calling | Combined,std.error,0.3,1
table_da30,Favorability | Pos. testimonial | 2020D,estimate,-0.1,1
table_da30,Favorability | Pos. testimonial | 2020D,std.error,0.7,1
table_da30,Favorability | Pos. testimonial | 2020P,estimate,0.0,1
table_da30,Favorability | Pos. testimonial | 2020P,std.error,0.2,1
table_da30,Favorability | Pos. testimonial | 2020P-2020D,estimate,0.1,1
table_da30,Favorability | Pos. testimonial | 2020P-2020D,std.error,0.7,1
table_da30,Favorability | Pos. testimonial | Combined,estimate,0.0,1
table_da30,Favorability | Pos. testimonial | Combined,std.error,0.2,1
table_da30,Favorability | Pos. transfer of association | 2020D,estimate,-0.4,1
table_da30,Favorability | Pos. transfer of association | 2020D,std.error,0.7,1
table_da30,Favorability | Pos. transfer of association | 2020P,estimate,0.2,1
table_da30,Favorability | Pos. transfer of association | 2020P,std.error,0.2,1
table_da30,Favorability | Pos. transfer of association | 2020P-2020D,estimate,0.6,1
table_da30,Favorability | Pos. transfer of association | 2020P-2020D,std.error,0.7,1
table_da30,Favorability | Pos. transfer of association | Combined,estimate,0.1,1
table_da30,Favorability | Pos. transfer of association | Combined,std.error,0.2,1
table_da30,Favorability | Primary focus: Candidate | 2020D,estimate,0.0,1
table_da30,Favorability | Primary focus: Candidate | 2020D,std.error,0.7,1
table_da30,Favorability | Primary focus: Candidate | 2020P,estimate,0.1,1
table_da30,Favorability | Primary focus: Candidate | 2020P,std.error,0.3,1
table_da30,Favorability | Primary focus: Candidate | 2020P-2020D,estimate,0.0,1
table_da30,Favorability | Primary focus: Candidate | 2020P-2020D,std.error,0.7,1
table_da30,Favorability | Primary focus: Candidate | Combined,estimate,0.1,1
table_da30,Favorability | Primary focus: Candidate | Combined,std.error,0.2,1
table_da30,Favorability | Primary focus: Issues | 2020D,estimate,-0.3,1
table_da30,Favorability | Primary focus: Issues | 2020D,std.error,0.9,1
table_da30,Favorability | Primary focus: Issues | 2020P,estimate,0.2,1
table_da30,Favorability | Primary focus: Issues | 2020P,std.error,0.3,1
table_da30,Favorability | Primary focus: Issues | 2020P-2020D,estimate,0.5,1
table_da30,Favorability | Primary focus: Issues | 2020P-2020D,std.error,0.9,1
table_da30,Favorability | Primary focus: Issues | Combined,estimate,0.2,1
table_da30,Favorability | Primary focus: Issues | Combined,std.error,0.3,1
table_da30,Favorability | Production value: High | 2020D,estimate,0.8,1
table_da30,Favorability | Production value: High | 2020D,std.error,0.6,1
table_da30,Favorability | Production value: High | 2020P,estimate,0.1,1
table_da30,Favorability | Production value: High | 2020P,std.error,0.2,1
table_da30,Favorability | Production value: High | 2020P-2020D,estimate,-0.7,1
table_da30,Favorability | Production value: High | 2020P-2020D,std.error,0.6,1
table_da30,Favorability | Production value: High | Combined,estimate,0.2,1
table_da30,Favorability | Production value: High | Combined,std.error,0.2,1
table_da30,Favorability | R2 all predictors | 2020D,value,0.20,2
table_da30,Favorability | R2 all predictors | 2020P,value,0.17,2
table_da30,Favorability | R2 all vs control | 2020D,value,0.16,2
table_da30,Favorability | R2 all vs control | 2020P,value,0.17,2
table_da30,Favorability | R2 all vs control | 2020P-2020D,p_diff,0.002,3
table_da30,Favorability | Race: Other | 2020D,estimate,-1.0,1
table_da30,Favorability | Race: Other | 2020D,std.error,0.7,1
table_da30,Favorability | Race: StateLeg | 2020D,estimate,-1.6,1
table_da30,Favorability | Race: StateLeg | 2020D,std.error,0.5,1
table_da30,Favorability | Specificity: Candidate facts | 2020D,estimate,0.2,1
table_da30,Favorability | Specificity: Candidate facts | 2020D,std.error,0.5,1
table_da30,Favorability | Specificity: Candidate facts | 2020P,estimate,0.0,1
table_da30,Favorability | Specificity: Candidate facts | 2020P,std.error,0.2,1
table_da30,Favorability | Specificity: Candidate facts | 2020P-2020D,estimate,-0.2,1
table_da30,Favorability | Specificity: Candidate facts | 2020P-2020D,std.error,0.6,1
table_da30,Favorability | Specificity: Candidate facts | Combined,estimate,0.0,1
table_da30,Favorability | Specificity: Candidate facts | Combined,std.error,0.2,1
table_da30,Favorability | Specificity: Policy facts | 2020D,estimate,0.8,1
table_da30,Favorability | Specificity: Policy facts | 2020D,std.error,0.5,1
table_da30,Favorability | Specificity: Policy facts | 2020P,estimate,0.3,1
table_da30,Favorability | Specificity: Policy facts | 2020P,std.error,0.2,1
table_da30,Favorability | Specificity: Policy facts | 2020P-2020D,estimate,-0.4,1
table_da30,Favorability | Specificity: Policy facts | 2020P-2020D,std.error,0.6,1
table_da30,Favorability | Specificity: Policy facts | Combined,estimate,0.4,1
table_da30,Favorability | Specificity: Policy facts | Combined,std.error,0.2,1
table_da30,Favorability | tau | 2020D,value,0.76,2
table_da30,Favorability | tau | 2020P,value,0.40,2
table_da30,Vote choice | Candidate facts | 2020D,estimate,1.2,1
table_da30,Vote choice | Candidate facts | 2020D,std.error,0.6,1
table_da30,Vote choice | Candidate facts | 2020P,estimate,-0.2,1
table_da30,Vote choice | Candidate facts | 2020P,std.error,0.2,1
table_da30,Vote choice | Candidate facts | 2020P-2020D,estimate,-1.4,1
table_da30,Vote choice | Candidate facts | 2020P-2020D,std.error,0.7,1
table_da30,Vote choice | Candidate facts | Combined,estimate,0.0,1
table_da30,Vote choice | Candidate facts | Combined,std.error,0.2,1
table_da30,Vote choice | Cited fact | 2020D,estimate,0.0,1
table_da30,Vote choice | Cited fact | 2020D,std.error,0.4,1
table_da30,Vote choice | Cited fact | 2020P,estimate,-0.3,1
table_da30,Vote choice | Cited fact | 2020P,std.error,0.2,1
table_da30,Vote choice | Cited fact | 2020P-2020D,estimate,-0.3,1
table_da30,Vote choice | Cited fact | 2020P-2020D,std.error,0.4,1
table_da30,Vote choice | Cited fact | Combined,estimate,-0.3,1
table_da30,Vote choice | Cited fact | Combined,std.error,0.2,1
table_da30,Vote choice | Emotion: Anger | 2020D,estimate,0.1,1
table_da30,Vote choice | Emotion: Anger | 2020D,std.error,0.4,1
table_da30,Vote choice | Emotion: Anger | 2020P,estimate,0.2,1
table_da30,Vote choice | Emotion: Anger | 2020P,std.error,0.2,1
table_da30,Vote choice | Emotion: Anger | 2020P-2020D,estimate,0.1,1
table_da30,Vote choice | Emotion: Anger | 2020P-2020D,std.error,0.5,1
table_da30,Vote choice | Emotion: Anger | Combined,estimate,0.2,1
table_da30,Vote choice | Emotion: Anger | Combined,std.error,0.2,1
table_da30,Vote choice | Explicit vote for | 2020D,estimate,-0.3,1
table_da30,Vote choice | Explicit vote for | 2020D,std.error,0.4,1
table_da30,Vote choice | Explicit vote for | 2020P,estimate,0.1,1
table_da30,Vote choice | Explicit vote for | 2020P,std.error,0.2,1
table_da30,Vote choice | Explicit vote for | 2020P-2020D,estimate,0.4,1
table_da30,Vote choice | Explicit vote for | 2020P-2020D,std.error,0.5,1
table_da30,Vote choice | Explicit vote for | Combined,estimate,0.1,1
table_da30,Vote choice | Explicit vote for | Combined,std.error,0.2,1
table_da30,Vote choice | How pushy | 2020D,estimate,0.0,1
table_da30,Vote choice | How pushy | 2020D,std.error,0.3,1
table_da30,Vote choice | How pushy | 2020P,estimate,0.3,1
table_da30,Vote choice | How pushy | 2020P,std.error,0.1,1
table_da30,Vote choice | How pushy | 2020P-2020D,estimate,0.3,1
table_da30,Vote choice | How pushy | 2020P-2020D,std.error,0.3,1
table_da30,Vote choice | How pushy | Combined,estimate,0.2,1
table_da30,Vote choice | How pushy | Combined,std.error,0.1,1
table_da30,Vote choice | Intercept | 2020D,estimate,1.0,1
table_da30,Vote choice | Intercept | 2020D,std.error,0.8,1
table_da30,Vote choice | Intercept | 2020P,estimate,0.6,1
table_da30,Vote choice | Intercept | 2020P,std.error,0.3,1
table_da30,Vote choice | Issue: BLM/Race | 2020D,estimate,0.8,1
table_da30,Vote choice | Issue: BLM/Race | 2020D,std.error,0.6,1
table_da30,Vote choice | Issue: BLM/Race | 2020P,estimate,-0.1,1
table_da30,Vote choice | Issue: BLM/Race | 2020P,std.error,0.2,1
table_da30,Vote choice | Issue: BLM/Race | 2020P-2020D,estimate,-0.9,1
table_da30,Vote choice | Issue: BLM/Race | 2020P-2020D,std.error,0.7,1
table_da30,Vote choice | Issue: BLM/Race | Combined,estimate,-0.1,1
table_da30,Vote choice | Issue: BLM/Race | Combined,std.error,0.2,1
table_da30,Vote choice | Issue: COVID-19 | 2020D,estimate,0.0,1
table_da30,Vote choice | Issue: COVID-19 | 2020D,std.error,0.3,1
table_da30,Vote choice | Issue: COVID-19 | 2020P,estimate,-0.1,1
table_da30,Vote choice | Issue: COVID-19 | 2020P,std.error,0.2,1
table_da30,Vote choice | Issue: COVID-19 | 2020P-2020D,estimate,-0.1,1
table_da30,Vote choice | Issue: COVID-19 | 2020P-2020D,std.error,0.4,1
table_da30,Vote choice | Issue: COVID-19 | Combined,estimate,0.0,1
table_da30,Vote choice | Issue: COVID-19 | Combined,std.error,0.1,1
table_da30,Vote choice | Issue: Decency | 2020D,estimate,-0.1,1
table_da30,Vote choice | Issue: Decency | 2020D,std.error,0.5,1
table_da30,Vote choice | Issue: Decency | 2020P,estimate,0.2,1
table_da30,Vote choice | Issue: Decency | 2020P,std.error,0.2,1
table_da30,Vote choice | Issue: Decency | 2020P-2020D,estimate,0.3,1
table_da30,Vote choice | Issue: Decency | 2020P-2020D,std.error,0.6,1
table_da30,Vote choice | Issue: Decency | Combined,estimate,0.2,1
table_da30,Vote choice | Issue: Decency | Combined,std.error,0.2,1
table_da30,Vote choice | Messenger: Everyday people | 2020D,estimate,-0.3,1
table_da30,Vote choice | Messenger: Everyday people | 2020D,std.error,0.4,1
table_da30,Vote choice | Messenger: Everyday people | 2020P,estimate,0.1,1
table_da30,Vote choice | Messenger: Everyday people | 2020P,std.error,0.2,1
table_da30,Vote choice | Messenger: Everyday people | 2020P-2020D,estimate,0.3,1
table_da30,Vote choice | Messenger: Everyday people | 2020P-2020D,std.error,0.5,1
table_da30,Vote choice | Messenger: Everyday people | Combined,estimate,0.0,1
table_da30,Vote choice | Messenger: Everyday people | Combined,std.error,0.2,1
table_da30,Vote choice | Messenger: Healthcare worker | 2020D,estimate,-0.3,1
table_da30,Vote choice | Messenger: Healthcare worker | 2020D,std.error,0.6,1
table_da30,Vote choice | Messenger: Healthcare worker | 2020P,estimate,0.3,1
table_da30,Vote choice | Messenger: Healthcare worker | 2020P,std.error,0.4,1
table_da30,Vote choice | Messenger: Healthcare worker | 2020P-2020D,estimate,0.7,1
table_da30,Vote choice | Messenger: Healthcare worker | 2020P-2020D,std.error,0.7,1
table_da30,Vote choice | Messenger: Healthcare worker | Combined,estimate,0.2,1
table_da30,Vote choice | Messenger: Healthcare worker | Combined,std.error,0.3,1
table_da30,Vote choice | Messenger: Politician | 2020D,estimate,0.7,1
table_da30,Vote choice | Messenger: Politician | 2020D,std.error,0.6,1
table_da30,Vote choice | Messenger: Politician | 2020P,estimate,0.1,1
table_da30,Vote choice | Messenger: Politician | 2020P,std.error,0.2,1
table_da30,Vote choice | Messenger: Politician | 2020P-2020D,estimate,-0.6,1
table_da30,Vote choice | Messenger: Politician | 2020P-2020D,std.error,0.6,1
table_da30,Vote choice | Messenger: Politician | Combined,estimate,0.1,1
table_da30,Vote choice | Messenger: Politician | Combined,std.error,0.2,1
table_da30,Vote choice | Messenger: Republican | 2020D,estimate,1.4,1
table_da30,Vote choice | Messenger: Republican | 2020D,std.error,0.7,1
table_da30,Vote choice | Messenger: Republican | 2020P,estimate,0.3,1
table_da30,Vote choice | Messenger: Republican | 2020P,std.error,0.3,1
table_da30,Vote choice | Messenger: Republican | 2020P-2020D,estimate,-1.1,1
table_da30,Vote choice | Messenger: Republican | 2020P-2020D,std.error,0.8,1
table_da30,Vote choice | Messenger: Republican | Combined,estimate,0.4,1
table_da30,Vote choice | Messenger: Republican | Combined,std.error,0.2,1
table_da30,Vote choice | N treatments | 2020D,value,181,0
table_da30,Vote choice | N treatments | 2020P,value,292,0
table_da30,Vote choice | Neg. name-calling | 2020D,estimate,-0.3,1
table_da30,Vote choice | Neg. name-calling | 2020D,std.error,0.5,1
table_da30,Vote choice | Neg. name-calling | 2020P,estimate,-0.1,1
table_da30,Vote choice | Neg. name-calling | 2020P,std.error,0.2,1
table_da30,Vote choice | Neg. name-calling | 2020P-2020D,estimate,0.3,1
table_da30,Vote choice | Neg. name-calling | 2020P-2020D,std.error,0.5,1
table_da30,Vote choice | Neg. name-calling | Combined,estimate,-0.1,1
table_da30,Vote choice | Neg. name-calling | Combined,std.error,0.2,1
table_da30,Vote choice | Neg. testimonial | 2020D,estimate,0.7,1
table_da30,Vote choice | Neg. testimonial | 2020D,std.error,0.4,1
table_da30,Vote choice | Neg. testimonial | 2020P,estimate,-0.2,1
table_da30,Vote choice | Neg. testimonial | 2020P,std.error,0.2,1
table_da30,Vote choice | Neg. testimonial | 2020P-2020D,estimate,-0.9,1
table_da30,Vote choice | Neg. testimonial | 2020P-2020D,std.error,0.5,1
table_da30,Vote choice | Neg. testimonial | Combined,estimate,0.0,1
table_da30,Vote choice | Neg. testimonial | Combined,std.error,0.2,1
table_da30,Vote choice | Neg. transfer of association | 2020D,estimate,0.1,1
table_da30,Vote choice | Neg. transfer of association | 2020D,std.error,0.5,1
table_da30,Vote choice | Neg. transfer of association | 2020P,estimate,0.2,1
table_da30,Vote choice | Neg. transfer of association | 2020P,std.error,0.2,1
table_da30,Vote choice | Neg. transfer of association | 2020P-2020D,estimate,0.0,1
table_da30,Vote choice | Neg. transfer of association | 2020P-2020D,std.error,0.5,1
table_da30,Vote choice | Neg. transfer of association | Combined,estimate,0.2,1
table_da30,Vote choice | Neg. transfer of association | Combined,std.error,0.2,1
table_da30,Vote choice | New fact | 2020D,estimate,0.2,1
table_da30,Vote choice | New fact | 2020D,std.error,0.5,1
table_da30,Vote choice | New fact | 2020P,estimate,0.1,1
table_da30,Vote choice | New fact | 2020P,std.error,0.2,1
table_da30,Vote choice | New fact | 2020P-2020D,estimate,-0.2,1
table_da30,Vote choice | New fact | 2020P-2020D,std.error,0.5,1
table_da30,Vote choice | New fact | Combined,estimate,0.1,1
table_da30,Vote choice | New fact | Combined,std.error,0.2,1
table_da30,Vote choice | Plain folks | 2020D,estimate,1.0,1
table_da30,Vote choice | Plain folks | 2020D,std.error,0.5,1
table_da30,Vote choice | Plain folks | 2020P,estimate,0.3,1
table_da30,Vote choice | Plain folks | 2020P,std.error,0.2,1
table_da30,Vote choice | Plain folks | 2020P-2020D,estimate,-0.7,1
table_da30,Vote choice | Plain folks | 2020P-2020D,std.error,0.6,1
table_da30,Vote choice | Plain folks | Combined,estimate,0.4,1
table_da30,Vote choice | Plain folks | Combined,std.error,0.2,1
table_da30,Vote choice | Policy facts | 2020D,estimate,-0.2,1
table_da30,Vote choice | Policy facts | 2020D,std.error,0.6,1
table_da30,Vote choice | Policy facts | 2020P,estimate,0.5,1
table_da30,Vote choice | Policy facts | 2020P,std.error,0.3,1
table_da30,Vote choice | Policy facts | 2020P-2020D,estimate,0.7,1
table_da30,Vote choice | Policy facts | 2020P-2020D,std.error,0.6,1
table_da30,Vote choice | Policy facts | Combined,estimate,0.4,1
table_da30,Vote choice | Policy facts | Combined,std.error,0.2,1
table_da30,Vote choice | Pos. name-calling | 2020D,estimate,-0.5,1
table_da30,Vote choice | Pos. name-calling | 2020D,std.error,0.7,1
table_da30,Vote choice | Pos. name-calling | 2020P,estimate,0.0,1
table_da30,Vote choice | Pos. name-calling | 2020P,std.error,0.2,1
table_da30,Vote choice | Pos. name-calling | 2020P-2020D,estimate,0.6,1
table_da30,Vote choice | Pos. name-calling | 2020P-2020D,std.error,0.8,1
table_da30,Vote choice | Pos. name-calling | Combined,estimate,0.0,1
table_da30,Vote choice | Pos. name-calling | Combined,std.error,0.2,1
table_da30,Vote choice | Pos. testimonial | 2020D,estimate,0.5,1
table_da30,Vote choice | Pos. testimonial | 2020D,std.error,0.5,1
table_da30,Vote choice | Pos. testimonial | 2020P,estimate,0.1,1
table_da30,Vote choice | Pos. testimonial | 2020P,std.error,0.2,1
table_da30,Vote choice | Pos. testimonial | 2020P-2020D,estimate,-0.3,1
table_da30,Vote choice | Pos. testimonial | 2020P-2020D,std.error,0.6,1
table_da30,Vote choice | Pos. testimonial | Combined,estimate,0.2,1
table_da30,Vote choice | Pos. testimonial | Combined,std.error,0.2,1
table_da30,Vote choice | Pos. transfer of association | 2020D,estimate,0.8,1
table_da30,Vote choice | Pos. transfer of association | 2020D,std.error,0.5,1
table_da30,Vote choice | Pos. transfer of association | 2020P,estimate,0.0,1
table_da30,Vote choice | Pos. transfer of association | 2020P,std.error,0.2,1
table_da30,Vote choice | Pos. transfer of association | 2020P-2020D,estimate,-0.8,1
table_da30,Vote choice | Pos. transfer of association | 2020P-2020D,std.error,0.5,1
table_da30,Vote choice | Pos. transfer of association | Combined,estimate,0.1,1
table_da30,Vote choice | Pos. transfer of association | Combined,std.error,0.2,1
table_da30,Vote choice | Primary focus: Candidate | 2020D,estimate,-0.4,1
table_da30,Vote choice | Primary focus: Candidate | 2020D,std.error,0.5,1
table_da30,Vote choice | Primary focus: Candidate | 2020P,estimate,-0.2,1
table_da30,Vote choice | Primary focus: Candidate | 2020P,std.error,0.2,1
table_da30,Vote choice | Primary focus: Candidate | 2020P-2020D,estimate,0.3,1
table_da30,Vote choice | Primary focus: Candidate | 2020P-2020D,std.error,0.5,1
table_da30,Vote choice | Primary focus: Candidate | Combined,estimate,-0.2,1
table_da30,Vote choice | Primary focus: Candidate | Combined,std.error,0.2,1
table_da30,Vote choice | Primary focus: Issues | 2020D,estimate,-0.2,1
table_da30,Vote choice | Primary focus: Issues | 2020D,std.error,0.6,1
table_da30,Vote choice | Primary focus: Issues | 2020P,estimate,-0.4,1
table_da30,Vote choice | Primary focus: Issues | 2020P,std.error,0.2,1
table_da30,Vote choice | Primary focus: Issues | 2020P-2020D,estimate,-0.2,1
table_da30,Vote choice | Primary focus: Issues | 2020P-2020D,std.error,0.7,1
table_da30,Vote choice | Primary focus: Issues | Combined,estimate,-0.4,1
table_da30,Vote choice | Primary focus: Issues | Combined,std.error,0.2,1
table_da30,Vote choice | Production value: High | 2020D,estimate,0.8,1
table_da30,Vote choice | Production value: High | 2020D,std.error,0.5,1
table_da30,Vote choice | Production value: High | 2020P,estimate,0.1,1
table_da30,Vote choice | Production value: High | 2020P,std.error,0.2,1
table_da30,Vote choice | Production value: High | 2020P-2020D,estimate,-0.7,1
table_da30,Vote choice | Production value: High | 2020P-2020D,std.error,0.5,1
table_da30,Vote choice | Production value: High | Combined,estimate,0.2,1
table_da30,Vote choice | Production value: High | Combined,std.error,0.2,1
table_da30,Vote choice | R2 all predictors | 2020D,value,0.30,2
table_da30,Vote choice | R2 all predictors | 2020P,value,<0,0
table_da30,Vote choice | R2 all vs control | 2020D,value,0.13,2
table_da30,Vote choice | R2 all vs control | 2020P,value,<0,0
table_da30,Vote choice | R2 all vs control | 2020P-2020D,p_diff,0.259,3
table_da30,Vote choice | Race: GA Runoff | 2020D,estimate,-1.1,1
table_da30,Vote choice | Race: GA Runoff | 2020D,std.error,0.5,1
table_da30,Vote choice | Race: Other | 2020D,estimate,-1.0,1
table_da30,Vote choice | Race: Other | 2020D,std.error,0.6,1
table_da30,Vote choice | Race: StateLeg | 2020D,estimate,-1.7,1
table_da30,Vote choice | Race: StateLeg | 2020D,std.error,0.6,1
table_da30,Vote choice | Specificity: Candidate facts | 2020D,estimate,-0.3,1
table_da30,Vote choice | Specificity: Candidate facts | 2020D,std.error,0.5,1
table_da30,Vote choice | Specificity: Candidate facts | 2020P,estimate,0.0,1
table_da30,Vote choice | Specificity: Candidate facts | 2020P,std.error,0.2,1
table_da30,Vote choice | Specificity: Candidate facts | 2020P-2020D,estimate,0.3,1
table_da30,Vote choice | Specificity: Candidate facts | 2020P-2020D,std.error,0.5,1
table_da30,Vote choice | Specificity: Candidate facts | Combined,estimate,-0.1,1
table_da30,Vote choice | Specificity: Candidate facts | Combined,std.error,0.2,1
table_da30,Vote choice | Specificity: Policy facts | 2020D,estimate,-0.1,1
table_da30,Vote choice | Specificity: Policy facts | 2020D,std.error,0.4,1
table_da30,Vote choice | Specificity: Policy facts | 2020P,estimate,0.0,1
table_da30,Vote choice | Specificity: Policy facts | 2020P,std.error,0.2,1
table_da30,Vote choice | Specificity: Policy facts | 2020P-2020D,estimate,0.1,1
table_da30,Vote choice | Specificity: Policy facts | 2020P-2020D,std.error,0.5,1
table_da30,Vote choice | Specificity: Policy facts | Combined,estimate,0.0,1
table_da30,Vote choice | Specificity: Policy facts | Combined,std.error,0.2,1
table_da30,Vote choice | tau | 2020D,value,0.39,2
table_da30,Vote choice | tau | 2020P,value,0.35,2
table_da35,Candidate facts | 2018,conf.high,0.69,2
table_da35,Candidate facts | 2018,conf.low,0.50,2
table_da35,Candidate facts | 2018,estimate,0.60,2
table_da35,Candidate facts | 2020,conf.high,0.64,2
table_da35,Candidate facts | 2020,conf.low,0.48,2
table_da35,Candidate facts | 2020,estimate,0.57,2
table_da35,Cited fact (where fact present) | 2018,conf.high,0.80,2
table_da35,Cited fact (where fact present) | 2018,conf.low,0.66,2
table_da35,Cited fact (where fact present) | 2018,estimate,0.74,2
table_da35,Cited fact (where fact present) | 2020,conf.high,0.73,2
table_da35,Cited fact (where fact present) | 2020,conf.low,0.60,2
table_da35,Cited fact (where fact present) | 2020,estimate,0.67,2
table_da35,Emotion: Anger | 2018,conf.high,0.42,2
table_da35,Emotion: Anger | 2018,conf.low,0.06,2
table_da35,Emotion: Anger | 2018,estimate,0.26,2
table_da35,Emotion: Anger | 2020,conf.high,0.55,2
table_da35,Emotion: Anger | 2020,conf.low,0.36,2
table_da35,Emotion: Anger | 2020,estimate,0.46,2
table_da35,Emotion: Enthusiasm | 2018,conf.high,0.81,2
table_da35,Emotion: Enthusiasm | 2018,conf.low,0.70,2
table_da35,Emotion: Enthusiasm | 2018,estimate,0.76,2
table_da35,Emotion: Enthusiasm | 2020,conf.high,0.84,2
table_da35,Emotion: Enthusiasm | 2020,conf.low,0.77,2
table_da35,Emotion: Enthusiasm | 2020,estimate,0.80,2
table_da35,Explicit vote for | 2018,conf.high,0.79,2
table_da35,Explicit vote for | 2018,conf.low,0.66,2
table_da35,Explicit vote for | 2018,estimate,0.73,2
table_da35,Explicit vote for | 2020,conf.high,0.68,2
table_da35,Explicit vote for | 2020,conf.low,0.55,2
table_da35,Explicit vote for | 2020,estimate,0.62,2
table_da35,How pushy | 2020,conf.high,0.61,2
table_da35,How pushy | 2020,conf.low,0.44,2
table_da35,How pushy | 2020,estimate,0.53,2
table_da35,Issue: BLM/Race | 2020,conf.high,0.86,2
table_da35,Issue: BLM/Race | 2020,conf.low,0.80,2
table_da35,Issue: BLM/Race | 2020,estimate,0.83,2
table_da35,Issue: COVID-19 | 2020,conf.high,0.91,2
table_da35,Issue: COVID-19 | 2020,conf.low,0.87,2
table_da35,Issue: COVID-19 | 2020,estimate,0.89,2
table_da35,Issue: Decency | 2020,conf.high,0.77,2
table_da35,Issue: Decency | 2020,conf.low,0.67,2
table_da35,Issue: Decency | 2020,estimate,0.73,2
table_da35,Messenger: Everyday people | 2020,conf.high,0.79,2
table_da35,Messenger: Everyday people | 2020,conf.low,0.70,2
table_da35,Messenger: Everyday people | 2020,estimate,0.75,2
table_da35,Messenger: Female | 2018,conf.high,0.97,2
table_da35,Messenger: Female | 2018,conf.low,0.94,2
table_da35,Messenger: Female | 2018,estimate,0.96,2
table_da35,Messenger: Female | 2020,conf.high,0.95,2
table_da35,Messenger: Female | 2020,conf.low,0.93,2
table_da35,Messenger: Female | 2020,estimate,0.94,2
table_da35,Messenger: Healthcare worker | 2020,conf.high,0.90,2
table_da35,Messenger: Healthcare worker | 2020,conf.low,0.86,2
table_da35,Messenger: Healthcare worker | 2020,estimate,0.88,2
table_da35,Messenger: Politician | 2018,conf.high,0.95,2
table_da35,Messenger: Politician | 2018,conf.low,0.91,2
table_da35,Messenger: Politician | 2018,estimate,0.93,2
table_da35,Messenger: Politician | 2020,conf.high,0.87,2
table_da35,Messenger: Politician | 2020,conf.low,0.82,2
table_da35,Messenger: Politician | 2020,estimate,0.85,2
table_da35,Messenger: Republican | 2020,conf.high,0.84,2
table_da35,Messenger: Republican | 2020,conf.low,0.77,2
table_da35,Messenger: Republican | 2020,estimate,0.81,2
table_da35,New fact (where fact present) | 2018,conf.high,0.69,2
table_da35,New fact (where fact present) | 2018,conf.low,0.47,2
table_da35,New fact (where fact present) | 2018,estimate,0.59,2
table_da35,New fact (where fact present) | 2020,conf.high,0.58,2
table_da35,New fact (where fact present) | 2020,conf.low,0.36,2
table_da35,New fact (where fact present) | 2020,estimate,0.48,2
table_da35,Policy facts | 2018,conf.high,0.75,2
table_da35,Policy facts | 2018,conf.low,0.59,2
table_da35,Policy facts | 2018,estimate,0.68,2
table_da35,Policy facts | 2020,conf.high,0.72,2
table_da35,Policy facts | 2020,conf.low,0.60,2
table_da35,Policy facts | 2020,estimate,0.66,2
table_da35,Primary focus: Candidate | 2018,conf.high,0.79,2
table_da35,Primary focus: Candidate | 2018,conf.low,0.67,2
table_da35,Primary focus: Candidate | 2018,estimate,0.74,2
table_da35,Primary focus: Candidate | 2020,conf.high,0.68,2
table_da35,Primary focus: Candidate | 2020,conf.low,0.55,2
table_da35,Primary focus: Candidate | 2020,estimate,0.62,2
table_da35,Primary focus: Issues | 2018,conf.high,0.81,2
table_da35,Primary focus: Issues | 2018,conf.low,0.70,2
table_da35,Primary focus: Issues | 2018,estimate,0.76,2
table_da35,Primary focus: Issues | 2020,conf.high,0.75,2
table_da35,Primary focus: Issues | 2020,conf.low,0.65,2
table_da35,Primary focus: Issues | 2020,estimate,0.71,2
table_da35,Primary tone: Contrast | 2018,conf.high,0.87,2
table_da35,Primary tone: Contrast | 2018,conf.low,0.79,2
table_da35,Primary tone: Contrast | 2018,estimate,0.83,2
table_da35,Primary tone: Contrast | 2020,conf.high,0.79,2
table_da35,Primary tone: Contrast | 2020,conf.low,0.70,2
table_da35,Primary tone: Contrast | 2020,estimate,0.75,2
table_da35,Primary tone: Positive | 2018,conf.high,0.92,2
table_da35,Primary tone: Positive | 2018,conf.low,0.87,2
table_da35,Primary tone: Positive | 2018,estimate,0.90,2
table_da35,Primary tone: Positive | 2020,conf.high,0.94,2
table_da35,Primary tone: Positive | 2020,conf.low,0.92,2
table_da35,Primary tone: Positive | 2020,estimate,0.93,2
table_da35,Production value: High | 2018,conf.high,0.83,2
table_da35,Production value: High | 2018,conf.low,0.72,2
table_da35,Production value: High | 2018,estimate,0.78,2
table_da35,Production value: High | 2020,conf.high,0.63,2
table_da35,Production value: High | 2020,conf.low,0.47,2
table_da35,Production value: High | 2020,estimate,0.56,2
table_da35,Specificity: Candidate facts | 2018,conf.high,0.58,2
table_da35,Specificity: Candidate facts | 2018,conf.low,-0.06,2
table_da35,Specificity: Candidate facts | 2018,estimate,0.34,2
table_da35,Specificity: Candidate facts | 2020,conf.high,0.64,2
table_da35,Specificity: Candidate facts | 2020,conf.low,0.32,2
table_da35,Specificity: Candidate facts | 2020,estimate,0.51,2
table_da35,Specificity: Policy facts | 2018,conf.high,0.67,2
table_da35,Specificity: Policy facts | 2018,conf.low,0.36,2
table_da35,Specificity: Policy facts | 2018,estimate,0.54,2
table_da35,Specificity: Policy facts | 2020,conf.high,0.50,2
table_da35,Specificity: Policy facts | 2020,conf.low,0.16,2
table_da35,Specificity: Policy facts | 2020,estimate,0.36,2
table_da35,Technique: Negative name-calling | 2018,conf.high,0.70,2
table_da35,Technique: Negative name-calling | 2018,conf.low,0.51,2
table_da35,Technique: Negative name-calling | 2018,estimate,0.61,2
table_da35,Technique: Negative name-calling | 2020,conf.high,0.63,2
table_da35,Technique: Negative name-calling | 2020,conf.low,0.47,2
table_da35,Technique: Negative name-calling | 2020,estimate,0.55,2
table_da35,Technique: Negative testimonial | 2018,conf.high,0.76,2
table_da35,Technique: Negative testimonial | 2018,conf.low,0.61,2
table_da35,Technique: Negative testimonial | 2018,estimate,0.69,2
table_da35,Technique: Negative testimonial | 2020,conf.high,0.83,2
table_da35,Technique: Negative testimonial | 2020,conf.low,0.76,2
table_da35,Technique: Negative testimonial | 2020,estimate,0.80,2
table_da35,Technique: Negative transfer of association | 2018,conf.high,0.76,2
table_da35,Technique: Negative transfer of association | 2018,conf.low,0.61,2
table_da35,Technique: Negative transfer of association | 2018,estimate,0.69,2
table_da35,Technique: Negative transfer of association | 2020,conf.high,0.56,2
table_da35,Technique: Negative transfer of association | 2020,conf.low,0.38,2
table_da35,Technique: Negative transfer of association | 2020,estimate,0.48,2
table_da35,Technique: Plain folks | 2018,conf.high,0.67,2
table_da35,Technique: Plain folks | 2018,conf.low,0.47,2
table_da35,Technique: Plain folks | 2018,estimate,0.58,2
table_da35,Technique: Plain folks | 2020,conf.high,0.35,2
table_da35,Technique: Plain folks | 2020,conf.low,0.08,2
table_da35,Technique: Plain folks | 2020,estimate,0.23,2
table_da35,Technique: Positive name-calling | 2018,conf.high,0.28,2
table_da35,Technique: Positive name-calling | 2018,conf.low,-0.17,2
table_da35,Technique: Positive name-calling | 2018,estimate,0.08,2
table_da35,Technique: Positive name-calling | 2020,conf.high,0.45,2
table_da35,Technique: Positive name-calling | 2020,conf.low,0.22,2
table_da35,Technique: Positive name-calling | 2020,estimate,0.34,2
table_da35,Technique: Positive testimonial | 2018,conf.high,0.86,2
table_da35,Technique: Positive testimonial | 2018,conf.low,0.78,2
table_da35,Technique: Positive testimonial | 2018,estimate,0.83,2
table_da35,Technique: Positive testimonial | 2020,conf.high,0.78,2
table_da35,Technique: Positive testimonial | 2020,conf.low,0.69,2
table_da35,Technique: Positive testimonial | 2020,estimate,0.74,2
table_da35,Technique: Positive transfer of association | 2018,conf.high,0.70,2
table_da35,Technique: Positive transfer of association | 2018,conf.low,0.52,2
table_da35,Technique: Positive transfer of association | 2018,estimate,0.62,2
table_da35,Technique: Positive transfer of association | 2020,conf.high,0.53,2
table_da35,Technique: Positive transfer of association | 2020,conf.low,0.33,2
table_da35,Technique: Positive transfer of association | 2020,estimate,0.44,2
table_da4,Favorability | Intercept | 2018,estimate,2.6,1
table_da4,Favorability | Intercept | 2018,std.error,0.3,1
table_da4,Favorability | Intercept | 2020D,estimate,1.4,1
table_da4,Favorability | Intercept | 2020D,std.error,0.2,1
table_da4,Favorability | Intercept | 2020D-2018,estimate,-1.2,1
table_da4,Favorability | Intercept | 2020D-2018,std.error,0.3,1
table_da4,Favorability | Intercept | 2020P,estimate,1.0,1
table_da4,Favorability | Intercept | 2020P,std.error,0.1,1
table_da4,Favorability | Intercept | 2020P-2018,estimate,-1.7,1
table_da4,Favorability | Intercept | 2020P-2018,std.error,0.3,1
table_da4,Favorability | Intercept | 2020P-2020D,estimate,-0.5,1
table_da4,Favorability | Intercept | 2020P-2020D,std.error,0.2,1
table_da4,Favorability | Intercept | Combined,estimate,1.2,1
table_da4,Favorability | Intercept | Combined,std.error,0.1,1
table_da4,Favorability | N treatments | 2018,value,131,0
table_da4,Favorability | N treatments | 2020D,value,131,0
table_da4,Favorability | N treatments | 2020P,value,170,0
table_da4,Favorability | tau | 2018,value,1.67,2
table_da4,Favorability | tau | 2020D,value,0.85,2
table_da4,Favorability | tau | 2020P,value,0.44,2
table_da4,Favorability | tau | 2020P-2020D,p_diff,0.000,3
table_da4,Vote choice | Intercept | 2018,estimate,2.3,1
table_da4,Vote choice | Intercept | 2018,std.error,0.3,1
table_da4,Vote choice | Intercept | 2020D,estimate,1.2,1
table_da4,Vote choice | Intercept | 2020D,std.error,0.2,1
table_da4,Vote choice | Intercept | 2020D-2018,estimate,-1.1,1
table_da4,Vote choice | Intercept | 2020D-2018,std.error,0.4,1
table_da4,Vote choice | Intercept | 2020P,estimate,0.8,1
table_da4,Vote choice | Intercept | 2020P,std.error,0.1,1
table_da4,Vote choice | Intercept | 2020P-2018,estimate,-1.4,1
table_da4,Vote choice | Intercept | 2020P-2018,std.error,0.3,1
table_da4,Vote choice | Intercept | 2020P-2020D,estimate,-0.3,1
table_da4,Vote choice | Intercept | 2020P-2020D,std.error,0.2,1
table_da4,Vote choice | Intercept | Combined,estimate,1.0,1
table_da4,Vote choice | Intercept | Combined,std.error,0.1,1
table_da4,Vote choice | N treatments | 2018,value,101,0
table_da4,Vote choice | N treatments | 2020D,value,181,0
table_da4,Vote choice | N treatments | 2020P,value,292,0
table_da4,Vote choice | tau | 2018,value,1.42,2
table_da4,Vote choice | tau | 2020D,value,0.47,2
table_da4,Vote choice | tau | 2020P,value,0.34,2
table_da4,Vote choice | tau | 2020P-2020D,p_diff,0.000,3
table_da5,Favorability | Intercept | 2018,estimate,2.2,1
table_da5,Favorability | Intercept | 2018,std.error,0.3,1
table_da5,Favorability | Intercept | 2020D,estimate,1.8,1
table_da5,Favorability | Intercept | 2020D,std.error,0.2,1
table_da5,Favorability | Intercept | 2020D-2018,estimate,-0.4,1
table_da5,Favorability | Intercept | 2020D-2018,std.error,0.4,1
table_da5,Favorability | Intercept | 2020P,estimate,1.0,1
table_da5,Favorability | Intercept | 2020P,std.error,0.1,1
table_da5,Favorability | Intercept | 2020P-2018,estimate,-1.3,1
table_da5,Favorability | Intercept | 2020P-2018,std.error,0.3,1
table_da5,Favorability | Intercept | 2020P-2020D,estimate,-0.8,1
table_da5,Favorability | Intercept | 2020P-2020D,std.error,0.2,1
table_da5,Favorability | Intercept | Combined,estimate,1.1,1
table_da5,Favorability | Intercept | Combined,std.error,0.1,1
table_da5,Favorability | N treatments | 2018,value,131,0
table_da5,Favorability | N treatments | 2020D,value,131,0
table_da5,Favorability | N treatments | 2020P,value,170,0
table_da5,Favorability | R2 all predictors | 2018,value,0.27,2
table_da5,Favorability | R2 all predictors | 2020D,value,0.04,2
table_da5,Favorability | R2 all predictors | 2020P,value,0.00,2
table_da5,Favorability | R2 all predictors | 2020P-2020D,p_diff,0.000,3
table_da5,Favorability | Race: Gov | 2018,estimate,2.3,1
table_da5,Favorability | Race: Gov | 2018,std.error,0.7,1
table_da5,Favorability | Race: Other | 2020D,estimate,-1.2,1
table_da5,Favorability | Race: Other | 2020D,std.error,0.6,1
table_da5,Favorability | Race: StateLeg | 2018,estimate,0.2,1
table_da5,Favorability | Race: StateLeg | 2018,std.error,1.0,1
table_da5,Favorability | Race: StateLeg | 2020D,estimate,-0.9,1
table_da5,Favorability | Race: StateLeg | 2020D,std.error,0.4,1
table_da5,Favorability | tau | 2018,value,1.42,2
table_da5,Favorability | tau | 2020D,value,0.83,2
table_da5,Favorability | tau | 2020P,value,0.44,2
table_da5,Vote choice | Intercept | 2018,estimate,2.3,1
table_da5,Vote choice | Intercept | 2018,std.error,0.4,1
table_da5,Vote choice | Intercept | 2020D,estimate,1.7,1
table_da5,Vote choice | Intercept | 2020D,std.error,0.3,1
table_da5,Vote choice | Intercept | 2020D-2018,estimate,-0.6,1
table_da5,Vote choice | Intercept | 2020D-2018,std.error,0.4,1
table_da5,Vote choice | Intercept | 2020P,estimate,0.8,1
table_da5,Vote choice | Intercept | 2020P,std.error,0.1,1
table_da5,Vote choice | Intercept | 2020P-2018,estimate,-1.5,1
table_da5,Vote choice | Intercept | 2020P-2018,std.error,0.4,1
table_da5,Vote choice | Intercept | 2020P-2020D,estimate,-0.9,1
table_da5,Vote choice | Intercept | 2020P-2020D,std.error,0.3,1
table_da5,Vote choice | Intercept | Combined,estimate,1.0,1
table_da5,Vote choice | Intercept | Combined,std.error,0.1,1
table_da5,Vote choice | N treatments | 2018,value,101,0
table_da5,Vote choice | N treatments | 2020D,value,181,0
table_da5,Vote choice | N treatments | 2020P,value,292,0
table_da5,Vote choice | R2 all predictors | 2018,value,<0,0
table_da5,Vote choice | R2 all predictors | 2020D,value,0.20,2
table_da5,Vote choice | R2 all predictors | 2020P,value,0.00,2
table_da5,Vote choice | R2 all predictors | 2020P-2020D,p_diff,0.000,3
table_da5,Vote choice | Race: GA Runoff | 2020D,estimate,-0.7,1
table_da5,Vote choice | Race: GA Runoff | 2020D,std.error,0.4,1
table_da5,Vote choice | Race: Gov | 2018,estimate,-0.3,1
table_da5,Vote choice | Race: Gov | 2018,std.error,1.2,1
table_da5,Vote choice | Race: Other | 2020D,estimate,-0.4,1
table_da5,Vote choice | Race: Other | 2020D,std.error,0.5,1
table_da5,Vote choice | Race: StateLeg | 2018,estimate,-0.2,1
table_da5,Vote choice | Race: StateLeg | 2018,std.error,2.2,1
table_da5,Vote choice | Race: StateLeg | 2020D,estimate,-1.8,1
table_da5,Vote choice | Race: StateLeg | 2020D,std.error,0.5,1
table_da5,Vote choice | tau | 2018,value,1.43,2
table_da5,Vote choice | tau | 2020D,value,0.42,2
table_da5,Vote choice | tau | 2020P,value,0.34,2
table_da6,Favorability | N treatments | 2018,value,131,0
table_da6,Favorability | N treatments | 2020D,value,131,0
table_da6,Favorability | N treatments | 2020P,value,170,0
table_da6,Favorability | R2 all predictors | 2018,value,0.59,2
table_da6,Favorability | R2 all predictors | 2020D,value,0.25,2
table_da6,Favorability | R2 all predictors | 2020P,value,0.10,2
table_da6,Favorability | tau | 2018,value,1.07,2
table_da6,Favorability | tau | 2020D,value,0.74,2
table_da6,Favorability | tau | 2020P,value,0.42,2
table_da6,Vote choice | N treatments | 2018,value,101,0
table_da6,Vote choice | N treatments | 2020D,value,181,0
table_da6,Vote choice | N treatments | 2020P,value,292,0
table_da6,Vote choice | R2 all predictors | 2018,value,0.21,2
table_da6,Vote choice | R2 all predictors | 2020D,value,0.38,2
table_da6,Vote choice | R2 all predictors | 2020P,value,0.10,2
table_da6,Vote choice | tau | 2018,value,1.26,2
table_da6,Vote choice | tau | 2020D,value,0.37,2
table_da6,Vote choice | tau | 2020P,value,0.33,2
table_da7,Favorability | Intercept | 2018,estimate,0.0,1
table_da7,Favorability | Intercept | 2018,std.error,0.7,1
table_da7,Favorability | Intercept | 2020D,estimate,2.4,1
table_da7,Favorability | Intercept | 2020D,std.error,0.7,1
table_da7,Favorability | Intercept | 2020P,estimate,0.8,1
table_da7,Favorability | Intercept | 2020P,std.error,0.2,1
table_da7,Favorability | N treatments | 2018,value,131,0
table_da7,Favorability | N treatments | 2020D,value,131,0
table_da7,Favorability | N treatments | 2020P,value,170,0
table_da7,Favorability | Primary focus: Candidate | 2018,estimate,1.9,1
table_da7,Favorability | Primary focus: Candidate | 2018,std.error,0.7,1
table_da7,Favorability | Primary focus: Candidate | 2020D,estimate,0.4,1
table_da7,Favorability | Primary focus: Candidate | 2020D,std.error,0.5,1
table_da7,Favorability | Primary focus: Candidate | 2020D-2018,estimate,-1.5,1
table_da7,Favorability | Primary focus: Candidate | 2020D-2018,std.error,0.9,1
table_da7,Favorability | Primary focus: Candidate | 2020P,estimate,-0.1,1
table_da7,Favorability | Primary focus: Candidate | 2020P,std.error,0.2,1
table_da7,Favorability | Primary focus: Candidate | 2020P-2018,estimate,-2.0,1
table_da7,Favorability | Primary focus: Candidate | 2020P-2018,std.error,0.8,1
table_da7,Favorability | Primary focus: Candidate | 2020P-2020D,estimate,-0.5,1
table_da7,Favorability | Primary focus: Candidate | 2020P-2020D,std.error,0.5,1
table_da7,Favorability | Primary focus: Candidate | Combined,estimate,0.1,1
table_da7,Favorability | Primary focus: Candidate | Combined,std.error,0.2,1
table_da7,Favorability | Primary focus: Issues | 2018,estimate,2.5,1
table_da7,Favorability | Primary focus: Issues | 2018,std.error,0.7,1
table_da7,Favorability | Primary focus: Issues | 2020D,estimate,-1.0,1
table_da7,Favorability | Primary focus: Issues | 2020D,std.error,0.6,1
table_da7,Favorability | Primary focus: Issues | 2020D-2018,estimate,-3.5,1
table_da7,Favorability | Primary focus: Issues | 2020D-2018,std.error,0.9,1
table_da7,Favorability | Primary focus: Issues | 2020P,estimate,0.5,1
table_da7,Favorability | Primary focus: Issues | 2020P,std.error,0.2,1
table_da7,Favorability | Primary focus: Issues | 2020P-2018,estimate,-2.0,1
table_da7,Favorability | Primary focus: Issues | 2020P-2018,std.error,0.7,1
table_da7,Favorability | Primary focus: Issues | 2020P-2020D,estimate,1.4,1
table_da7,Favorability | Primary focus: Issues | 2020P-2020D,std.error,0.6,1
table_da7,Favorability | Primary focus: Issues | Combined,estimate,0.5,1
table_da7,Favorability | Primary focus: Issues | Combined,std.error,0.2,1
table_da7,Favorability | R2 all predictors | 2018,value,0.37,2
table_da7,Favorability | R2 all predictors | 2020D,value,0.11,2
table_da7,Favorability | R2 all predictors | 2020P,value,0.22,2
table_da7,Favorability | R2 all vs control | 2018,value,0.13,2
table_da7,Favorability | R2 all vs control | 2020D,value,0.08,2
table_da7,Favorability | R2 all vs control | 2020P,value,0.22,2
table_da7,Favorability | R2 all vs control | 2020P-2020D,p_diff,0.000,3
table_da7,Favorability | Race: Gov | 2018,estimate,1.6,1
table_da7,Favorability | Race: Gov | 2018,std.error,0.7,1
table_da7,Favorability | Race: Other | 2020D,estimate,-1.2,1
table_da7,Favorability | Race: Other | 2020D,std.error,0.5,1
table_da7,Favorability | Race: StateLeg | 2018,estimate,0.2,1
table_da7,Favorability | Race: StateLeg | 2018,std.error,1.0,1
table_da7,Favorability | Race: StateLeg | 2020D,estimate,-1.2,1
table_da7,Favorability | Race: StateLeg | 2020D,std.error,0.4,1
table_da7,Favorability | tau | 2018,value,1.33,2
table_da7,Favorability | tau | 2020D,value,0.80,2
table_da7,Favorability | tau | 2020P,value,0.39,2
table_da7,Vote choice | Intercept | 2018,estimate,0.8,1
table_da7,Vote choice | Intercept | 2018,std.error,0.9,1
table_da7,Vote choice | Intercept | 2020D,estimate,2.1,1
table_da7,Vote choice | Intercept | 2020D,std.error,0.5,1
table_da7,Vote choice | Intercept | 2020P,estimate,1.0,1
table_da7,Vote choice | Intercept | 2020P,std.error,0.2,1
table_da7,Vote choice | N treatments | 2018,value,101,0
table_da7,Vote choice | N treatments | 2020D,value,181,0
table_da7,Vote choice | N treatments | 2020P,value,292,0
table_da7,Vote choice | Primary focus: Candidate | 2018,estimate,0.5,1
table_da7,Vote choice | Primary focus: Candidate | 2018,std.error,0.9,1
table_da7,Vote choice | Primary focus: Candidate | 2020D,estimate,0.0,1
table_da7,Vote choice | Primary focus: Candidate | 2020D,std.error,0.4,1
table_da7,Vote choice | Primary focus: Candidate | 2020D-2018,estimate,-0.4,1
table_da7,Vote choice | Primary focus: Candidate | 2020D-2018,std.error,1.0,1
table_da7,Vote choice | Primary focus: Candidate | 2020P,estimate,-0.2,1
table_da7,Vote choice | Primary focus: Candidate | 2020P,std.error,0.2,1
table_da7,Vote choice | Primary focus: Candidate | 2020P-2018,estimate,-0.6,1
table_da7,Vote choice | Primary focus: Candidate | 2020P-2018,std.error,0.9,1
table_da7,Vote choice | Primary focus: Candidate | 2020P-2020D,estimate,-0.2,1
table_da7,Vote choice | Primary focus: Candidate | 2020P-2020D,std.error,0.4,1
table_da7,Vote choice | Primary focus: Candidate | Combined,estimate,-0.1,1
table_da7,Vote choice | Primary focus: Candidate | Combined,std.error,0.1,1
table_da7,Vote choice | Primary focus: Issues | 2018,estimate,2.2,1
table_da7,Vote choice | Primary focus: Issues | 2018,std.error,0.9,1
table_da7,Vote choice | Primary focus: Issues | 2020D,estimate,-0.5,1
table_da7,Vote choice | Primary focus: Issues | 2020D,std.error,0.4,1
table_da7,Vote choice | Primary focus: Issues | 2020D-2018,estimate,-2.7,1
table_da7,Vote choice | Primary focus: Issues | 2020D-2018,std.error,1.0,1
table_da7,Vote choice | Primary focus: Issues | 2020P,estimate,-0.1,1
table_da7,Vote choice | Primary focus: Issues | 2020P,std.error,0.2,1
table_da7,Vote choice | Primary focus: Issues | 2020P-2018,estimate,-2.3,1
table_da7,Vote choice | Primary focus: Issues | 2020P-2018,std.error,0.9,1
table_da7,Vote choice | Primary focus: Issues | 2020P-2020D,estimate,0.4,1
table_da7,Vote choice | Primary focus: Issues | 2020P-2020D,std.error,0.5,1
table_da7,Vote choice | Primary focus: Issues | Combined,estimate,-0.1,1
table_da7,Vote choice | Primary focus: Issues | Combined,std.error,0.1,1
table_da7,Vote choice | R2 all predictors | 2018,value,0.15,2
table_da7,Vote choice | R2 all predictors | 2020D,value,0.12,2
table_da7,Vote choice | R2 all predictors | 2020P,value,<0,0
table_da7,Vote choice | R2 all vs control | 2018,value,0.17,2
table_da7,Vote choice | R2 all vs control | 2020D,value,<0,0
table_da7,Vote choice | R2 all vs control | 2020P,value,<0,0
table_da7,Vote choice | R2 all vs control | 2020P-2020D,p_diff,0.015,3
table_da7,Vote choice | Race: GA Runoff | 2020D,estimate,-0.9,1
table_da7,Vote choice | Race: GA Runoff | 2020D,std.error,0.4,1
table_da7,Vote choice | Race: Gov | 2018,estimate,-0.7,1
table_da7,Vote choice | Race: Gov | 2018,std.error,1.2,1
table_da7,Vote choice | Race: Other | 2020D,estimate,-0.5,1
table_da7,Vote choice | Race: Other | 2020D,std.error,0.5,1
table_da7,Vote choice | Race: StateLeg | 2018,estimate,-0.1,1
table_da7,Vote choice | Race: StateLeg | 2018,std.error,2.2,1
table_da7,Vote choice | Race: StateLeg | 2020D,estimate,-1.9,1
table_da7,Vote choice | Race: StateLeg | 2020D,std.error,0.5,1
table_da7,Vote choice | tau | 2018,value,1.31,2
table_da7,Vote choice | tau | 2020D,value,0.44,2
table_da7,Vote choice | tau | 2020P,value,0.35,2
table_da8,Favorability | Intercept | 2018,estimate,0.7,1
table_da8,Favorability | Intercept | 2018,std.error,0.8,1
table_da8,Favorability | Intercept | 2020D,estimate,2.3,1
table_da8,Favorability | Intercept | 2020D,std.error,0.7,1
table_da8,Favorability | Intercept | 2020P,estimate,0.7,1
table_da8,Favorability | Intercept | 2020P,std.error,0.2,1
table_da8,Favorability | N treatments | 2018,value,125,0
table_da8,Favorability | N treatments | 2020D,value,127,0
table_da8,Favorability | N treatments | 2020P,value,142,0
table_da8,Favorability | New fact (where fact present) | 2018,estimate,-1.2,1
table_da8,Favorability | New fact (where fact present) | 2018,std.error,0.6,1
table_da8,Favorability | New fact (where fact present) | 2020D,estimate,1.0,1
table_da8,Favorability | New fact (where fact present) | 2020D,std.error,0.4,1
table_da8,Favorability | New fact (where fact present) | 2020D-2018,estimate,2.1,1
table_da8,Favorability | New fact (where fact present) | 2020D-2018,std.error,0.8,1
table_da8,Favorability | New fact (where fact present) | 2020P,estimate,0.1,1
table_da8,Favorability | New fact (where fact present) | 2020P,std.error,0.1,1
table_da8,Favorability | New fact (where fact present) | 2020P-2018,estimate,1.2,1
table_da8,Favorability | New fact (where fact present) | 2020P-2018,std.error,0.6,1
table_da8,Favorability | New fact (where fact present) | 2020P-2020D,estimate,-0.9,1
table_da8,Favorability | New fact (where fact present) | 2020P-2020D,std.error,0.5,1
table_da8,Favorability | New fact (where fact present) | Combined,estimate,0.1,1
table_da8,Favorability | New fact (where fact present) | Combined,std.error,0.1,1
table_da8,Favorability | Primary focus: Candidate | 2018,estimate,2.1,1
table_da8,Favorability | Primary focus: Candidate | 2018,std.error,0.8,1
table_da8,Favorability | Primary focus: Candidate | 2020D,estimate,0.3,1
table_da8,Favorability | Primary focus: Candidate | 2020D,std.error,0.5,1
table_da8,Favorability | Primary focus: Candidate | 2020P,estimate,-0.2,1
table_da8,Favorability | Primary focus: Candidate | 2020P,std.error,0.2,1
table_da8,Favorability | Primary focus: Issues | 2018,estimate,2.6,1
table_da8,Favorability | Primary focus: Issues | 2018,std.error,0.8,1
table_da8,Favorability | Primary focus: Issues | 2020D,estimate,-1.5,1
table_da8,Favorability | Primary focus: Issues | 2020D,std.error,0.6,1
table_da8,Favorability | Primary focus: Issues | 2020P,estimate,0.5,1
table_da8,Favorability | Primary focus: Issues | 2020P,std.error,0.2,1
table_da8,Favorability | R2 all predictors | 2018,value,0.38,2
table_da8,Favorability | R2 all predictors | 2020D,value,0.10,2
table_da8,Favorability | R2 all predictors | 2020P,value,0.50,2
table_da8,Favorability | R2 all vs control | 2018,value,0.09,2
table_da8,Favorability | R2 all vs control | 2020D,value,<0,0
table_da8,Favorability | R2 all vs control | 2020P,value,<0,0
table_da8,Favorability | R2 all vs control | 2020P-2020D,p_diff,0.015,3
table_da8,Favorability | Race: Gov | 2018,estimate,1.4,1
table_da8,Favorability | Race: Gov | 2018,std.error,0.7,1
table_da8,Favorability | Race: Other | 2020D,estimate,-0.7,1
table_da8,Favorability | Race: Other | 2020D,std.error,0.6,1
table_da8,Favorability | Race: StateLeg | 2018,estimate,-0.4,1
table_da8,Favorability | Race: StateLeg | 2018,std.error,1.0,1
table_da8,Favorability | Race: StateLeg | 2020D,estimate,-1.5,1
table_da8,Favorability | Race: StateLeg | 2020D,std.error,0.5,1
table_da8,Favorability | tau | 2018,value,1.32,2
table_da8,Favorability | tau | 2020D,value,0.79,2
table_da8,Favorability | tau | 2020P,value,0.26,2
table_da8,Vote choice | Intercept | 2018,estimate,2.1,1
table_da8,Vote choice | Intercept | 2018,std.error,1.1,1
table_da8,Vote choice | Intercept | 2020D,estimate,2.3,1
table_da8,Vote choice | Intercept | 2020D,std.error,0.6,1
table_da8,Vote choice | Intercept | 2020P,estimate,0.8,1
table_da8,Vote choice | Intercept | 2020P,std.error,0.2,1
table_da8,Vote choice | N treatments | 2018,value,94,0
table_da8,Vote choice | N treatments | 2020D,value,170,0
table_da8,Vote choice | N treatments | 2020P,value,236,0
table_da8,Vote choice | New fact (where fact present) | 2018,estimate,-1.0,1
table_da8,Vote choice | New fact (where fact present) | 2018,std.error,0.8,1
table_da8,Vote choice | New fact (where fact present) | 2020D,estimate,0.3,1
table_da8,Vote choice | New fact (where fact present) | 2020D,std.error,0.4,1
table_da8,Vote choice | New fact (where fact present) | 2020D-2018,estimate,1.2,1
table_da8,Vote choice | New fact (where fact present) | 2020D-2018,std.error,0.8,1
table_da8,Vote choice | New fact (where fact present) | 2020P,estimate,0.0,1
table_da8,Vote choice | New fact (where fact present) | 2020P,std.error,0.1,1
table_da8,Vote choice | New fact (where fact present) | 2020P-2018,estimate,0.9,1
table_da8,Vote choice | New fact (where fact present) | 2020P-2018,std.error,0.8,1
table_da8,Vote choice | New fact (where fact present) | 2020P-2020D,estimate,-0.3,1
table_da8,Vote choice | New fact (where fact present) | 2020P-2020D,std.error,0.4,1
table_da8,Vote choice | New fact (where fact present) | Combined,estimate,0.0,1
table_da8,Vote choice | New fact (where fact present) | Combined,std.error,0.1,1
table_da8,Vote choice | Primary focus: Candidate | 2018,estimate,0.0,1
table_da8,Vote choice | Primary focus: Candidate | 2018,std.error,1.1,1
table_da8,Vote choice | Primary focus: Candidate | 2020D,estimate,0.0,1
table_da8,Vote choice | Primary focus: Candidate | 2020D,std.error,0.4,1
table_da8,Vote choice | Primary focus: Candidate | 2020P,estimate,-0.1,1
table_da8,Vote choice | Primary focus: Candidate | 2020P,std.error,0.2,1
table_da8,Vote choice | Primary focus: Issues | 2018,estimate,1.8,1
table_da8,Vote choice | Primary focus: Issues | 2018,std.error,1.0,1
table_da8,Vote choice | Primary focus: Issues | 2020D,estimate,-0.9,1
table_da8,Vote choice | Primary focus: Issues | 2020D,std.error,0.5,1
table_da8,Vote choice | Primary focus: Issues | 2020P,estimate,0.2,1
table_da8,Vote choice | Primary focus: Issues | 2020P,std.error,0.2,1
table_da8,Vote choice | R2 all predictors | 2018,value,0.08,2
table_da8,Vote choice | R2 all predictors | 2020D,value,0.17,2
table_da8,Vote choice | R2 all predictors | 2020P,value,0.07,2
table_da8,Vote choice | R2 all vs control | 2018,value,0.06,2
table_da8,Vote choice | R2 all vs control | 2020D,value,<0,0
table_da8,Vote choice | R2 all vs control | 2020P,value,<0,0
table_da8,Vote choice | R2 all vs control | 2020P-2020D,p_diff,0.325,3
table_da8,Vote choice | Race: GA Runoff | 2020D,estimate,-0.9,1
table_da8,Vote choice | Race: GA Runoff | 2020D,std.error,0.4,1
table_da8,Vote choice | Race: Gov | 2018,estimate,-0.9,1
table_da8,Vote choice | Race: Gov | 2018,std.error,1.2,1
table_da8,Vote choice | Race: Other | 2020D,estimate,-0.6,1
table_da8,Vote choice | Race: Other | 2020D,std.error,0.6,1
table_da8,Vote choice | Race: StateLeg | 2018,estimate,-0.3,1
table_da8,Vote choice | Race: StateLeg | 2018,std.error,2.2,1
table_da8,Vote choice | Race: StateLeg | 2020D,estimate,-2.0,1
table_da8,Vote choice | Race: StateLeg | 2020D,std.error,0.5,1
table_da8,Vote choice | tau | 2018,value,1.33,2
table_da8,Vote choice | tau | 2020D,value,0.49,2
table_da8,Vote choice | tau | 2020P,value,0.30,2
table_da9,Favorability | Candidate facts | 2018,estimate,2.0,1
table_da9,Favorability | Candidate facts | 2018,std.error,0.8,1
table_da9,Favorability | Candidate facts | 2020D,estimate,1.3,1
table_da9,Favorability | Candidate facts | 2020D,std.error,0.5,1
table_da9,Favorability | Candidate facts | 2020D-2018,estimate,-0.6,1
table_da9,Favorability | Candidate facts | 2020D-2018,std.error,0.9,1
table_da9,Favorability | Candidate facts | 2020P,estimate,-0.1,1
table_da9,Favorability | Candidate facts | 2020P,std.error,0.2,1
table_da9,Favorability | Candidate facts | 2020P-2018,estimate,-2.1,1
table_da9,Favorability | Candidate facts | 2020P-2018,std.error,0.8,1
table_da9,Favorability | Candidate facts | 2020P-2020D,estimate,-1.4,1
table_da9,Favorability | Candidate facts | 2020P-2020D,std.error,0.5,1
table_da9,Favorability | Candidate facts | Combined,estimate,0.2,1
table_da9,Favorability | Candidate facts | Combined,std.error,0.2,1
table_da9,Favorability | Intercept | 2018,estimate,-0.7,1
table_da9,Favorability | Intercept | 2018,std.error,0.7,1
table_da9,Favorability | Intercept | 2020D,estimate,2.3,1
table_da9,Favorability | Intercept | 2020D,std.error,0.7,1
table_da9,Favorability | Intercept | 2020P,estimate,0.8,1
table_da9,Favorability | Intercept | 2020P,std.error,0.2,1
table_da9,Favorability | N treatments | 2018,value,131,0
table_da9,Favorability | N treatments | 2020D,value,131,0
table_da9,Favorability | N treatments | 2020P,value,170,0
table_da9,Favorability | Policy facts | 2018,estimate,-0.3,1
table_da9,Favorability | Policy facts | 2018,std.error,0.7,1
table_da9,Favorability | Policy facts | 2020D,estimate,0.0,1
table_da9,Favorability | Policy facts | 2020D,std.error,0.6,1
table_da9,Favorability | Policy facts | 2020D-2018,estimate,0.3,1
table_da9,Favorability | Policy facts | 2020D-2018,std.error,0.9,1
table_da9,Favorability | Policy facts | 2020P,estimate,0.3,1
table_da9,Favorability | Policy facts | 2020P,std.error,0.2,1
table_da9,Favorability | Policy facts | 2020P-2018,estimate,0.6,1
table_da9,Favorability | Policy facts | 2020P-2018,std.error,0.7,1
table_da9,Favorability | Policy facts | 2020P-2020D,estimate,0.3,1
table_da9,Favorability | Policy facts | 2020P-2020D,std.error,0.6,1
table_da9,Favorability | Policy facts | Combined,estimate,0.2,1
table_da9,Favorability | Policy facts | Combined,std.error,0.2,1
table_da9,Favorability | Primary focus: Candidate | 2018,estimate,1.5,1
table_da9,Favorability | Primary focus: Candidate | 2018,std.error,0.8,1
table_da9,Favorability | Primary focus: Candidate | 2020D,estimate,-0.3,1
table_da9,Favorability | Primary focus: Candidate | 2020D,std.error,0.6,1
table_da9,Favorability | Primary focus: Candidate | 2020P,estimate,0.0,1
table_da9,Favorability | Primary focus: Candidate | 2020P,std.error,0.2,1
table_da9,Favorability | Primary focus: Issues | 2018,estimate,3.1,1
table_da9,Favorability | Primary focus: Issues | 2018,std.error,0.9,1
table_da9,Favorability | Primary focus: Issues | 2020D,estimate,-0.8,1
table_da9,Favorability | Primary focus: Issues | 2020D,std.error,0.8,1
table_da9,Favorability | Primary focus: Issues | 2020P,estimate,0.3,1
table_da9,Favorability | Primary focus: Issues | 2020P,std.error,0.2,1
table_da9,Favorability | R2 all predictors | 2018,value,0.40,2
table_da9,Favorability | R2 all predictors | 2020D,value,0.13,2
table_da9,Favorability | R2 all predictors | 2020P,value,0.21,2
table_da9,Favorability | R2 all vs control | 2018,value,0.05,2
table_da9,Favorability | R2 all vs control | 2020D,value,0.02,2
table_da9,Favorability | R2 all vs control | 2020P,value,<0,0
table_da9,Favorability | R2 all vs control | 2020P-2020D,p_diff,0.007,3
table_da9,Favorability | Race: Gov | 2018,estimate,1.6,1
table_da9,Favorability | Race: Gov | 2018,std.error,0.7,1
table_da9,Favorability | Race: Other | 2020D,estimate,-1.2,1
table_da9,Favorability | Race: Other | 2020D,std.error,0.6,1
table_da9,Favorability | Race: StateLeg | 2018,estimate,0.4,1
table_da9,Favorability | Race: StateLeg | 2018,std.error,1.0,1
table_da9,Favorability | Race: StateLeg | 2020D,estimate,-1.4,1
table_da9,Favorability | Race: StateLeg | 2020D,std.error,0.5,1
table_da9,Favorability | tau | 2018,value,1.29,2
table_da9,Favorability | tau | 2020D,value,0.79,2
table_da9,Favorability | tau | 2020P,value,0.39,2
table_da9,Vote choice | Candidate facts | 2018,estimate,1.4,1
table_da9,Vote choice | Candidate facts | 2018,std.error,0.9,1
table_da9,Vote choice | Candidate facts | 2020D,estimate,1.0,1
table_da9,Vote choice | Candidate facts | 2020D,std.error,0.4,1
table_da9,Vote choice | Candidate facts | 2020D-2018,estimate,-0.4,1
table_da9,Vote choice | Candidate facts | 2020D-2018,std.error,1.0,1
table_da9,Vote choice | Candidate facts | 2020P,estimate,-0.2,1
table_da9,Vote choice | Candidate facts | 2020P,std.error,0.2,1
table_da9,Vote choice | Candidate facts | 2020P-2018,estimate,-1.6,1
table_da9,Vote choice | Candidate facts | 2020P-2018,std.error,1.0,1
table_da9,Vote choice | Candidate facts | 2020P-2020D,estimate,-1.2,1
table_da9,Vote choice | Candidate facts | 2020P-2020D,std.error,0.4,1
table_da9,Vote choice | Candidate facts | Combined,estimate,0.1,1
table_da9,Vote choice | Candidate facts | Combined,std.error,0.2,1
table_da9,Vote choice | Intercept | 2018,estimate,0.4,1
table_da9,Vote choice | Intercept | 2018,std.error,0.9,1
table_da9,Vote choice | Intercept | 2020D,estimate,1.8,1
table_da9,Vote choice | Intercept | 2020D,std.error,0.5,1
table_da9,Vote choice | Intercept | 2020P,estimate,1.0,1
table_da9,Vote choice | Intercept | 2020P,std.error,0.2,1
table_da9,Vote choice | N treatments | 2018,value,101,0
table_da9,Vote choice | N treatments | 2020D,value,181,0
table_da9,Vote choice | N treatments | 2020P,value,292,0
table_da9,Vote choice | Policy facts | 2018,estimate,0.2,1
table_da9,Vote choice | Policy facts | 2018,std.error,0.9,1
table_da9,Vote choice | Policy facts | 2020D,estimate,-0.2,1
table_da9,Vote choice | Policy facts | 2020D,std.error,0.4,1
table_da9,Vote choice | Policy facts | 2020D-2018,estimate,-0.4,1
table_da9,Vote choice | Policy facts | 2020D-2018,std.error,1.0,1
table_da9,Vote choice | Policy facts | 2020P,estimate,0.5,1
table_da9,Vote choice | Policy facts | 2020P,std.error,0.2,1
table_da9,Vote choice | Policy facts | 2020P-2018,estimate,0.3,1
table_da9,Vote choice | Policy facts | 2020P-2018,std.error,0.9,1
table_da9,Vote choice | Policy facts | 2020P-2020D,estimate,0.7,1
table_da9,Vote choice | Policy facts | 2020P-2020D,std.error,0.5,1
table_da9,Vote choice | Policy facts | Combined,estimate,0.3,1
table_da9,Vote choice | Policy facts | Combined,std.error,0.2,1
table_da9,Vote choice | Primary focus: Candidate | 2018,estimate,0.1,1
table_da9,Vote choice | Primary focus: Candidate | 2018,std.error,1.1,1
table_da9,Vote choice | Primary focus: Candidate | 2020D,estimate,-0.4,1
table_da9,Vote choice | Primary focus: Candidate | 2020D,std.error,0.4,1
table_da9,Vote choice | Primary focus: Candidate | 2020P,estimate,-0.1,1
table_da9,Vote choice | Primary focus: Candidate | 2020P,std.error,0.2,1
table_da9,Vote choice | Primary focus: Issues | 2018,estimate,2.3,1
table_da9,Vote choice | Primary focus: Issues | 2018,std.error,1.1,1
table_da9,Vote choice | Primary focus: Issues | 2020D,estimate,-0.1,1
table_da9,Vote choice | Primary focus: Issues | 2020D,std.error,0.6,1
table_da9,Vote choice | Primary focus: Issues | 2020P,estimate,-0.4,1
table_da9,Vote choice | Primary focus: Issues | 2020P,std.error,0.2,1
table_da9,Vote choice | R2 all predictors | 2018,value,0.13,2
table_da9,Vote choice | R2 all predictors | 2020D,value,0.37,2
table_da9,Vote choice | R2 all predictors | 2020P,value,0.08,2
table_da9,Vote choice | R2 all vs control | 2018,value,<0,0
table_da9,Vote choice | R2 all vs control | 2020D,value,0.28,2
table_da9,Vote choice | R2 all vs control | 2020P,value,0.10,2
table_da9,Vote choice | R2 all vs control | 2020P-2020D,p_diff,0.028,3
table_da9,Vote choice | Race: GA Runoff | 2020D,estimate,-0.9,1
table_da9,Vote choice | Race: GA Runoff | 2020D,std.error,0.4,1
table_da9,Vote choice | Race: Gov | 2018,estimate,-0.5,1
table_da9,Vote choice | Race: Gov | 2018,std.error,1.2,1
table_da9,Vote choice | Race: Other | 2020D,estimate,-0.6,1
table_da9,Vote choice | Race: Other | 2020D,std.error,0.5,1
table_da9,Vote choice | Race: StateLeg | 2018,estimate,0.3,1
table_da9,Vote choice | Race: StateLeg | 2018,std.error,2.2,1
table_da9,Vote choice | Race: StateLeg | 2020D,estimate,-2.0,1
table_da9,Vote choice | Race: StateLeg | 2020D,std.error,0.5,1
table_da9,Vote choice | tau | 2018,value,1.32,2
table_da9,Vote choice | tau | 2020D,value,0.37,2
table_da9,Vote choice | tau | 2020P,value,0.33,2
table_oa1,Favorability | Days until election (log scale) | 2018,estimate,1.8,1
table_oa1,Favorability | Days until election (log scale) | 2018,std.error,0.6,1
table_oa1,Favorability | Days until election (log scale) | 2020D,estimate,2.0,1
table_oa1,Favorability | Days until election (log scale) | 2020D,std.error,0.5,1
table_oa1,Favorability | Days until election (log scale) | 2020D-2018,estimate,0.2,1
table_oa1,Favorability | Days until election (log scale) | 2020D-2018,std.error,0.8,1
table_oa1,Favorability | Days until election (log scale) | 2020P,estimate,0.2,1
table_oa1,Favorability | Days until election (log scale) | 2020P,std.error,0.2,1
table_oa1,Favorability | Days until election (log scale) | 2020P-2018,estimate,-1.5,1
table_oa1,Favorability | Days until election (log scale) | 2020P-2018,std.error,0.6,1
table_oa1,Favorability | Days until election (log scale) | 2020P-2020D,estimate,-1.8,1
table_oa1,Favorability | Days until election (log scale) | 2020P-2020D,std.error,0.5,1
table_oa1,Favorability | Days until election (log scale) | Combined,estimate,0.4,1
table_oa1,Favorability | Days until election (log scale) | Combined,std.error,0.1,1
table_oa1,Favorability | Intercept | 2018,estimate,3.0,1
table_oa1,Favorability | Intercept | 2018,std.error,0.4,1
table_oa1,Favorability | Intercept | 2020D,estimate,1.7,1
table_oa1,Favorability | Intercept | 2020D,std.error,0.2,1
table_oa1,Favorability | Intercept | 2020P,estimate,0.9,1
table_oa1,Favorability | Intercept | 2020P,std.error,0.1,1
table_oa1,Favorability | N treatments | 2018,value,131,0
table_oa1,Favorability | N treatments | 2020D,value,131,0
table_oa1,Favorability | N treatments | 2020P,value,170,0
table_oa1,Favorability | R2 all predictors | 2018,value,0.30,2
table_oa1,Favorability | R2 all predictors | 2020D,value,0.16,2
table_oa1,Favorability | R2 all predictors | 2020P,value,0.02,2
table_oa1,Favorability | R2 all vs control | 2018,value,0.04,2
table_oa1,Favorability | R2 all vs control | 2020D,value,0.13,2
table_oa1,Favorability | R2 all vs control | 2020P,value,0.02,2
table_oa1,Favorability | R2 all vs control | 2020P-2020D,p_diff,0.000,3
table_oa1,Favorability | Race: Gov | 2018,estimate,1.7,1
table_oa1,Favorability | Race: Gov | 2018,std.error,0.7,1
table_oa1,Favorability | Race: Other | 2020D,estimate,-2.4,1
table_oa1,Favorability | Race: Other | 2020D,std.error,0.6,1
table_oa1,Favorability | Race: StateLeg | 2018,estimate,0.0,1
table_oa1,Favorability | Race: StateLeg | 2018,std.error,1.0,1
table_oa1,Favorability | Race: StateLeg | 2020D,estimate,-1.0,1
table_oa1,Favorability | Race: StateLeg | 2020D,std.error,0.4,1
table_oa1,Favorability | tau | 2018,value,1.40,2
table_oa1,Favorability | tau | 2020D,value,0.78,2
table_oa1,Favorability | tau | 2020P,value,0.44,2
table_oa1,Vote choice | Days until election (log scale) | 2018,estimate,-0.2,1
table_oa1,Vote choice | Days until election (log scale) | 2018,std.error,0.6,1
table_oa1,Vote choice | Days until election (log scale) | 2020D,estimate,0.1,1
table_oa1,Vote choice | Days until election (log scale) | 2020D,std.error,0.5,1
table_oa1,Vote choice | Days until election (log scale) | 2020D-2018,estimate,0.3,1
table_oa1,Vote choice | Days until election (log scale) | 2020D-2018,std.error,0.8,1
table_oa1,Vote choice | Days until election (log scale) | 2020P,estimate,0.1,1
table_oa1,Vote choice | Days until election (log scale) | 2020P,std.error,0.1,1
table_oa1,Vote choice | Days until election (log scale) | 2020P-2018,estimate,0.3,1
table_oa1,Vote choice | Days until election (log scale) | 2020P-2018,std.error,0.7,1
table_oa1,Vote choice | Days until election (log scale) | 2020P-2020D,estimate,0.0,1
table_oa1,Vote choice | Days until election (log scale) | 2020P-2020D,std.error,0.5,1
table_oa1,Vote choice | Days until election (log scale) | Combined,estimate,0.1,1
table_oa1,Vote choice | Days until election (log scale) | Combined,std.error,0.1,1
table_oa1,Vote choice | Intercept | 2018,estimate,2.2,1
table_oa1,Vote choice | Intercept | 2018,std.error,0.4,1
table_oa1,Vote choice | Intercept | 2020D,estimate,1.7,1
table_oa1,Vote choice | Intercept | 2020D,std.error,0.3,1
table_oa1,Vote choice | Intercept | 2020P,estimate,0.8,1
table_oa1,Vote choice | Intercept | 2020P,std.error,0.1,1
table_oa1,Vote choice | N treatments | 2018,value,101,0
table_oa1,Vote choice | N treatments | 2020D,value,181,0
table_oa1,Vote choice | N treatments | 2020P,value,292,0
table_oa1,Vote choice | R2 all predictors | 2018,value,<0,0
table_oa1,Vote choice | R2 all predictors | 2020D,value,0.18,2
table_oa1,Vote choice | R2 all predictors | 2020P,value,<0,0
table_oa1,Vote choice | R2 all vs control | 2018,value,<0,0
table_oa1,Vote choice | R2 all vs control | 2020D,value,<0,0
table_oa1,Vote choice | R2 all vs control | 2020P,value,<0,0
table_oa1,Vote choice | R2 all vs control | 2020P-2020D,p_diff,0.914,3
table_oa1,Vote choice | Race: GA Runoff | 2020D,estimate,-0.7,1
table_oa1,Vote choice | Race: GA Runoff | 2020D,std.error,0.4,1
table_oa1,Vote choice | Race: Gov | 2018,estimate,-0.4,1
table_oa1,Vote choice | Race: Gov | 2018,std.error,1.2,1
table_oa1,Vote choice | Race: Other | 2020D,estimate,-0.5,1
table_oa1,Vote choice | Race: Other | 2020D,std.error,0.6,1
table_oa1,Vote choice | Race: StateLeg | 2018,estimate,-0.1,1
table_oa1,Vote choice | Race: StateLeg | 2018,std.error,2.2,1
table_oa1,Vote choice | Race: StateLeg | 2020D,estimate,-1.7,1
table_oa1,Vote choice | Race: StateLeg | 2020D,std.error,0.5,1
table_oa1,Vote choice | tau | 2018,value,1.44,2
table_oa1,Vote choice | tau | 2020D,value,0.43,2
table_oa1,Vote choice | tau | 2020P,value,0.35,2
table_oa2,2018,mu,2.64,2
table_oa2,2018,mu_ci_high,3.45,2
table_oa2,2018,mu_ci_low,1.83,2
table_oa2,2018,p_no_moderators,<0.001,3
table_oa2,2018,p_standard,<0.001,3
table_oa2,2018,p_study_fixed_effects,<0.001,3
table_oa2,2018,tau_no_moderators,1.67,2
table_oa2,2018,tau_no_moderators_ci_high,2.36,2
table_oa2,2018,tau_no_moderators_ci_low,1.06,2
table_oa2,2018,tau_standard,1.69,2
table_oa2,2018,tau_standard_ci_high,2.39,2
table_oa2,2018,tau_standard_ci_low,1.07,2
table_oa2,2018,tau_study_fixed_effects,1.50,2
table_oa2,2018,tau_study_fixed_effects_ci_high,2.17,2
table_oa2,2018,tau_study_fixed_effects_ci_low,0.90,2
table_oa2,2020 Downballot,mu,1.51,2
table_oa2,2020 Downballot,mu_ci_high,2.03,2
table_oa2,2020 Downballot,mu_ci_low,0.98,2
table_oa2,2020 Downballot,p_no_moderators,0.069,3
table_oa2,2020 Downballot,p_standard,0.136,3
table_oa2,2020 Downballot,p_study_fixed_effects,0.074,3
table_oa2,2020 Downballot,tau_no_moderators,0.66,2
table_oa2,2020 Downballot,tau_no_moderators_ci_high,1.29,2
table_oa2,2020 Downballot,tau_no_moderators_ci_low,0.00,2
table_oa2,2020 Downballot,tau_standard,0.62,2
table_oa2,2020 Downballot,tau_standard_ci_high,1.26,2
table_oa2,2020 Downballot,tau_standard_ci_low,0.00,2
table_oa2,2020 Downballot,tau_study_fixed_effects,0.68,2
table_oa2,2020 Downballot,tau_study_fixed_effects_ci_high,1.33,2
table_oa2,2020 Downballot,tau_study_fixed_effects_ci_low,0.00,2
table_oa2,2020 Presidential,mu,1.07,2
table_oa2,2020 Presidential,mu_ci_high,1.32,2
table_oa2,2020 Presidential,mu_ci_low,0.81,2
table_oa2,2020 Presidential,p_no_moderators,0.007,3
table_oa2,2020 Presidential,p_standard,0.007,3
table_oa2,2020 Presidential,p_study_fixed_effects,0.028,3
table_oa2,2020 Presidential,tau_no_moderators,0.50,2
table_oa2,2020 Presidential,tau_no_moderators_ci_high,0.77,2
table_oa2,2020 Presidential,tau_no_moderators_ci_low,0.03,2
table_oa2,2020 Presidential,tau_standard,0.50,2
table_oa2,2020 Presidential,tau_standard_ci_high,0.77,2
table_oa2,2020 Presidential,tau_standard_ci_low,0.03,2
table_oa2,2020 Presidential,tau_study_fixed_effects,0.48,2
table_oa2,2020 Presidential,tau_study_fixed_effects_ci_high,0.75,2
table_oa2,2020 Presidential,tau_study_fixed_effects_ci_low,0.00,2
